run,suite_complete,record,comparison,case,kind,entry,job,cycle,block,jobs,phase,role,status,drivers_idle,cold_permits,prepared_permits,setup_us,idle_us,online_us,elapsed_us
022,False,phase,,bounded_burst,prepared,1,,,,,,,,,,,218022,,,
022,False,phase,,bounded_burst,prepared,2,,,,,,,,,,,197646,,,
022,False,phase,,bounded_burst,verified,1,101,,,,,,,,,,218022,248278,115178,
022,False,phase,,bounded_burst,verified,2,102,,,,,,,,,,197646,51079,115897,
022,False,phase,,bounded_burst,prepared,3,,,,,,,,,,,202240,,,
022,False,phase,,bounded_burst,prepared,4,,,,,,,,,,,198682,,,
022,False,phase,,pending_cancel,prepared,2,,,,,,,,,,,191816,,,
022,False,phase,,pending_cancel,verified,2,301,,,,,,,,,,191816,0,69715,
022,False,phase,,expiry_cancel,prepared,1,,,,,,,,,,,190844,,,
022,False,phase,,expiry_cancel,prepared,2,,,,,,,,,,,198439,,,
022,False,phase,,expiry_cancel,prepared,3,,,,,,,,,,,187891,,,
022,False,phase,,expiry_cancel,prepared,4,,,,,,,,,,,197076,,,
022,False,phase,,expiry_cancel,prepared,5,,,,,,,,,,,191888,,,
022,False,phase,,expiry_cancel,verified,5,201,,,,,,,,,,191888,1,66729,
022,False,phase,,parallel_cold,prepared,2,,,,,,,,,,,217258,,,
022,False,phase,,parallel_cold,prepared,1,,,,,,,,,,,226220,,,
022,False,phase,,parallel_cold,verified,2,2,,,,,,,,,,217258,0,110148,
022,False,job,,parallel_cold,,,2,,,,,,,,,,,,,327647
022,False,phase,,parallel_cold,verified,1,1,,,,,,,,,,226220,0,109762,
022,False,job,,parallel_cold,,,1,,,,,,,,,,,,,336199
022,False,block,,parallel_cold,,,,0,,2,,,,,,,,,,336295
022,False,phase,,parallel_prepared,prepared,1,,,,,,,,,,,228726,,,
022,False,phase,,parallel_prepared,prepared,2,,,,,,,,,,,230545,,,
022,False,phase,,parallel_prepared,verified,2,2,,,,,,,,,,230545,52341,112201,
022,False,job,,parallel_prepared,,,2,,,,,,,,,,,,,112341
022,False,phase,,parallel_prepared,verified,1,1,,,,,,,,,,228726,54073,115682,
022,False,job,,parallel_prepared,,,1,,,,,,,,,,,,,115872
022,False,block,,parallel_prepared,,,,0,,2,,,,,,,,,,398739
022,False,phase,,parallel_prepared,prepared,3,,,,,,,,,,,229221,,,
022,False,phase,,parallel_prepared,prepared,4,,,,,,,,,,,229962,,,
022,False,phase,,parallel_prepared,verified,4,4,,,,,,,,,,229962,52435,115272,
022,False,job,,parallel_prepared,,,4,,,,,,,,,,,,,115436
022,False,phase,,parallel_prepared,verified,3,3,,,,,,,,,,229221,54027,116631,
022,False,job,,parallel_prepared,,,3,,,,,,,,,,,,,116788
022,False,block,,parallel_prepared,,,,1,,2,,,,,,,,,,400139
022,False,phase,,parallel_cold,prepared,3,,,,,,,,,,,224962,,,
022,False,phase,,parallel_cold,prepared,4,,,,,,,,,,,225118,,,
022,False,phase,,parallel_cold,verified,4,4,,,,,,,,,,225118,0,114275,
022,False,job,,parallel_cold,,,4,,,,,,,,,,,,,339535
022,False,phase,,parallel_cold,verified,3,3,,,,,,,,,,224962,0,115844,
022,False,job,,parallel_cold,,,3,,,,,,,,,,,,,340975
022,False,block,,parallel_cold,,,,1,,2,,,,,,,,,,341027
022,False,phase,,parallel_cold,prepared,6,,,,,,,,,,,236455,,,
022,False,phase,,parallel_cold,prepared,5,,,,,,,,,,,237185,,,
022,False,phase,,parallel_cold,verified,5,5,,,,,,,,,,237185,0,113238,
022,False,job,,parallel_cold,,,5,,,,,,,,,,,,,350595
022,False,phase,,parallel_cold,verified,6,6,,,,,,,,,,236455,0,115095,
022,False,job,,parallel_cold,,,6,,,,,,,,,,,,,351770
022,False,block,,parallel_cold,,,,2,,2,,,,,,,,,,352129
022,False,phase,,parallel_prepared,prepared,6,,,,,,,,,,,233780,,,
022,False,phase,,parallel_prepared,prepared,5,,,,,,,,,,,234785,,,
022,False,phase,,parallel_prepared,verified,6,6,,,,,,,,,,233780,52171,113282,
022,False,job,,parallel_prepared,,,6,,,,,,,,,,,,,113399
022,False,phase,,parallel_prepared,verified,5,5,,,,,,,,,,234785,51180,114652,
022,False,job,,parallel_prepared,,,5,,,,,,,,,,,,,114795
022,False,block,,parallel_prepared,,,,2,,2,,,,,,,,,,400800
022,False,phase,,parallel_prepared,prepared,8,,,,,,,,,,,226836,,,
022,False,phase,,parallel_prepared,prepared,7,,,,,,,,,,,227181,,,
022,False,phase,,parallel_prepared,verified,8,8,,,,,,,,,,226836,52231,110624,
022,False,job,,parallel_prepared,,,8,,,,,,,,,,,,,110818
022,False,phase,,parallel_prepared,verified,7,7,,,,,,,,,,227181,51774,112192,
022,False,job,,parallel_prepared,,,7,,,,,,,,,,,,,112419
022,False,block,,parallel_prepared,,,,3,,2,,,,,,,,,,391415
022,False,phase,,parallel_cold,prepared,8,,,,,,,,,,,231074,,,
022,False,phase,,parallel_cold,prepared,7,,,,,,,,,,,231789,,,
022,False,phase,,parallel_cold,verified,8,8,,,,,,,,,,231074,0,115574,
022,False,job,,parallel_cold,,,8,,,,,,,,,,,,,346793
022,False,phase,,parallel_cold,verified,7,7,,,,,,,,,,231789,0,116173,
022,False,job,,parallel_cold,,,7,,,,,,,,,,,,,348124
022,False,block,,parallel_cold,,,,3,,2,,,,,,,,,,348141
022,False,phase,,parallel_cold,prepared,10,,,,,,,,,,,230666,,,
022,False,phase,,parallel_cold,prepared,9,,,,,,,,,,,235848,,,
022,False,phase,,parallel_cold,verified,10,10,,,,,,,,,,230666,0,108431,
022,False,job,,parallel_cold,,,10,,,,,,,,,,,,,343464
022,False,phase,,parallel_cold,verified,9,9,,,,,,,,,,235848,0,110925,
022,False,job,,parallel_cold,,,9,,,,,,,,,,,,,347010
022,False,block,,parallel_cold,,,,4,,2,,,,,,,,,,347026
022,False,phase,,parallel_prepared,prepared,9,,,,,,,,,,,216025,,,
022,False,phase,,parallel_prepared,prepared,10,,,,,,,,,,,234613,,,
022,False,phase,,parallel_prepared,verified,10,10,,,,,,,,,,234613,51481,111729,
022,False,job,,parallel_prepared,,,10,,,,,,,,,,,,,111952
022,False,phase,,parallel_prepared,verified,9,9,,,,,,,,,,216025,69955,113340,
022,False,job,,parallel_prepared,,,9,,,,,,,,,,,,,113494
022,False,block,,parallel_prepared,,,,4,,2,,,,,,,,,,399545
022,False,phase,,parallel_prepared,prepared,12,,,,,,,,,,,224330,,,
022,False,phase,,parallel_prepared,prepared,11,,,,,,,,,,,227010,,,
022,False,phase,,parallel_prepared,verified,12,12,,,,,,,,,,224330,54031,113530,
022,False,job,,parallel_prepared,,,12,,,,,,,,,,,,,113647
022,False,phase,,parallel_prepared,verified,11,11,,,,,,,,,,227010,51210,115055,
022,False,job,,parallel_prepared,,,11,,,,,,,,,,,,,115213
022,False,block,,parallel_prepared,,,,5,,2,,,,,,,,,,393496
022,False,phase,,parallel_cold,prepared,12,,,,,,,,,,,234457,,,
022,False,phase,,parallel_cold,prepared,11,,,,,,,,,,,239352,,,
022,False,phase,,parallel_cold,verified,12,12,,,,,,,,,,234457,0,110757,
022,False,job,,parallel_cold,,,12,,,,,,,,,,,,,345396
022,False,phase,,parallel_cold,verified,11,11,,,,,,,,,,239352,0,107339,
022,False,job,,parallel_cold,,,11,,,,,,,,,,,,,346892
022,False,block,,parallel_cold,,,,5,,2,,,,,,,,,,346907
022,False,phase,,parallel_cold,prepared,14,,,,,,,,,,,220125,,,
022,False,phase,,parallel_cold,prepared,13,,,,,,,,,,,225173,,,
022,False,phase,,parallel_cold,verified,14,14,,,,,,,,,,220125,0,110571,
022,False,job,,parallel_cold,,,14,,,,,,,,,,,,,330886
022,False,phase,,parallel_cold,verified,13,13,,,,,,,,,,225173,0,106945,
022,False,job,,parallel_cold,,,13,,,,,,,,,,,,,332336
022,False,block,,parallel_cold,,,,6,,2,,,,,,,,,,332349
022,False,phase,,parallel_prepared,prepared,14,,,,,,,,,,,233662,,,
022,False,phase,,sustained_cold,prepared,2,,,,,,,,,,,231239,,,
022,False,phase,,sustained_cold,prepared,1,,,,,,,,,,,236179,,,
022,False,phase,,sustained_cold,verified,2,2,,,,,,,,,,231239,0,108128,
022,False,job,,sustained_cold,,,2,,,,,,,,,,,,,339560
022,False,phase,,sustained_cold,verified,1,1,,,,,,,,,,236179,0,104784,
022,False,job,,sustained_cold,,,1,,,,,,,,,,,,,341143
022,False,block,,sustained_cold,,,,0,,2,,,,,,,,,,341162
022,False,phase,,sustained_prepared,prepared,1,,,,,,,,,,,193510,,,
022,False,phase,,sustained_prepared,prepared,2,,,,,,,,,,,192814,,,
022,False,phase,,sustained_prepared,verified,1,1,,,,,,,,,,193510,244893,113268,
022,False,job,,sustained_prepared,,,1,,,,,,,,,,,,,113515
022,False,phase,,sustained_prepared,verified,2,2,,,,,,,,,,192814,52418,114110,
022,False,job,,sustained_prepared,,,2,,,,,,,,,,,,,114230
022,False,block,,sustained_prepared,,,,0,,2,,,,,,,,,,553086
022,False,phase,,sustained_prepared,prepared,3,,,,,,,,,,,191182,,,
022,False,phase,,sustained_prepared,prepared,4,,,,,,,,,,,190591,,,
022,False,phase,,sustained_prepared,verified,3,3,,,,,,,,,,191182,243172,113688,
022,False,job,,sustained_prepared,,,3,,,,,,,,,,,,,113931
022,False,phase,,sustained_prepared,verified,4,4,,,,,,,,,,190591,52958,114461,
022,False,job,,sustained_prepared,,,4,,,,,,,,,,,,,114644
022,False,block,,sustained_prepared,,,,1,,2,,,,,,,,,,549465
022,False,phase,,sustained_cold,prepared,3,,,,,,,,,,,220288,,,
022,False,phase,,sustained_cold,prepared,4,,,,,,,,,,,220363,,,
022,False,phase,,sustained_cold,verified,4,4,,,,,,,,,,220363,0,109777,
022,False,job,,sustained_cold,,,4,,,,,,,,,,,,,331421
022,False,phase,,sustained_cold,verified,3,3,,,,,,,,,,220288,0,112705,
022,False,job,,sustained_cold,,,3,,,,,,,,,,,,,333211
022,False,block,,sustained_cold,,,,1,,2,,,,,,,,,,333228
022,False,phase,,sustained_cold,prepared,5,,,,,,,,,,,222248,,,
022,False,phase,,sustained_cold,prepared,6,,,,,,,,,,,226395,,,
022,False,phase,,sustained_cold,verified,5,5,,,,,,,,,,222248,0,119605,
022,False,job,,sustained_cold,,,5,,,,,,,,,,,,,342094
022,False,phase,,sustained_cold,verified,6,6,,,,,,,,,,226395,0,116179,
022,False,job,,sustained_cold,,,6,,,,,,,,,,,,,342807
022,False,block,,sustained_cold,,,,2,,2,,,,,,,,,,343197
022,False,phase,,sustained_prepared,prepared,5,,,,,,,,,,,201639,,,
022,False,phase,,sustained_prepared,prepared,6,,,,,,,,,,,195489,,,
022,False,phase,,sustained_prepared,verified,6,6,,,,,,,,,,195489,52529,116107,
022,False,job,,sustained_prepared,,,6,,,,,,,,,,,,,116263
022,False,phase,,sustained_prepared,verified,5,5,,,,,,,,,,201639,247602,117682,
022,False,job,,sustained_prepared,,,5,,,,,,,,,,,,,117863
022,False,block,,sustained_prepared,,,,2,,2,,,,,,,,,,567176
022,False,phase,,sustained_prepared,prepared,7,,,,,,,,,,,200705,,,
022,False,phase,,sustained_prepared,prepared,8,,,,,,,,,,,201691,,,
022,False,phase,,sustained_prepared,verified,7,7,,,,,,,,,,200705,253172,113998,
022,False,job,,sustained_prepared,,,7,,,,,,,,,,,,,114121
022,False,phase,,sustained_prepared,verified,8,8,,,,,,,,,,201691,51828,114844,
022,False,job,,sustained_prepared,,,8,,,,,,,,,,,,,114998
022,False,block,,sustained_prepared,,,,3,,2,,,,,,,,,,569325
022,False,phase,,sustained_cold,prepared,7,,,,,,,,,,,221973,,,
022,False,phase,,sustained_cold,prepared,8,,,,,,,,,,,231154,,,
022,False,phase,,sustained_cold,verified,7,7,,,,,,,,,,221973,0,115517,
022,False,job,,sustained_cold,,,7,,,,,,,,,,,,,337795
022,False,phase,,sustained_cold,verified,8,8,,,,,,,,,,231154,0,107333,
022,False,job,,sustained_cold,,,8,,,,,,,,,,,,,338870
022,False,block,,sustained_cold,,,,3,,2,,,,,,,,,,339229
022,False,phase,,sustained_cold,prepared,10,,,,,,,,,,,224598,,,
022,False,phase,,sustained_cold,prepared,9,,,,,,,,,,,235342,,,
022,False,phase,,sustained_cold,verified,10,10,,,,,,,,,,224598,0,107050,
022,False,job,,sustained_cold,,,10,,,,,,,,,,,,,332402
022,False,phase,,sustained_cold,verified,9,9,,,,,,,,,,235342,0,104848,
022,False,job,,sustained_cold,,,9,,,,,,,,,,,,,340328
022,False,block,,sustained_cold,,,,4,,2,,,,,,,,,,340342
022,False,phase,,sustained_prepared,prepared,9,,,,,,,,,,,190514,,,
022,False,phase,,sustained_prepared,prepared,10,,,,,,,,,,,194176,,,
022,False,phase,,sustained_prepared,verified,9,9,,,,,,,,,,190514,245607,112761,
022,False,job,,sustained_prepared,,,9,,,,,,,,,,,,,112987
022,False,phase,,sustained_prepared,verified,10,10,,,,,,,,,,194176,51807,113488,
022,False,job,,sustained_prepared,,,10,,,,,,,,,,,,,113689
022,False,block,,sustained_prepared,,,,4,,2,,,,,,,,,,550267
022,False,phase,,sustained_prepared,prepared,11,,,,,,,,,,,192901,,,
022,False,phase,,sustained_prepared,prepared,12,,,,,,,,,,,194292,,,
022,False,phase,,sustained_prepared,verified,11,11,,,,,,,,,,192901,246375,114053,
022,False,job,,sustained_prepared,,,11,,,,,,,,,,,,,114292
022,False,phase,,sustained_prepared,verified,12,12,,,,,,,,,,194292,52457,115052,
022,False,job,,sustained_prepared,,,12,,,,,,,,,,,,,115245
022,False,block,,sustained_prepared,,,,5,,2,,,,,,,,,,554994
022,False,phase,,sustained_cold,prepared,11,,,,,,,,,,,230737,,,
022,False,phase,,sustained_cold,prepared,12,,,,,,,,,,,231807,,,
022,False,phase,,sustained_cold,verified,11,11,,,,,,,,,,230737,0,113061,
022,False,job,,sustained_cold,,,11,,,,,,,,,,,,,344085
022,False,phase,,sustained_cold,verified,12,12,,,,,,,,,,231807,0,112780,
022,False,job,,sustained_cold,,,12,,,,,,,,,,,,,344791
022,False,block,,sustained_cold,,,,5,,2,,,,,,,,,,345225
022,False,phase,,sustained_cold,prepared,14,,,,,,,,,,,217868,,,
022,False,phase,,sustained_cold,prepared,13,,,,,,,,,,,238128,,,
022,False,phase,,sustained_cold,verified,14,14,,,,,,,,,,217868,0,117208,
022,False,job,,sustained_cold,,,14,,,,,,,,,,,,,335276
022,False,phase,,sustained_cold,verified,13,13,,,,,,,,,,238128,0,98402,
022,False,job,,sustained_cold,,,13,,,,,,,,,,,,,336791
022,False,block,,sustained_cold,,,,6,,2,,,,,,,,,,336811
022,False,phase,,sustained_prepared,prepared,13,,,,,,,,,,,191050,,,
022,False,phase,,sustained_prepared,prepared,14,,,,,,,,,,,196389,,,
022,False,phase,,sustained_prepared,verified,14,14,,,,,,,,,,196389,52420,114645,
022,False,job,,sustained_prepared,,,14,,,,,,,,,,,,,114782
022,False,phase,,sustained_prepared,verified,13,13,,,,,,,,,,191050,248434,115939,
022,False,job,,sustained_prepared,,,13,,,,,,,,,,,,,116117
022,False,block,,sustained_prepared,,,,6,,2,,,,,,,,,,555653
022,False,phase,,sustained_prepared,prepared,15,,,,,,,,,,,195782,,,
022,False,phase,,sustained_prepared,prepared,16,,,,,,,,,,,197739,,,
022,False,phase,,sustained_prepared,verified,16,16,,,,,,,,,,197739,51680,113192,
022,False,job,,sustained_prepared,,,16,,,,,,,,,,,,,113318
022,False,phase,,sustained_prepared,verified,15,15,,,,,,,,,,195782,249065,114486,
022,False,job,,sustained_prepared,,,15,,,,,,,,,,,,,114617
022,False,block,,sustained_prepared,,,,7,,2,,,,,,,,,,559520
022,False,phase,,sustained_cold,prepared,15,,,,,,,,,,,234487,,,
022,False,phase,,sustained_cold,prepared,16,,,,,,,,,,,238462,,,
022,False,phase,,sustained_cold,verified,15,15,,,,,,,,,,234487,0,108502,
022,False,job,,sustained_cold,,,15,,,,,,,,,,,,,343254
022,False,phase,,sustained_cold,verified,16,16,,,,,,,,,,238462,0,105506,
022,False,job,,sustained_cold,,,16,,,,,,,,,,,,,344162
022,False,block,,sustained_cold,,,,7,,2,,,,,,,,,,344666
022,False,phase,,sustained_cold,prepared,17,,,,,,,,,,,230877,,,
022,False,phase,,sustained_cold,prepared,18,,,,,,,,,,,230864,,,
022,False,phase,,sustained_cold,verified,17,17,,,,,,,,,,230877,0,111274,
022,False,job,,sustained_cold,,,17,,,,,,,,,,,,,342454
022,False,phase,,sustained_cold,verified,18,18,,,,,,,,,,230864,0,112163,
022,False,job,,sustained_cold,,,18,,,,,,,,,,,,,343243
022,False,block,,sustained_cold,,,,8,,2,,,,,,,,,,343666
022,False,phase,,sustained_prepared,prepared,17,,,,,,,,,,,194169,,,
022,False,phase,,sustained_prepared,prepared,18,,,,,,,,,,,195871,,,
022,False,phase,,sustained_prepared,verified,17,17,,,,,,,,,,194169,247941,113507,
022,False,job,,sustained_prepared,,,17,,,,,,,,,,,,,113764
022,False,phase,,sustained_prepared,verified,18,18,,,,,,,,,,195871,52489,114257,
022,False,job,,sustained_prepared,,,18,,,,,,,,,,,,,114800
022,False,block,,sustained_prepared,,,,8,,2,,,,,,,,,,557400
022,False,phase,,sustained_prepared,prepared,19,,,,,,,,,,,196658,,,
022,False,phase,,sustained_prepared,prepared,20,,,,,,,,,,,204336,,,
022,False,phase,,sustained_prepared,verified,20,20,,,,,,,,,,204336,52417,112531,
022,False,job,,sustained_prepared,,,20,,,,,,,,,,,,,112659
022,False,phase,,sustained_prepared,verified,19,19,,,,,,,,,,196658,256432,113964,
022,False,job,,sustained_prepared,,,19,,,,,,,,,,,,,114149
022,False,block,,sustained_prepared,,,,9,,2,,,,,,,,,,567287
022,False,phase,,sustained_cold,prepared,19,,,,,,,,,,,232422,,,
022,False,phase,,sustained_cold,prepared,20,,,,,,,,,,,236704,,,
022,False,phase,,sustained_cold,verified,19,19,,,,,,,,,,232422,0,113129,
022,False,job,,sustained_cold,,,19,,,,,,,,,,,,,345820
022,False,phase,,sustained_cold,verified,20,20,,,,,,,,,,236704,0,109829,
022,False,job,,sustained_cold,,,20,,,,,,,,,,,,,346711
022,False,block,,sustained_cold,,,,9,,2,,,,,,,,,,347057
022,False,phase,,sustained_cold,prepared,21,,,,,,,,,,,230617,,,
022,False,phase,,sustained_cold,prepared,22,,,,,,,,,,,240333,,,
022,False,phase,,sustained_cold,verified,21,21,,,,,,,,,,230617,0,117169,
022,False,job,,sustained_cold,,,21,,,,,,,,,,,,,348083
022,False,phase,,sustained_cold,verified,22,22,,,,,,,,,,240333,0,108538,
022,False,job,,sustained_cold,,,22,,,,,,,,,,,,,349059
022,False,block,,sustained_cold,,,,10,,2,,,,,,,,,,349421
022,False,phase,,sustained_prepared,prepared,21,,,,,,,,,,,194898,,,
022,False,phase,,sustained_prepared,prepared,22,,,,,,,,,,,196408,,,
022,False,phase,,sustained_prepared,verified,22,22,,,,,,,,,,196408,52433,111953,
022,False,job,,sustained_prepared,,,22,,,,,,,,,,,,,112078
022,False,phase,,sustained_prepared,verified,21,21,,,,,,,,,,194898,248482,113427,
022,False,job,,sustained_prepared,,,21,,,,,,,,,,,,,113516
022,False,block,,sustained_prepared,,,,10,,2,,,,,,,,,,556952
022,False,phase,,sustained_prepared,prepared,23,,,,,,,,,,,204365,,,
022,False,phase,,sustained_prepared,prepared,24,,,,,,,,,,,193836,,,
022,False,phase,,sustained_prepared,verified,24,24,,,,,,,,,,193836,52668,115920,
022,False,job,,sustained_prepared,,,24,,,,,,,,,,,,,116045
022,False,phase,,sustained_prepared,verified,23,23,,,,,,,,,,204365,246047,117563,
022,False,job,,sustained_prepared,,,23,,,,,,,,,,,,,117745
022,False,block,,sustained_prepared,,,,11,,2,,,,,,,,,,568221
022,False,phase,,sustained_cold,prepared,23,,,,,,,,,,,224667,,,
022,False,phase,,sustained_cold,prepared,24,,,,,,,,,,,229030,,,
022,False,phase,,sustained_cold,verified,23,23,,,,,,,,,,224667,0,111632,
022,False,job,,sustained_cold,,,23,,,,,,,,,,,,,336594
022,False,phase,,sustained_cold,verified,24,24,,,,,,,,,,229030,0,108117,
022,False,job,,sustained_cold,,,24,,,,,,,,,,,,,337420
022,False,block,,sustained_cold,,,,11,,2,,,,,,,,,,337766
022,False,phase,,sustained_cold,prepared,25,,,,,,,,,,,227260,,,
022,False,phase,,sustained_cold,prepared,26,,,,,,,,,,,231150,,,
022,False,phase,,sustained_cold,verified,25,25,,,,,,,,,,227260,0,110384,
022,False,job,,sustained_cold,,,25,,,,,,,,,,,,,337819
022,False,phase,,sustained_cold,verified,26,26,,,,,,,,,,231150,0,107102,
022,False,job,,sustained_cold,,,26,,,,,,,,,,,,,338476
022,False,block,,sustained_cold,,,,12,,2,,,,,,,,,,338908
022,False,phase,,sustained_prepared,prepared,25,,,,,,,,,,,196972,,,
022,False,phase,,sustained_prepared,prepared,26,,,,,,,,,,,193905,,,
022,False,phase,,sustained_prepared,verified,25,25,,,,,,,,,,196972,245118,111311,
022,False,job,,sustained_prepared,,,25,,,,,,,,,,,,,111440
022,False,phase,,sustained_prepared,verified,26,26,,,,,,,,,,193905,51566,111879,
022,False,job,,sustained_prepared,,,26,,,,,,,,,,,,,112055
022,False,block,,sustained_prepared,,,,12,,2,,,,,,,,,,554582
022,False,phase,,sustained_prepared,prepared,27,,,,,,,,,,,189540,,,
022,False,phase,,sustained_prepared,prepared,28,,,,,,,,,,,195536,,,
022,False,phase,,sustained_prepared,verified,28,28,,,,,,,,,,195536,52314,113194,
022,False,job,,sustained_prepared,,,28,,,,,,,,,,,,,113335
022,False,phase,,sustained_prepared,verified,27,27,,,,,,,,,,189540,247502,114716,
022,False,job,,sustained_prepared,,,27,,,,,,,,,,,,,114874
022,False,block,,sustained_prepared,,,,13,,2,,,,,,,,,,551978
022,False,phase,,sustained_cold,prepared,27,,,,,,,,,,,227501,,,
022,False,phase,,sustained_cold,prepared,28,,,,,,,,,,,239445,,,
022,False,phase,,sustained_cold,verified,28,28,,,,,,,,,,239445,0,109621,
022,False,job,,sustained_cold,,,28,,,,,,,,,,,,,349314
022,False,phase,,sustained_cold,verified,27,27,,,,,,,,,,227501,0,123016,
022,False,job,,sustained_cold,,,27,,,,,,,,,,,,,350736
022,False,block,,sustained_cold,,,,13,,2,,,,,,,,,,350755
022,False,phase,,sustained_cold,prepared,30,,,,,,,,,,,235397,,,
022,False,phase,,sustained_cold,prepared,29,,,,,,,,,,,236119,,,
022,False,phase,,sustained_cold,verified,29,29,,,,,,,,,,236119,0,114187,
022,False,job,,sustained_cold,,,29,,,,,,,,,,,,,350441
022,False,phase,,sustained_cold,verified,30,30,,,,,,,,,,235397,0,115677,
022,False,job,,sustained_cold,,,30,,,,,,,,,,,,,351281
022,False,block,,sustained_cold,,,,14,,2,,,,,,,,,,351611
022,False,phase,,sustained_prepared,prepared,29,,,,,,,,,,,202110,,,
022,False,phase,,sustained_prepared,prepared,30,,,,,,,,,,,193458,,,
022,False,phase,,sustained_prepared,verified,29,29,,,,,,,,,,202110,245540,111325,
022,False,job,,sustained_prepared,,,29,,,,,,,,,,,,,111599
022,False,phase,,sustained_prepared,verified,30,30,,,,,,,,,,193458,52417,112247,
022,False,job,,sustained_prepared,,,30,,,,,,,,,,,,,112385
022,False,block,,sustained_prepared,,,,14,,2,,,,,,,,,,560486
022,False,campaign,serial,,,,,,,60,,,,,,,,,,13519589
023,False,phase,,bounded_burst,prepared,1,,,,,,,,,,,207871,,,
023,False,phase,,bounded_burst,prepared,2,,,,,,,,,,,192678,,,
023,False,phase,,bounded_burst,verified,1,101,,,,,,,,,,207871,244271,113576,
023,False,phase,,bounded_burst,verified,2,102,,,,,,,,,,192678,51863,114437,
023,False,phase,,bounded_burst,prepared,3,,,,,,,,,,,190002,,,
023,False,phase,,bounded_burst,prepared,4,,,,,,,,,,,189046,,,
023,False,phase,,pending_cancel,prepared,2,,,,,,,,,,,185607,,,
023,False,phase,,pending_cancel,verified,2,301,,,,,,,,,,185607,0,67715,
023,False,phase,,expiry_cancel,prepared,1,,,,,,,,,,,196656,,,
023,False,phase,,expiry_cancel,prepared,2,,,,,,,,,,,200105,,,
023,False,phase,,expiry_cancel,prepared,3,,,,,,,,,,,197100,,,
023,False,phase,,expiry_cancel,prepared,4,,,,,,,,,,,188528,,,
023,False,phase,,expiry_cancel,prepared,5,,,,,,,,,,,189046,,,
023,False,phase,,expiry_cancel,verified,5,201,,,,,,,,,,189046,0,65130,
023,False,progress,,parallel_cold,,1,,,,,prover_commit_started,,,,,,,,,448
023,False,progress,,parallel_cold,,1,,,,,verifier_commit_started,,,,,,,,,465
023,False,progress,,parallel_cold,,1,,,,,verifier_commit_received,,,,,,,,,473
023,False,progress,,parallel_cold,,2,,,,,prover_commit_started,,,,,,,,,345
023,False,progress,,parallel_cold,,2,,,,,verifier_commit_started,,,,,,,,,362
023,False,progress,,parallel_cold,,2,,,,,verifier_commit_received,,,,,,,,,374
023,False,progress,,parallel_cold,,2,,,,,verifier_accept_returned,,,,,,,,,203406
023,False,progress,,parallel_cold,,2,,,,,prover_commit_returned,,,,,,,,,207798
023,False,phase,,parallel_cold,prepared,2,,,,,,,,,,,207834,,,
023,False,progress,,parallel_cold,,1,,,,,verifier_accept_returned,,,,,,,,,218818
023,False,progress,,parallel_cold,,1,,,,,prover_commit_returned,,,,,,,,,221455
023,False,phase,,parallel_cold,prepared,1,,,,,,,,,,,221490,,,
023,False,phase,,parallel_cold,verified,2,2,,,,,,,,,,207834,4,112286,
023,False,job,,parallel_cold,,,2,,,,,,,,,,,,,320280
023,False,phase,,parallel_cold,verified,1,1,,,,,,,,,,221490,0,106880,
023,False,job,,parallel_cold,,,1,,,,,,,,,,,,,328523
023,False,block,,parallel_cold,,,,0,,2,,,,,,,,,,328619
023,False,progress,,parallel_prepared,,1,,,,,prover_commit_started,,,,,,,,,300
023,False,progress,,parallel_prepared,,1,,,,,verifier_commit_started,,,,,,,,,315
023,False,progress,,parallel_prepared,,1,,,,,verifier_commit_received,,,,,,,,,321
023,False,progress,,parallel_prepared,,2,,,,,prover_commit_started,,,,,,,,,307
023,False,progress,,parallel_prepared,,2,,,,,verifier_commit_started,,,,,,,,,316
023,False,progress,,parallel_prepared,,2,,,,,verifier_commit_received,,,,,,,,,322
023,False,progress,,parallel_prepared,,1,,,,,verifier_accept_returned,,,,,,,,,217553
023,False,progress,,parallel_prepared,,2,,,,,verifier_accept_returned,,,,,,,,,217181
023,False,progress,,parallel_prepared,,1,,,,,prover_commit_returned,,,,,,,,,218478
023,False,phase,,parallel_prepared,prepared,1,,,,,,,,,,,218511,,,
023,False,progress,,parallel_prepared,,2,,,,,prover_commit_returned,,,,,,,,,217853
023,False,phase,,parallel_prepared,prepared,2,,,,,,,,,,,217864,,,
023,False,phase,,parallel_prepared,verified,1,1,,,,,,,,,,218511,53438,109385,
023,False,job,,parallel_prepared,,,1,,,,,,,,,,,,,109647
023,False,phase,,parallel_prepared,verified,2,2,,,,,,,,,,217864,53603,110086,
023,False,job,,parallel_prepared,,,2,,,,,,,,,,,,,110262
023,False,block,,parallel_prepared,,,,0,,2,,,,,,,,,,382926
023,False,progress,,parallel_prepared,,3,,,,,prover_commit_started,,,,,,,,,311
023,False,progress,,parallel_prepared,,3,,,,,verifier_commit_started,,,,,,,,,326
023,False,progress,,parallel_prepared,,3,,,,,verifier_commit_received,,,,,,,,,332
023,False,progress,,parallel_prepared,,4,,,,,prover_commit_started,,,,,,,,,296
023,False,progress,,parallel_prepared,,4,,,,,verifier_commit_started,,,,,,,,,307
023,False,progress,,parallel_prepared,,4,,,,,verifier_commit_received,,,,,,,,,311
023,False,progress,,parallel_prepared,,4,,,,,verifier_accept_returned,,,,,,,,,220591
023,False,progress,,parallel_prepared,,4,,,,,prover_commit_returned,,,,,,,,,222974
023,False,phase,,parallel_prepared,prepared,4,,,,,,,,,,,222996,,,
023,False,progress,,parallel_prepared,,3,,,,,verifier_accept_returned,,,,,,,,,229284
023,False,progress,,parallel_prepared,,3,,,,,prover_commit_returned,,,,,,,,,230081
023,False,phase,,parallel_prepared,prepared,3,,,,,,,,,,,230100,,,
023,False,phase,,parallel_prepared,verified,4,4,,,,,,,,,,222996,59389,112183,
023,False,job,,parallel_prepared,,,4,,,,,,,,,,,,,112344
023,False,phase,,parallel_prepared,verified,3,3,,,,,,,,,,230100,53035,113670,
023,False,job,,parallel_prepared,,,3,,,,,,,,,,,,,113849
023,False,block,,parallel_prepared,,,,1,,2,,,,,,,,,,397020
023,False,progress,,parallel_cold,,3,,,,,prover_commit_started,,,,,,,,,307
023,False,progress,,parallel_cold,,3,,,,,verifier_commit_started,,,,,,,,,318
023,False,progress,,parallel_cold,,3,,,,,verifier_commit_received,,,,,,,,,325
023,False,progress,,parallel_cold,,4,,,,,prover_commit_started,,,,,,,,,292
023,False,progress,,parallel_cold,,4,,,,,verifier_commit_started,,,,,,,,,309
023,False,progress,,parallel_cold,,4,,,,,verifier_commit_received,,,,,,,,,317
023,False,progress,,parallel_cold,,4,,,,,verifier_accept_returned,,,,,,,,,206768
023,False,progress,,parallel_cold,,4,,,,,prover_commit_returned,,,,,,,,,207116
023,False,phase,,parallel_cold,prepared,4,,,,,,,,,,,207134,,,
023,False,progress,,parallel_cold,,3,,,,,verifier_accept_returned,,,,,,,,,230105
023,False,progress,,parallel_cold,,3,,,,,prover_commit_returned,,,,,,,,,232957
023,False,phase,,parallel_cold,prepared,3,,,,,,,,,,,232978,,,
023,False,phase,,parallel_cold,verified,4,4,,,,,,,,,,207134,0,107369,
023,False,job,,parallel_cold,,,4,,,,,,,,,,,,,314693
023,False,phase,,parallel_cold,verified,3,3,,,,,,,,,,232978,0,92459,
023,False,job,,parallel_cold,,,3,,,,,,,,,,,,,325623
023,False,block,,parallel_cold,,,,1,,2,,,,,,,,,,325642
023,False,progress,,parallel_cold,,5,,,,,prover_commit_started,,,,,,,,,400
023,False,progress,,parallel_cold,,5,,,,,verifier_commit_started,,,,,,,,,439
023,False,progress,,parallel_cold,,6,,,,,prover_commit_started,,,,,,,,,305
023,False,progress,,parallel_cold,,6,,,,,verifier_commit_started,,,,,,,,,316
023,False,progress,,parallel_cold,,6,,,,,verifier_commit_received,,,,,,,,,326
023,False,progress,,parallel_cold,,5,,,,,verifier_commit_received,,,,,,,,,3376
023,False,progress,,parallel_cold,,6,,,,,verifier_accept_returned,,,,,,,,,221838
023,False,progress,,parallel_cold,,6,,,,,prover_commit_returned,,,,,,,,,222472
023,False,phase,,parallel_cold,prepared,6,,,,,,,,,,,222484,,,
023,False,progress,,parallel_cold,,5,,,,,verifier_accept_returned,,,,,,,,,223338
023,False,progress,,parallel_cold,,5,,,,,prover_commit_returned,,,,,,,,,223840
023,False,phase,,parallel_cold,prepared,5,,,,,,,,,,,223869,,,
023,False,phase,,parallel_cold,verified,6,6,,,,,,,,,,222484,0,107344,
023,False,job,,parallel_cold,,,6,,,,,,,,,,,,,329981
023,False,phase,,parallel_cold,verified,5,5,,,,,,,,,,223869,0,107402,
023,False,job,,parallel_cold,,,5,,,,,,,,,,,,,331421
023,False,block,,parallel_cold,,,,2,,2,,,,,,,,,,331432
023,False,progress,,parallel_prepared,,5,,,,,prover_commit_started,,,,,,,,,354
023,False,progress,,parallel_prepared,,5,,,,,verifier_commit_started,,,,,,,,,364
023,False,progress,,parallel_prepared,,6,,,,,prover_commit_started,,,,,,,,,356
023,False,progress,,parallel_prepared,,6,,,,,verifier_commit_started,,,,,,,,,377
023,False,progress,,parallel_prepared,,5,,,,,verifier_commit_received,,,,,,,,,756
023,False,progress,,parallel_prepared,,6,,,,,verifier_commit_received,,,,,,,,,3006
023,False,progress,,parallel_prepared,,5,,,,,verifier_accept_returned,,,,,,,,,207172
023,False,progress,,parallel_prepared,,5,,,,,prover_commit_returned,,,,,,,,,211452
023,False,phase,,parallel_prepared,prepared,5,,,,,,,,,,,211479,,,
023,False,progress,,parallel_prepared,,6,,,,,verifier_accept_returned,,,,,,,,,216470
023,False,progress,,parallel_prepared,,6,,,,,prover_commit_returned,,,,,,,,,217316
023,False,phase,,parallel_prepared,prepared,6,,,,,,,,,,,217324,,,
023,False,phase,,parallel_prepared,verified,5,5,,,,,,,,,,211479,57817,111348,
023,False,job,,parallel_prepared,,,5,,,,,,,,,,,,,111561
023,False,phase,,parallel_prepared,verified,6,6,,,,,,,,,,217324,52045,112181,
023,False,job,,parallel_prepared,,,6,,,,,,,,,,,,,112315
023,False,block,,parallel_prepared,,,,2,,2,,,,,,,,,,382073
023,False,progress,,parallel_prepared,,7,,,,,prover_commit_started,,,,,,,,,334
023,False,progress,,parallel_prepared,,7,,,,,verifier_commit_started,,,,,,,,,348
023,False,progress,,parallel_prepared,,8,,,,,prover_commit_started,,,,,,,,,315
023,False,progress,,parallel_prepared,,8,,,,,verifier_commit_started,,,,,,,,,322
023,False,progress,,parallel_prepared,,7,,,,,verifier_commit_received,,,,,,,,,684
023,False,progress,,parallel_prepared,,8,,,,,verifier_commit_received,,,,,,,,,2815
023,False,progress,,parallel_prepared,,7,,,,,verifier_accept_returned,,,,,,,,,230406
023,False,progress,,parallel_prepared,,8,,,,,verifier_accept_returned,,,,,,,,,230691
023,False,progress,,parallel_prepared,,7,,,,,prover_commit_returned,,,,,,,,,231309
023,False,phase,,parallel_prepared,prepared,7,,,,,,,,,,,231321,,,
023,False,progress,,parallel_prepared,,8,,,,,prover_commit_returned,,,,,,,,,231104
023,False,phase,,parallel_prepared,prepared,8,,,,,,,,,,,231114,,,
023,False,phase,,parallel_prepared,verified,8,8,,,,,,,,,,231114,53409,109150,
023,False,job,,parallel_prepared,,,8,,,,,,,,,,,,,109275
023,False,phase,,parallel_prepared,verified,7,7,,,,,,,,,,231321,53188,110671,
023,False,job,,parallel_prepared,,,7,,,,,,,,,,,,,110830
023,False,block,,parallel_prepared,,,,3,,2,,,,,,,,,,395359
023,False,progress,,parallel_cold,,7,,,,,prover_commit_started,,,,,,,,,333
023,False,progress,,parallel_cold,,7,,,,,verifier_commit_started,,,,,,,,,347
023,False,progress,,parallel_cold,,7,,,,,verifier_commit_received,,,,,,,,,353
023,False,progress,,parallel_cold,,8,,,,,prover_commit_started,,,,,,,,,259
023,False,progress,,parallel_cold,,8,,,,,verifier_commit_started,,,,,,,,,268
023,False,progress,,parallel_cold,,8,,,,,verifier_commit_received,,,,,,,,,272
023,False,progress,,parallel_cold,,7,,,,,verifier_accept_returned,,,,,,,,,219165
023,False,progress,,parallel_cold,,7,,,,,prover_commit_returned,,,,,,,,,221772
023,False,phase,,parallel_cold,prepared,7,,,,,,,,,,,221786,,,
023,False,progress,,parallel_cold,,8,,,,,verifier_accept_returned,,,,,,,,,222018
023,False,progress,,parallel_cold,,8,,,,,prover_commit_returned,,,,,,,,,224769
023,False,phase,,parallel_cold,prepared,8,,,,,,,,,,,224789,,,
023,False,phase,,parallel_cold,verified,7,7,,,,,,,,,,221786,0,107313,
023,False,job,,parallel_cold,,,7,,,,,,,,,,,,,329264
023,False,phase,,parallel_cold,verified,8,8,,,,,,,,,,224789,0,104059,
023,False,job,,parallel_cold,,,8,,,,,,,,,,,,,328994
023,False,block,,parallel_cold,,,,3,,2,,,,,,,,,,330233
023,False,progress,,parallel_cold,,9,,,,,prover_commit_started,,,,,,,,,380
023,False,progress,,parallel_cold,,9,,,,,verifier_commit_started,,,,,,,,,404
023,False,progress,,parallel_cold,,10,,,,,prover_commit_started,,,,,,,,,340
023,False,progress,,parallel_cold,,10,,,,,verifier_commit_started,,,,,,,,,347
023,False,progress,,parallel_cold,,10,,,,,verifier_commit_received,,,,,,,,,356
023,False,progress,,parallel_cold,,9,,,,,verifier_commit_received,,,,,,,,,3326
023,False,progress,,parallel_cold,,10,,,,,verifier_accept_returned,,,,,,,,,213393
023,False,progress,,parallel_cold,,9,,,,,verifier_accept_returned,,,,,,,,,213868
023,False,progress,,parallel_cold,,9,,,,,prover_commit_returned,,,,,,,,,214631
023,False,phase,,parallel_cold,prepared,9,,,,,,,,,,,214641,,,
023,False,progress,,parallel_cold,,10,,,,,prover_commit_returned,,,,,,,,,214597
023,False,phase,,parallel_cold,prepared,10,,,,,,,,,,,214603,,,
023,False,phase,,parallel_cold,verified,9,9,,,,,,,,,,214641,0,108297,
023,False,job,,parallel_cold,,,9,,,,,,,,,,,,,323068
023,False,phase,,parallel_cold,verified,10,10,,,,,,,,,,214603,0,109061,
023,False,job,,parallel_cold,,,10,,,,,,,,,,,,,323787
023,False,block,,parallel_cold,,,,4,,2,,,,,,,,,,324213
023,False,progress,,parallel_prepared,,9,,,,,prover_commit_started,,,,,,,,,430
023,False,progress,,parallel_prepared,,9,,,,,verifier_commit_started,,,,,,,,,458
023,False,progress,,parallel_prepared,,10,,,,,prover_commit_started,,,,,,,,,311
023,False,progress,,parallel_prepared,,10,,,,,verifier_commit_started,,,,,,,,,319
023,False,progress,,parallel_prepared,,9,,,,,verifier_commit_received,,,,,,,,,790
023,False,progress,,parallel_prepared,,10,,,,,verifier_commit_received,,,,,,,,,2681
023,False,progress,,parallel_prepared,,10,,,,,verifier_accept_returned,,,,,,,,,222465
023,False,progress,,parallel_prepared,,9,,,,,verifier_accept_returned,,,,,,,,,223359
023,False,progress,,parallel_prepared,,9,,,,,prover_commit_returned,,,,,,,,,223898
023,False,phase,,parallel_prepared,prepared,9,,,,,,,,,,,223903,,,
023,False,progress,,parallel_prepared,,10,,,,,prover_commit_returned,,,,,,,,,223499
023,False,phase,,parallel_prepared,prepared,10,,,,,,,,,,,223512,,,
023,False,phase,,parallel_prepared,verified,9,9,,,,,,,,,,223903,53112,108929,
023,False,job,,parallel_prepared,,,9,,,,,,,,,,,,,109090
023,False,phase,,parallel_prepared,verified,10,10,,,,,,,,,,223512,53402,109603,
023,False,job,,parallel_prepared,,,10,,,,,,,,,,,,,109732
023,False,block,,parallel_prepared,,,,4,,2,,,,,,,,,,387136
023,False,progress,,parallel_prepared,,11,,,,,prover_commit_started,,,,,,,,,373
023,False,progress,,parallel_prepared,,11,,,,,verifier_commit_started,,,,,,,,,383
023,False,progress,,parallel_prepared,,11,,,,,verifier_commit_received,,,,,,,,,390
023,False,progress,,parallel_prepared,,12,,,,,prover_commit_started,,,,,,,,,305
023,False,progress,,parallel_prepared,,12,,,,,verifier_commit_started,,,,,,,,,320
023,False,progress,,parallel_prepared,,12,,,,,verifier_commit_received,,,,,,,,,324
023,False,progress,,parallel_prepared,,12,,,,,verifier_accept_returned,,,,,,,,,221235
023,False,progress,,parallel_prepared,,12,,,,,prover_commit_returned,,,,,,,,,221837
023,False,phase,,parallel_prepared,prepared,12,,,,,,,,,,,221857,,,
023,False,progress,,parallel_prepared,,11,,,,,verifier_accept_returned,,,,,,,,,223810
023,False,progress,,parallel_prepared,,11,,,,,prover_commit_returned,,,,,,,,,225216
023,False,phase,,parallel_prepared,prepared,11,,,,,,,,,,,225232,,,
023,False,phase,,parallel_prepared,verified,11,11,,,,,,,,,,225232,53041,111105,
023,False,job,,parallel_prepared,,,11,,,,,,,,,,,,,111366
023,False,phase,,parallel_prepared,verified,12,12,,,,,,,,,,221857,55472,112071,
023,False,job,,parallel_prepared,,,12,,,,,,,,,,,,,112265
023,False,block,,parallel_prepared,,,,5,,2,,,,,,,,,,390930
023,False,progress,,parallel_cold,,11,,,,,prover_commit_started,,,,,,,,,306
023,False,progress,,parallel_cold,,11,,,,,verifier_commit_started,,,,,,,,,315
023,False,progress,,parallel_cold,,12,,,,,prover_commit_started,,,,,,,,,291
023,False,progress,,parallel_cold,,12,,,,,verifier_commit_started,,,,,,,,,298
023,False,progress,,parallel_cold,,12,,,,,verifier_commit_received,,,,,,,,,303
023,False,progress,,parallel_cold,,11,,,,,verifier_commit_received,,,,,,,,,3170
023,False,progress,,parallel_cold,,11,,,,,verifier_accept_returned,,,,,,,,,216835
023,False,progress,,parallel_cold,,12,,,,,verifier_accept_returned,,,,,,,,,216879
023,False,progress,,parallel_cold,,12,,,,,prover_commit_returned,,,,,,,,,217313
023,False,phase,,parallel_cold,prepared,12,,,,,,,,,,,217324,,,
023,False,progress,,parallel_cold,,11,,,,,prover_commit_returned,,,,,,,,,217994
023,False,phase,,parallel_cold,prepared,11,,,,,,,,,,,217999,,,
023,False,phase,,parallel_cold,verified,11,11,,,,,,,,,,217999,0,109972,
023,False,job,,parallel_cold,,,11,,,,,,,,,,,,,328099
023,False,phase,,parallel_cold,verified,12,12,,,,,,,,,,217324,0,111372,
023,False,job,,parallel_cold,,,12,,,,,,,,,,,,,328880
023,False,block,,parallel_cold,,,,5,,2,,,,,,,,,,329216
023,False,progress,,parallel_cold,,13,,,,,prover_commit_started,,,,,,,,,292
023,False,progress,,parallel_cold,,13,,,,,verifier_commit_started,,,,,,,,,301
023,False,progress,,parallel_cold,,14,,,,,prover_commit_started,,,,,,,,,279
023,False,progress,,parallel_cold,,14,,,,,verifier_commit_started,,,,,,,,,286
023,False,progress,,parallel_cold,,14,,,,,verifier_commit_received,,,,,,,,,293
023,False,progress,,parallel_cold,,13,,,,,verifier_commit_received,,,,,,,,,3211
023,False,progress,,parallel_cold,,13,,,,,verifier_accept_returned,,,,,,,,,228290
023,False,progress,,parallel_cold,,13,,,,,prover_commit_returned,,,,,,,,,228878
023,False,phase,,parallel_cold,prepared,13,,,,,,,,,,,228887,,,
023,False,progress,,parallel_cold,,14,,,,,verifier_accept_returned,,,,,,,,,230224
023,False,progress,,parallel_cold,,14,,,,,prover_commit_returned,,,,,,,,,233005
023,False,phase,,parallel_cold,prepared,14,,,,,,,,,,,233029,,,
023,False,phase,,parallel_cold,verified,13,13,,,,,,,,,,228887,0,123564,
023,False,job,,parallel_cold,,,13,,,,,,,,,,,,,352573
023,False,phase,,parallel_cold,verified,14,14,,,,,,,,,,233029,0,120340,
023,False,job,,parallel_cold,,,14,,,,,,,,,,,,,353525
023,False,block,,parallel_cold,,,,6,,2,,,,,,,,,,353855
023,False,progress,,parallel_prepared,,13,,,,,prover_commit_started,,,,,,,,,339
023,False,progress,,parallel_prepared,,13,,,,,verifier_commit_started,,,,,,,,,353
023,False,progress,,parallel_prepared,,13,,,,,verifier_commit_received,,,,,,,,,360
023,False,progress,,parallel_prepared,,14,,,,,prover_commit_started,,,,,,,,,295
023,False,progress,,parallel_prepared,,14,,,,,verifier_commit_started,,,,,,,,,302
023,False,progress,,parallel_prepared,,14,,,,,verifier_commit_received,,,,,,,,,1868
023,False,progress,,parallel_prepared,,13,,,,,verifier_accept_returned,,,,,,,,,212486
023,False,progress,,parallel_prepared,,13,,,,,prover_commit_returned,,,,,,,,,213402
023,False,phase,,parallel_prepared,prepared,13,,,,,,,,,,,213421,,,
023,False,progress,,parallel_prepared,,14,,,,,verifier_accept_returned,,,,,,,,,224387
023,False,progress,,parallel_prepared,,14,,,,,prover_commit_returned,,,,,,,,,225511
023,False,phase,,parallel_prepared,prepared,14,,,,,,,,,,,225527,,,
023,False,phase,,parallel_prepared,verified,13,13,,,,,,,,,,213421,65767,112560,
023,False,job,,parallel_prepared,,,13,,,,,,,,,,,,,113797
023,False,phase,,parallel_prepared,verified,14,14,,,,,,,,,,225527,52906,114758,
023,False,job,,parallel_prepared,,,14,,,,,,,,,,,,,114913
023,False,block,,parallel_prepared,,,,6,,2,,,,,,,,,,394483
023,False,progress,,parallel_prepared,,15,,,,,prover_commit_started,,,,,,,,,314
023,False,progress,,parallel_prepared,,15,,,,,verifier_commit_started,,,,,,,,,328
023,False,progress,,parallel_prepared,,15,,,,,verifier_commit_received,,,,,,,,,335
023,False,progress,,parallel_prepared,,16,,,,,prover_commit_started,,,,,,,,,302
023,False,progress,,parallel_prepared,,16,,,,,verifier_commit_started,,,,,,,,,312
023,False,progress,,parallel_prepared,,16,,,,,verifier_commit_received,,,,,,,,,2007
023,False,progress,,parallel_prepared,,16,,,,,verifier_accept_returned,,,,,,,,,235369
023,False,progress,,parallel_prepared,,16,,,,,prover_commit_returned,,,,,,,,,237429
023,False,phase,,parallel_prepared,prepared,16,,,,,,,,,,,237458,,,
023,False,progress,,parallel_prepared,,15,,,,,verifier_accept_returned,,,,,,,,,244943
023,False,progress,,parallel_prepared,,15,,,,,prover_commit_returned,,,,,,,,,246091
023,False,phase,,parallel_prepared,prepared,15,,,,,,,,,,,246110,,,
023,False,phase,,parallel_prepared,verified,15,15,,,,,,,,,,246110,51203,113145,
023,False,job,,parallel_prepared,,,15,,,,,,,,,,,,,113423
023,False,phase,,parallel_prepared,verified,16,16,,,,,,,,,,237458,59055,114117,
023,False,job,,parallel_prepared,,,16,,,,,,,,,,,,,114304
023,False,block,,parallel_prepared,,,,7,,2,,,,,,,,,,412010
023,False,progress,,parallel_cold,,15,,,,,prover_commit_started,,,,,,,,,332
023,False,progress,,parallel_cold,,15,,,,,verifier_commit_started,,,,,,,,,343
023,False,progress,,parallel_cold,,15,,,,,verifier_commit_received,,,,,,,,,350
023,False,progress,,parallel_cold,,16,,,,,prover_commit_started,,,,,,,,,335
023,False,progress,,parallel_cold,,16,,,,,verifier_commit_started,,,,,,,,,343
023,False,progress,,parallel_cold,,16,,,,,verifier_commit_received,,,,,,,,,348
023,False,progress,,parallel_cold,,15,,,,,verifier_accept_returned,,,,,,,,,224296
023,False,progress,,parallel_cold,,16,,,,,verifier_accept_returned,,,,,,,,,223623
023,False,progress,,parallel_cold,,16,,,,,prover_commit_returned,,,,,,,,,224023
023,False,phase,,parallel_cold,prepared,16,,,,,,,,,,,224043,,,
023,False,progress,,parallel_cold,,15,,,,,prover_commit_returned,,,,,,,,,225543
023,False,phase,,parallel_cold,prepared,15,,,,,,,,,,,225549,,,
023,False,phase,,parallel_cold,verified,16,16,,,,,,,,,,224043,0,116299,
023,False,job,,parallel_cold,,,16,,,,,,,,,,,,,340477
023,False,phase,,parallel_cold,verified,15,15,,,,,,,,,,225549,0,117219,
023,False,job,,parallel_cold,,,15,,,,,,,,,,,,,342913
023,False,block,,parallel_cold,,,,7,,2,,,,,,,,,,342926
023,False,progress,,parallel_cold,,17,,,,,prover_commit_started,,,,,,,,,317
023,False,progress,,parallel_cold,,17,,,,,verifier_commit_started,,,,,,,,,330
023,False,progress,,parallel_cold,,18,,,,,prover_commit_started,,,,,,,,,251
023,False,progress,,parallel_cold,,18,,,,,verifier_commit_started,,,,,,,,,257
023,False,progress,,parallel_cold,,18,,,,,verifier_commit_received,,,,,,,,,262
023,False,progress,,parallel_cold,,17,,,,,verifier_commit_received,,,,,,,,,3144
023,False,progress,,parallel_cold,,17,,,,,verifier_accept_returned,,,,,,,,,220642
023,False,progress,,parallel_cold,,17,,,,,prover_commit_returned,,,,,,,,,221992
023,False,phase,,parallel_cold,prepared,17,,,,,,,,,,,222012,,,
023,False,progress,,parallel_cold,,18,,,,,verifier_accept_returned,,,,,,,,,231466
023,False,progress,,parallel_cold,,18,,,,,prover_commit_returned,,,,,,,,,234374
023,False,phase,,parallel_cold,prepared,18,,,,,,,,,,,234395,,,
023,False,phase,,parallel_cold,verified,17,17,,,,,,,,,,222012,0,109816,
023,False,job,,parallel_cold,,,17,,,,,,,,,,,,,331972
023,False,phase,,parallel_cold,verified,18,18,,,,,,,,,,234395,0,104926,
023,False,job,,parallel_cold,,,18,,,,,,,,,,,,,339487
023,False,block,,parallel_cold,,,,8,,2,,,,,,,,,,339847
023,False,progress,,parallel_prepared,,17,,,,,prover_commit_started,,,,,,,,,295
023,False,progress,,parallel_prepared,,17,,,,,verifier_commit_started,,,,,,,,,306
023,False,progress,,parallel_prepared,,18,,,,,prover_commit_started,,,,,,,,,294
023,False,progress,,parallel_prepared,,18,,,,,verifier_commit_started,,,,,,,,,301
023,False,progress,,parallel_prepared,,17,,,,,verifier_commit_received,,,,,,,,,618
023,False,progress,,parallel_prepared,,18,,,,,verifier_commit_received,,,,,,,,,2624
023,False,progress,,parallel_prepared,,18,,,,,verifier_accept_returned,,,,,,,,,216851
023,False,progress,,parallel_prepared,,18,,,,,prover_commit_returned,,,,,,,,,219214
023,False,phase,,parallel_prepared,prepared,18,,,,,,,,,,,219240,,,
023,False,progress,,parallel_prepared,,17,,,,,verifier_accept_returned,,,,,,,,,220671
023,False,progress,,parallel_prepared,,17,,,,,prover_commit_returned,,,,,,,,,221678
023,False,phase,,parallel_prepared,prepared,17,,,,,,,,,,,221711,,,
023,False,phase,,parallel_prepared,verified,18,18,,,,,,,,,,219240,54895,110538,
023,False,job,,parallel_prepared,,,18,,,,,,,,,,,,,110657
023,False,phase,,parallel_prepared,verified,17,17,,,,,,,,,,221711,52365,111826,
023,False,job,,parallel_prepared,,,17,,,,,,,,,,,,,111989
023,False,block,,parallel_prepared,,,,8,,2,,,,,,,,,,386086
023,False,progress,,parallel_prepared,,19,,,,,prover_commit_started,,,,,,,,,357
023,False,progress,,parallel_prepared,,19,,,,,verifier_commit_started,,,,,,,,,368
023,False,progress,,parallel_prepared,,20,,,,,prover_commit_started,,,,,,,,,344
023,False,progress,,parallel_prepared,,20,,,,,verifier_commit_started,,,,,,,,,364
023,False,progress,,parallel_prepared,,19,,,,,verifier_commit_received,,,,,,,,,748
023,False,progress,,parallel_prepared,,20,,,,,verifier_commit_received,,,,,,,,,2710
023,False,progress,,parallel_prepared,,20,,,,,verifier_accept_returned,,,,,,,,,216845
023,False,progress,,parallel_prepared,,20,,,,,prover_commit_returned,,,,,,,,,217438
023,False,phase,,parallel_prepared,prepared,20,,,,,,,,,,,217453,,,
023,False,progress,,parallel_prepared,,19,,,,,verifier_accept_returned,,,,,,,,,218232
023,False,progress,,parallel_prepared,,19,,,,,prover_commit_returned,,,,,,,,,219115
023,False,phase,,parallel_prepared,prepared,19,,,,,,,,,,,219124,,,
023,False,phase,,parallel_prepared,verified,19,19,,,,,,,,,,219124,53730,109672,
023,False,job,,parallel_prepared,,,19,,,,,,,,,,,,,109955
023,False,phase,,parallel_prepared,verified,20,20,,,,,,,,,,217453,55391,110772,
023,False,job,,parallel_prepared,,,20,,,,,,,,,,,,,110882
023,False,block,,parallel_prepared,,,,9,,2,,,,,,,,,,384120
023,False,progress,,parallel_cold,,19,,,,,prover_commit_started,,,,,,,,,339
023,False,progress,,parallel_cold,,19,,,,,verifier_commit_started,,,,,,,,,350
023,False,progress,,parallel_cold,,20,,,,,prover_commit_started,,,,,,,,,292
023,False,progress,,parallel_cold,,20,,,,,verifier_commit_started,,,,,,,,,301
023,False,progress,,parallel_cold,,20,,,,,verifier_commit_received,,,,,,,,,325
023,False,progress,,parallel_cold,,19,,,,,verifier_commit_received,,,,,,,,,3270
023,False,progress,,parallel_cold,,20,,,,,verifier_accept_returned,,,,,,,,,219826
023,False,progress,,parallel_cold,,20,,,,,prover_commit_returned,,,,,,,,,221573
023,False,phase,,parallel_cold,prepared,20,,,,,,,,,,,221592,,,
023,False,progress,,parallel_cold,,19,,,,,verifier_accept_returned,,,,,,,,,222955
023,False,progress,,parallel_cold,,19,,,,,prover_commit_returned,,,,,,,,,226298
023,False,phase,,parallel_cold,prepared,19,,,,,,,,,,,226312,,,
023,False,phase,,parallel_cold,verified,20,20,,,,,,,,,,221592,0,108730,
023,False,job,,parallel_cold,,,20,,,,,,,,,,,,,330566
023,False,phase,,parallel_cold,verified,19,19,,,,,,,,,,226312,0,105603,
023,False,job,,parallel_cold,,,19,,,,,,,,,,,,,332102
023,False,block,,parallel_cold,,,,9,,2,,,,,,,,,,332118
023,False,progress,,parallel_cold,,21,,,,,prover_commit_started,,,,,,,,,374
023,False,progress,,parallel_cold,,21,,,,,verifier_commit_started,,,,,,,,,389
023,False,progress,,parallel_cold,,22,,,,,prover_commit_started,,,,,,,,,305
023,False,progress,,parallel_cold,,22,,,,,verifier_commit_started,,,,,,,,,312
023,False,progress,,parallel_cold,,21,,,,,verifier_commit_received,,,,,,,,,713
023,False,progress,,parallel_cold,,22,,,,,verifier_commit_received,,,,,,,,,2914
023,False,progress,,parallel_cold,,21,,,,,verifier_accept_returned,,,,,,,,,222513
023,False,progress,,parallel_cold,,22,,,,,verifier_accept_returned,,,,,,,,,222732
023,False,progress,,parallel_cold,,21,,,,,prover_commit_returned,,,,,,,,,223403
023,False,phase,,parallel_cold,prepared,21,,,,,,,,,,,223414,,,
023,False,progress,,parallel_cold,,22,,,,,prover_commit_returned,,,,,,,,,223397
023,False,phase,,parallel_cold,prepared,22,,,,,,,,,,,223403,,,
023,False,phase,,parallel_cold,verified,21,21,,,,,,,,,,223414,0,108005,
023,False,job,,parallel_cold,,,21,,,,,,,,,,,,,331584
023,False,phase,,parallel_cold,verified,22,22,,,,,,,,,,223403,0,108611,
023,False,job,,parallel_cold,,,22,,,,,,,,,,,,,332170
023,False,block,,parallel_cold,,,,10,,2,,,,,,,,,,332581
023,False,progress,,parallel_prepared,,21,,,,,prover_commit_started,,,,,,,,,407
023,False,progress,,parallel_prepared,,21,,,,,verifier_commit_started,,,,,,,,,422
023,False,progress,,parallel_prepared,,22,,,,,prover_commit_started,,,,,,,,,369
023,False,progress,,parallel_prepared,,22,,,,,verifier_commit_started,,,,,,,,,380
023,False,progress,,parallel_prepared,,21,,,,,verifier_commit_received,,,,,,,,,815
023,False,progress,,parallel_prepared,,22,,,,,verifier_commit_received,,,,,,,,,2981
023,False,progress,,parallel_prepared,,21,,,,,verifier_accept_returned,,,,,,,,,218043
023,False,progress,,parallel_prepared,,21,,,,,prover_commit_returned,,,,,,,,,218927
023,False,phase,,parallel_prepared,prepared,21,,,,,,,,,,,218954,,,
023,False,progress,,parallel_prepared,,22,,,,,verifier_accept_returned,,,,,,,,,219979
023,False,progress,,parallel_prepared,,22,,,,,prover_commit_returned,,,,,,,,,220896
023,False,phase,,parallel_prepared,prepared,22,,,,,,,,,,,220908,,,
023,False,phase,,parallel_prepared,verified,22,22,,,,,,,,,,220908,53414,111132,
023,False,job,,parallel_prepared,,,22,,,,,,,,,,,,,111241
023,False,phase,,parallel_prepared,verified,21,21,,,,,,,,,,218954,55430,112404,
023,False,job,,parallel_prepared,,,21,,,,,,,,,,,,,112529
023,False,block,,parallel_prepared,,,,10,,2,,,,,,,,,,386933
023,False,progress,,parallel_prepared,,23,,,,,prover_commit_started,,,,,,,,,347
023,False,progress,,parallel_prepared,,23,,,,,verifier_commit_started,,,,,,,,,361
023,False,progress,,parallel_prepared,,23,,,,,verifier_commit_received,,,,,,,,,384
023,False,progress,,parallel_prepared,,24,,,,,prover_commit_started,,,,,,,,,317
023,False,progress,,parallel_prepared,,24,,,,,verifier_commit_started,,,,,,,,,324
023,False,progress,,parallel_prepared,,24,,,,,verifier_commit_received,,,,,,,,,2014
023,False,progress,,parallel_prepared,,23,,,,,verifier_accept_returned,,,,,,,,,225612
023,False,progress,,parallel_prepared,,23,,,,,prover_commit_returned,,,,,,,,,226047
023,False,phase,,parallel_prepared,prepared,23,,,,,,,,,,,226070,,,
023,False,progress,,parallel_prepared,,24,,,,,verifier_accept_returned,,,,,,,,,227280
023,False,progress,,parallel_prepared,,24,,,,,prover_commit_returned,,,,,,,,,228170
023,False,phase,,parallel_prepared,prepared,24,,,,,,,,,,,228184,,,
023,False,phase,,parallel_prepared,verified,23,23,,,,,,,,,,226070,55676,112174,
023,False,job,,parallel_prepared,,,23,,,,,,,,,,,,,112438
023,False,phase,,parallel_prepared,verified,24,24,,,,,,,,,,228184,52698,112956,
023,False,job,,parallel_prepared,,,24,,,,,,,,,,,,,113157
023,False,block,,parallel_prepared,,,,11,,2,,,,,,,,,,395319
023,False,progress,,parallel_cold,,23,,,,,prover_commit_started,,,,,,,,,353
023,False,progress,,parallel_cold,,23,,,,,verifier_commit_started,,,,,,,,,367
023,False,progress,,parallel_cold,,23,,,,,verifier_commit_received,,,,,,,,,372
023,False,progress,,parallel_cold,,24,,,,,prover_commit_started,,,,,,,,,308
023,False,progress,,parallel_cold,,24,,,,,verifier_commit_started,,,,,,,,,318
023,False,progress,,parallel_cold,,24,,,,,verifier_commit_received,,,,,,,,,2069
023,False,progress,,parallel_cold,,23,,,,,verifier_accept_returned,,,,,,,,,209649
023,False,progress,,parallel_cold,,23,,,,,prover_commit_returned,,,,,,,,,210294
023,False,phase,,parallel_cold,prepared,23,,,,,,,,,,,210316,,,
023,False,progress,,parallel_cold,,24,,,,,prover_commit_returned,,,,,,,,,228715
023,False,progress,,parallel_cold,,24,,,,,verifier_accept_returned,,,,,,,,,228755
023,False,phase,,parallel_cold,prepared,24,,,,,,,,,,,228760,,,
023,False,phase,,parallel_cold,verified,23,23,,,,,,,,,,210316,0,97046,
023,False,job,,parallel_cold,,,23,,,,,,,,,,,,,307518
023,False,phase,,parallel_cold,verified,24,24,,,,,,,,,,228760,0,96329,
023,False,job,,parallel_cold,,,24,,,,,,,,,,,,,325308
023,False,block,,parallel_cold,,,,11,,2,,,,,,,,,,326520
023,False,progress,,parallel_cold,,25,,,,,prover_commit_started,,,,,,,,,315
023,False,progress,,parallel_cold,,25,,,,,verifier_commit_started,,,,,,,,,329
023,False,progress,,parallel_cold,,25,,,,,verifier_commit_received,,,,,,,,,340
023,False,progress,,parallel_cold,,26,,,,,prover_commit_started,,,,,,,,,348
023,False,progress,,parallel_cold,,26,,,,,verifier_commit_started,,,,,,,,,367
023,False,progress,,parallel_cold,,26,,,,,verifier_commit_received,,,,,,,,,374
023,False,progress,,parallel_cold,,26,,,,,verifier_accept_returned,,,,,,,,,210198
023,False,progress,,parallel_cold,,26,,,,,prover_commit_returned,,,,,,,,,211623
023,False,phase,,parallel_cold,prepared,26,,,,,,,,,,,211658,,,
023,False,progress,,parallel_cold,,25,,,,,verifier_accept_returned,,,,,,,,,214096
023,False,progress,,parallel_cold,,25,,,,,prover_commit_returned,,,,,,,,,217395
023,False,phase,,parallel_cold,prepared,25,,,,,,,,,,,217407,,,
023,False,phase,,parallel_cold,verified,26,26,,,,,,,,,,211658,0,108829,
023,False,job,,parallel_cold,,,26,,,,,,,,,,,,,320662
023,False,phase,,parallel_cold,verified,25,25,,,,,,,,,,217407,0,105331,
023,False,job,,parallel_cold,,,25,,,,,,,,,,,,,322881
023,False,block,,parallel_cold,,,,12,,2,,,,,,,,,,322897
023,False,progress,,parallel_prepared,,25,,,,,prover_commit_started,,,,,,,,,379
023,False,progress,,parallel_prepared,,25,,,,,verifier_commit_started,,,,,,,,,412
023,False,progress,,parallel_prepared,,26,,,,,prover_commit_started,,,,,,,,,368
023,False,progress,,parallel_prepared,,26,,,,,verifier_commit_started,,,,,,,,,379
023,False,progress,,parallel_prepared,,25,,,,,verifier_commit_received,,,,,,,,,804
023,False,progress,,parallel_prepared,,26,,,,,verifier_commit_received,,,,,,,,,2973
023,False,progress,,parallel_prepared,,25,,,,,verifier_accept_returned,,,,,,,,,218489
023,False,progress,,parallel_prepared,,25,,,,,prover_commit_returned,,,,,,,,,219030
023,False,phase,,parallel_prepared,prepared,25,,,,,,,,,,,219052,,,
023,False,progress,,parallel_prepared,,26,,,,,verifier_accept_returned,,,,,,,,,219439
023,False,progress,,parallel_prepared,,26,,,,,prover_commit_returned,,,,,,,,,220525
023,False,phase,,parallel_prepared,prepared,26,,,,,,,,,,,220535,,,
023,False,phase,,parallel_prepared,verified,25,25,,,,,,,,,,219052,53949,110329,
023,False,job,,parallel_prepared,,,25,,,,,,,,,,,,,110602
023,False,phase,,parallel_prepared,verified,26,26,,,,,,,,,,220535,52418,111152,
023,False,job,,parallel_prepared,,,26,,,,,,,,,,,,,111341
023,False,block,,parallel_prepared,,,,12,,2,,,,,,,,,,384730
023,False,progress,,parallel_prepared,,27,,,,,prover_commit_started,,,,,,,,,351
023,False,progress,,parallel_prepared,,27,,,,,verifier_commit_started,,,,,,,,,373
023,False,progress,,parallel_prepared,,28,,,,,prover_commit_started,,,,,,,,,300
023,False,progress,,parallel_prepared,,28,,,,,verifier_commit_started,,,,,,,,,307
023,False,progress,,parallel_prepared,,28,,,,,verifier_commit_received,,,,,,,,,318
023,False,progress,,parallel_prepared,,27,,,,,verifier_commit_received,,,,,,,,,1606
023,False,progress,,parallel_prepared,,28,,,,,verifier_accept_returned,,,,,,,,,210304
023,False,progress,,parallel_prepared,,28,,,,,prover_commit_returned,,,,,,,,,210964
023,False,phase,,parallel_prepared,prepared,28,,,,,,,,,,,210971,,,
023,False,progress,,parallel_prepared,,27,,,,,verifier_accept_returned,,,,,,,,,217357
023,False,progress,,parallel_prepared,,27,,,,,prover_commit_returned,,,,,,,,,218307
023,False,phase,,parallel_prepared,prepared,27,,,,,,,,,,,218322,,,
023,False,phase,,parallel_prepared,verified,27,27,,,,,,,,,,218322,51548,111474,
023,False,job,,parallel_prepared,,,27,,,,,,,,,,,,,111707
023,False,phase,,parallel_prepared,verified,28,28,,,,,,,,,,210971,58884,112354,
023,False,job,,parallel_prepared,,,28,,,,,,,,,,,,,112502
023,False,block,,parallel_prepared,,,,13,,2,,,,,,,,,,382759
023,False,progress,,parallel_cold,,27,,,,,prover_commit_started,,,,,,,,,330
023,False,progress,,parallel_cold,,27,,,,,verifier_commit_started,,,,,,,,,347
023,False,progress,,parallel_cold,,28,,,,,prover_commit_started,,,,,,,,,286
023,False,progress,,parallel_cold,,28,,,,,verifier_commit_started,,,,,,,,,292
023,False,progress,,parallel_cold,,28,,,,,verifier_commit_received,,,,,,,,,298
023,False,progress,,parallel_cold,,27,,,,,verifier_commit_received,,,,,,,,,3237
023,False,progress,,parallel_cold,,28,,,,,verifier_accept_returned,,,,,,,,,215192
023,False,progress,,parallel_cold,,28,,,,,prover_commit_returned,,,,,,,,,216023
023,False,phase,,parallel_cold,prepared,28,,,,,,,,,,,216029,,,
023,False,progress,,parallel_cold,,27,,,,,verifier_accept_returned,,,,,,,,,217471
023,False,progress,,parallel_cold,,27,,,,,prover_commit_returned,,,,,,,,,221083
023,False,phase,,parallel_cold,prepared,27,,,,,,,,,,,221120,,,
023,False,phase,,parallel_cold,verified,28,28,,,,,,,,,,216029,0,109024,
023,False,job,,parallel_cold,,,28,,,,,,,,,,,,,325198
023,False,phase,,parallel_cold,verified,27,27,,,,,,,,,,221120,0,105336,
023,False,job,,parallel_cold,,,27,,,,,,,,,,,,,326634
023,False,block,,parallel_cold,,,,13,,2,,,,,,,,,,326665
023,False,progress,,parallel_cold,,29,,,,,prover_commit_started,,,,,,,,,355
023,False,progress,,parallel_cold,,29,,,,,verifier_commit_started,,,,,,,,,368
023,False,progress,,parallel_cold,,30,,,,,prover_commit_started,,,,,,,,,277
023,False,progress,,parallel_cold,,30,,,,,verifier_commit_started,,,,,,,,,282
023,False,progress,,parallel_cold,,29,,,,,verifier_commit_received,,,,,,,,,662
023,False,progress,,parallel_cold,,30,,,,,verifier_commit_received,,,,,,,,,2624
023,False,progress,,parallel_cold,,30,,,,,verifier_accept_returned,,,,,,,,,217631
023,False,progress,,parallel_cold,,29,,,,,verifier_accept_returned,,,,,,,,,218390
023,False,progress,,parallel_cold,,30,,,,,prover_commit_returned,,,,,,,,,218619
023,False,phase,,parallel_cold,prepared,30,,,,,,,,,,,218625,,,
023,False,progress,,parallel_cold,,29,,,,,prover_commit_returned,,,,,,,,,219345
023,False,phase,,parallel_cold,prepared,29,,,,,,,,,,,219348,,,
023,False,phase,,parallel_cold,verified,30,30,,,,,,,,,,218625,0,112484,
023,False,job,,parallel_cold,,,30,,,,,,,,,,,,,331264
023,False,phase,,parallel_cold,verified,29,29,,,,,,,,,,219348,0,113353,
023,False,job,,parallel_cold,,,29,,,,,,,,,,,,,332884
023,False,block,,parallel_cold,,,,14,,2,,,,,,,,,,332902
023,False,progress,,parallel_prepared,,29,,,,,prover_commit_started,,,,,,,,,288
023,False,progress,,parallel_prepared,,29,,,,,verifier_commit_started,,,,,,,,,300
023,False,progress,,parallel_prepared,,29,,,,,verifier_commit_received,,,,,,,,,307
023,False,progress,,parallel_prepared,,30,,,,,prover_commit_started,,,,,,,,,250
023,False,progress,,parallel_prepared,,30,,,,,verifier_commit_started,,,,,,,,,257
023,False,progress,,parallel_prepared,,30,,,,,verifier_commit_received,,,,,,,,,1943
023,False,progress,,parallel_prepared,,29,,,,,verifier_accept_returned,,,,,,,,,220290
023,False,progress,,parallel_prepared,,30,,,,,verifier_accept_returned,,,,,,,,,219354
023,False,progress,,parallel_prepared,,30,,,,,prover_commit_returned,,,,,,,,,219913
023,False,phase,,parallel_prepared,prepared,30,,,,,,,,,,,219926,,,
023,False,progress,,parallel_prepared,,29,,,,,prover_commit_returned,,,,,,,,,221118
023,False,phase,,parallel_prepared,prepared,29,,,,,,,,,,,221125,,,
023,False,phase,,parallel_prepared,verified,29,29,,,,,,,,,,221125,53044,111697,
023,False,job,,parallel_prepared,,,29,,,,,,,,,,,,,111821
023,False,phase,,parallel_prepared,verified,30,30,,,,,,,,,,219926,53478,112329,
023,False,job,,parallel_prepared,,,30,,,,,,,,,,,,,112513
023,False,block,,parallel_prepared,,,,14,,2,,,,,,,,,,387072
023,False,campaign,parallel,,,,,,,60,,,,,,,,,,10828759
023,False,phase,,sustained_cold,prepared,1,,,,,,,,,,,216923,,,
023,False,phase,,sustained_cold,prepared,2,,,,,,,,,,,217663,,,
023,False,phase,,sustained_cold,verified,1,1,,,,,,,,,,216923,6,107679,
023,False,job,,sustained_cold,,,1,,,,,,,,,,,,,324759
023,False,phase,,sustained_cold,verified,2,2,,,,,,,,,,217663,0,107691,
023,False,job,,sustained_cold,,,2,,,,,,,,,,,,,325516
023,False,block,,sustained_cold,,,,0,,2,,,,,,,,,,325833
023,False,phase,,sustained_prepared,prepared,1,,,,,,,,,,,187505,,,
023,False,phase,,sustained_prepared,prepared,2,,,,,,,,,,,185430,,,
023,False,phase,,sustained_prepared,verified,1,1,,,,,,,,,,187505,238021,119889,
023,False,job,,sustained_prepared,,,1,,,,,,,,,,,,,120151
023,False,phase,,sustained_prepared,verified,2,2,,,,,,,,,,185430,52918,120721,
023,False,job,,sustained_prepared,,,2,,,,,,,,,,,,,120948
023,False,block,,sustained_prepared,,,,0,,2,,,,,,,,,,546895
023,False,phase,,sustained_prepared,prepared,3,,,,,,,,,,,186118,,,
023,False,phase,,sustained_prepared,prepared,4,,,,,,,,,,,185143,,,
023,False,phase,,sustained_prepared,verified,3,3,,,,,,,,,,186118,238210,110844,
023,False,job,,sustained_prepared,,,3,,,,,,,,,,,,,112145
023,False,phase,,sustained_prepared,verified,4,4,,,,,,,,,,185143,53379,113072,
023,False,job,,sustained_prepared,,,4,,,,,,,,,,,,,113259
023,False,block,,sustained_prepared,,,,1,,2,,,,,,,,,,537980
023,False,phase,,sustained_cold,prepared,3,,,,,,,,,,,221036,,,
023,False,phase,,sustained_cold,prepared,4,,,,,,,,,,,221156,,,
023,False,phase,,sustained_cold,verified,3,3,,,,,,,,,,221036,0,110184,
023,False,job,,sustained_cold,,,3,,,,,,,,,,,,,331494
023,False,phase,,sustained_cold,verified,4,4,,,,,,,,,,221156,0,111093,
023,False,job,,sustained_cold,,,4,,,,,,,,,,,,,332446
023,False,block,,sustained_cold,,,,1,,2,,,,,,,,,,332756
023,False,phase,,sustained_cold,prepared,6,,,,,,,,,,,219054,,,
023,False,phase,,sustained_cold,prepared,5,,,,,,,,,,,225988,,,
023,False,phase,,sustained_cold,verified,6,6,,,,,,,,,,219054,0,110499,
023,False,job,,sustained_cold,,,6,,,,,,,,,,,,,329705
023,False,phase,,sustained_cold,verified,5,5,,,,,,,,,,225988,0,105019,
023,False,job,,sustained_cold,,,5,,,,,,,,,,,,,331224
023,False,block,,sustained_cold,,,,2,,2,,,,,,,,,,331244
023,False,phase,,sustained_prepared,prepared,5,,,,,,,,,,,190439,,,
023,False,phase,,sustained_prepared,prepared,6,,,,,,,,,,,187272,,,
023,False,phase,,sustained_prepared,verified,5,5,,,,,,,,,,190439,239609,111841,
023,False,job,,sustained_prepared,,,5,,,,,,,,,,,,,112068
023,False,phase,,sustained_prepared,verified,6,6,,,,,,,,,,187272,52675,112857,
023,False,job,,sustained_prepared,,,6,,,,,,,,,,,,,113039
023,False,block,,sustained_prepared,,,,2,,2,,,,,,,,,,543526
023,False,phase,,sustained_prepared,prepared,7,,,,,,,,,,,184660,,,
023,False,phase,,sustained_prepared,prepared,8,,,,,,,,,,,188237,,,
023,False,phase,,sustained_prepared,verified,7,7,,,,,,,,,,184660,241318,109401,
023,False,job,,sustained_prepared,,,7,,,,,,,,,,,,,109664
023,False,phase,,sustained_prepared,verified,8,8,,,,,,,,,,188237,53403,110307,
023,False,job,,sustained_prepared,,,8,,,,,,,,,,,,,110516
023,False,block,,sustained_prepared,,,,3,,2,,,,,,,,,,536908
023,False,phase,,sustained_cold,prepared,8,,,,,,,,,,,219797,,,
023,False,phase,,sustained_cold,prepared,7,,,,,,,,,,,221147,,,
023,False,phase,,sustained_cold,verified,8,8,,,,,,,,,,219797,0,107301,
023,False,job,,sustained_cold,,,8,,,,,,,,,,,,,327299
023,False,phase,,sustained_cold,verified,7,7,,,,,,,,,,221147,0,107372,
023,False,job,,sustained_cold,,,7,,,,,,,,,,,,,328688
023,False,block,,sustained_cold,,,,3,,2,,,,,,,,,,328702
023,False,phase,,sustained_cold,prepared,10,,,,,,,,,,,216942,,,
023,False,phase,,sustained_cold,prepared,9,,,,,,,,,,,217732,,,
023,False,phase,,sustained_cold,verified,9,9,,,,,,,,,,217732,0,109876,
023,False,job,,sustained_cold,,,9,,,,,,,,,,,,,327789
023,False,phase,,sustained_cold,verified,10,10,,,,,,,,,,216942,0,111356,
023,False,job,,sustained_cold,,,10,,,,,,,,,,,,,328519
023,False,block,,sustained_cold,,,,4,,2,,,,,,,,,,328929
023,False,phase,,sustained_prepared,prepared,9,,,,,,,,,,,190427,,,
023,False,phase,,sustained_prepared,prepared,10,,,,,,,,,,,188140,,,
023,False,phase,,sustained_prepared,verified,10,10,,,,,,,,,,188140,53421,122259,
023,False,job,,sustained_prepared,,,10,,,,,,,,,,,,,122386
023,False,phase,,sustained_prepared,verified,9,9,,,,,,,,,,190427,241212,123818,
023,False,job,,sustained_prepared,,,9,,,,,,,,,,,,,123954
023,False,block,,sustained_prepared,,,,4,,2,,,,,,,,,,555639
023,False,phase,,sustained_prepared,prepared,11,,,,,,,,,,,200739,,,
023,False,phase,,sustained_prepared,prepared,12,,,,,,,,,,,192188,,,
023,False,phase,,sustained_prepared,verified,12,12,,,,,,,,,,192188,53398,109345,
023,False,job,,sustained_prepared,,,12,,,,,,,,,,,,,110587
023,False,phase,,sustained_prepared,verified,11,11,,,,,,,,,,200739,245276,112173,
023,False,job,,sustained_prepared,,,11,,,,,,,,,,,,,112294
023,False,block,,sustained_prepared,,,,5,,2,,,,,,,,,,558354
023,False,phase,,sustained_cold,prepared,12,,,,,,,,,,,317977,,,
023,False,phase,,sustained_cold,verified,12,12,,,,,,,,,,317977,0,89165,
023,False,job,,sustained_cold,,,12,,,,,,,,,,,,,407277
023,False,timeout,serial,,,,,5,1,,,,,True,2,2,,,,
030,True,progress,,bounded_burst,,1,,,,,fresh_started,,,,,,,,,0
030,True,progress,,bounded_burst,,1,,,,,drivers_started,,,,,,,,,565
030,True,progress,,bounded_burst,,1,,,,,prover_commit_started,,,,,,,,,617
030,True,progress,,bounded_burst,,1,,,,,verifier_commit_started,,,,,,,,,827
030,True,progress,,bounded_burst,,1,,,,,verifier_commit_received,,,,,,,,,870
030,True,progress,,bounded_burst,,1,,,,,verifier_accept_returned,,,,,,,,,202177
030,True,progress,,bounded_burst,,1,,,,,prover_commit_returned,,,,,,,,,203040
030,True,phase,,bounded_burst,prepared,1,,,,,,,,,,,203075,,,
030,True,progress,,bounded_burst,,2,,,,,fresh_started,,,,,,,,,0
030,True,progress,,bounded_burst,,2,,,,,drivers_started,,,,,,,,,368
030,True,progress,,bounded_burst,,2,,,,,prover_commit_started,,,,,,,,,375
030,True,progress,,bounded_burst,,2,,,,,verifier_commit_started,,,,,,,,,383
030,True,progress,,bounded_burst,,2,,,,,verifier_commit_received,,,,,,,,,406
030,True,progress,,bounded_burst,,2,,,,,verifier_accept_returned,,,,,,,,,198046
030,True,progress,,bounded_burst,,2,,,,,prover_commit_returned,,,,,,,,,198978
030,True,phase,,bounded_burst,prepared,2,,,,,,,,,,,198995,,,
030,True,phase,,bounded_burst,verified,1,101,,,,,,,,,,203075,250828,119365,
030,True,phase,,bounded_burst,verified,2,102,,,,,,,,,,198995,52100,120708,
030,True,progress,,bounded_burst,,3,,,,,fresh_started,,,,,,,,,0
030,True,progress,,bounded_burst,,3,,,,,drivers_started,,,,,,,,,384
030,True,progress,,bounded_burst,,3,,,,,prover_commit_started,,,,,,,,,418
030,True,progress,,bounded_burst,,3,,,,,verifier_commit_started,,,,,,,,,429
030,True,progress,,bounded_burst,,3,,,,,verifier_commit_received,,,,,,,,,446
030,True,progress,,bounded_burst,,3,,,,,verifier_accept_returned,,,,,,,,,208229
030,True,progress,,bounded_burst,,3,,,,,prover_commit_returned,,,,,,,,,209057
030,True,phase,,bounded_burst,prepared,3,,,,,,,,,,,209087,,,
030,True,progress,,bounded_burst,,4,,,,,fresh_started,,,,,,,,,0
030,True,progress,,bounded_burst,,4,,,,,drivers_started,,,,,,,,,326
030,True,progress,,bounded_burst,,4,,,,,prover_commit_started,,,,,,,,,338
030,True,progress,,bounded_burst,,4,,,,,verifier_commit_started,,,,,,,,,348
030,True,progress,,bounded_burst,,4,,,,,verifier_commit_received,,,,,,,,,364
030,True,progress,,bounded_burst,,4,,,,,verifier_accept_returned,,,,,,,,,198707
030,True,progress,,bounded_burst,,4,,,,,prover_commit_returned,,,,,,,,,199534
030,True,phase,,bounded_burst,prepared,4,,,,,,,,,,,199550,,,
030,True,progress,,pending_cancel,,1,,,,,fresh_started,,,,,,,,,0
030,True,progress,,pending_cancel,,1,,,,,drivers_started,,,,,,,,,370
030,True,progress,,pending_cancel,,1,,,,,prover_commit_started,,,,,,,,,377
030,True,progress,,pending_cancel,,1,,,,,verifier_commit_started,,,,,,,,,386
030,True,progress,,pending_cancel,,1,,,,,verifier_commit_received,,,,,,,,,399
030,True,progress,,pending_cancel,,2,,,,,fresh_started,,,,,,,,,0
030,True,progress,,pending_cancel,,2,,,,,drivers_started,,,,,,,,,340
030,True,progress,,pending_cancel,,2,,,,,prover_commit_started,,,,,,,,,346
030,True,progress,,pending_cancel,,2,,,,,verifier_commit_started,,,,,,,,,353
030,True,progress,,pending_cancel,,2,,,,,verifier_commit_received,,,,,,,,,368
030,True,progress,,pending_cancel,,2,,,,,verifier_accept_returned,,,,,,,,,203120
030,True,progress,,pending_cancel,,2,,,,,prover_commit_returned,,,,,,,,,204006
030,True,phase,,pending_cancel,prepared,2,,,,,,,,,,,204020,,,
030,True,phase,,pending_cancel,verified,2,301,,,,,,,,,,204020,6,71978,
030,True,progress,,expiry_cancel,,1,,,,,fresh_started,,,,,,,,,0
030,True,progress,,expiry_cancel,,1,,,,,drivers_started,,,,,,,,,269
030,True,progress,,expiry_cancel,,1,,,,,prover_commit_started,,,,,,,,,274
030,True,progress,,expiry_cancel,,1,,,,,verifier_commit_started,,,,,,,,,282
030,True,progress,,expiry_cancel,,1,,,,,verifier_commit_received,,,,,,,,,289
030,True,progress,,expiry_cancel,,1,,,,,verifier_accept_returned,,,,,,,,,196571
030,True,progress,,expiry_cancel,,1,,,,,prover_commit_returned,,,,,,,,,197426
030,True,phase,,expiry_cancel,prepared,1,,,,,,,,,,,197452,,,
030,True,progress,,expiry_cancel,,2,,,,,fresh_started,,,,,,,,,0
030,True,progress,,expiry_cancel,,2,,,,,drivers_started,,,,,,,,,397
030,True,progress,,expiry_cancel,,2,,,,,prover_commit_started,,,,,,,,,413
030,True,progress,,expiry_cancel,,2,,,,,verifier_commit_started,,,,,,,,,423
030,True,progress,,expiry_cancel,,2,,,,,verifier_commit_received,,,,,,,,,434
030,True,progress,,expiry_cancel,,2,,,,,verifier_accept_returned,,,,,,,,,190959
030,True,progress,,expiry_cancel,,2,,,,,prover_commit_returned,,,,,,,,,191834
030,True,phase,,expiry_cancel,prepared,2,,,,,,,,,,,191863,,,
030,True,progress,,expiry_cancel,,3,,,,,fresh_started,,,,,,,,,0
030,True,progress,,expiry_cancel,,3,,,,,drivers_started,,,,,,,,,403
030,True,progress,,expiry_cancel,,3,,,,,prover_commit_started,,,,,,,,,415
030,True,progress,,expiry_cancel,,3,,,,,verifier_commit_started,,,,,,,,,425
030,True,progress,,expiry_cancel,,3,,,,,verifier_commit_received,,,,,,,,,448
030,True,progress,,expiry_cancel,,3,,,,,verifier_accept_returned,,,,,,,,,201067
030,True,progress,,expiry_cancel,,3,,,,,prover_commit_returned,,,,,,,,,201988
030,True,phase,,expiry_cancel,prepared,3,,,,,,,,,,,202002,,,
030,True,progress,,expiry_cancel,,4,,,,,fresh_started,,,,,,,,,0
030,True,progress,,expiry_cancel,,4,,,,,drivers_started,,,,,,,,,448
030,True,progress,,expiry_cancel,,4,,,,,prover_commit_started,,,,,,,,,473
030,True,progress,,expiry_cancel,,4,,,,,verifier_commit_started,,,,,,,,,483
030,True,progress,,expiry_cancel,,4,,,,,verifier_commit_received,,,,,,,,,505
030,True,progress,,expiry_cancel,,4,,,,,verifier_accept_returned,,,,,,,,,194851
030,True,progress,,expiry_cancel,,4,,,,,prover_commit_returned,,,,,,,,,195790
030,True,phase,,expiry_cancel,prepared,4,,,,,,,,,,,195797,,,
030,True,progress,,expiry_cancel,,5,,,,,fresh_started,,,,,,,,,0
030,True,progress,,expiry_cancel,,5,,,,,drivers_started,,,,,,,,,504
030,True,progress,,expiry_cancel,,5,,,,,prover_commit_started,,,,,,,,,531
030,True,progress,,expiry_cancel,,5,,,,,verifier_commit_started,,,,,,,,,545
030,True,progress,,expiry_cancel,,5,,,,,verifier_commit_received,,,,,,,,,554
030,True,progress,,expiry_cancel,,5,,,,,verifier_accept_returned,,,,,,,,,190789
030,True,progress,,expiry_cancel,,5,,,,,prover_commit_returned,,,,,,,,,191708
030,True,phase,,expiry_cancel,prepared,5,,,,,,,,,,,191731,,,
030,True,phase,,expiry_cancel,verified,5,201,,,,,,,,,,191731,12,69503,
030,True,progress,,parallel_cold,,1,,,,,fresh_started,,,,,,,,,0
030,True,progress,,parallel_cold,,1,,,,,drivers_started,,,,,,,,,256
030,True,progress,,parallel_cold,,1,,,,,prover_commit_started,,,,,,,,,262
030,True,progress,,parallel_cold,,1,,,,,verifier_commit_started,,,,,,,,,270
030,True,progress,,parallel_cold,,2,,,,,fresh_started,,,,,,,,,0
030,True,progress,,parallel_cold,,2,,,,,drivers_started,,,,,,,,,245
030,True,progress,,parallel_cold,,2,,,,,prover_commit_started,,,,,,,,,249
030,True,progress,,parallel_cold,,2,,,,,verifier_commit_started,,,,,,,,,253
030,True,progress,,parallel_cold,,2,,,,,verifier_commit_received,,,,,,,,,258
030,True,progress,,parallel_cold,,1,,,,,verifier_commit_received,,,,,,,,,2903
030,True,progress,,parallel_cold,,1,,,,,verifier_accept_returned,,,,,,,,,227814
030,True,progress,,parallel_cold,,1,,,,,prover_commit_returned,,,,,,,,,228240
030,True,phase,,parallel_cold,prepared,1,,,,,,,,,,,228264,,,
030,True,progress,,parallel_cold,,2,,,,,verifier_accept_returned,,,,,,,,,237716
030,True,progress,,parallel_cold,,2,,,,,prover_commit_returned,,,,,,,,,240275
030,True,phase,,parallel_cold,prepared,2,,,,,,,,,,,240302,,,
030,True,phase,,parallel_cold,verified,1,1,,,,,,,,,,228264,12,120633,
030,True,job,,parallel_cold,,,1,,,,,,,,,,,,,349074
030,True,phase,,parallel_cold,verified,2,2,,,,,,,,,,240302,0,109521,
030,True,job,,parallel_cold,,,2,,,,,,,,,,,,,349955
030,True,block,,parallel_cold,,,,0,,2,,,,,,,,,,350254
030,True,progress,,parallel_prepared,,1,,,,,fresh_started,,,,,,,,,0
030,True,progress,,parallel_prepared,,1,,,,,drivers_started,,,,,,,,,353
030,True,progress,,parallel_prepared,,1,,,,,prover_commit_started,,,,,,,,,359
030,True,progress,,parallel_prepared,,1,,,,,verifier_commit_started,,,,,,,,,368
030,True,progress,,parallel_prepared,,2,,,,,fresh_started,,,,,,,,,0
030,True,progress,,parallel_prepared,,2,,,,,drivers_started,,,,,,,,,280
030,True,progress,,parallel_prepared,,2,,,,,prover_commit_started,,,,,,,,,284
030,True,progress,,parallel_prepared,,2,,,,,verifier_commit_started,,,,,,,,,287
030,True,progress,,parallel_prepared,,1,,,,,verifier_commit_received,,,,,,,,,668
030,True,progress,,parallel_prepared,,2,,,,,verifier_commit_received,,,,,,,,,2605
030,True,progress,,parallel_prepared,,2,,,,,verifier_accept_returned,,,,,,,,,235321
030,True,progress,,parallel_prepared,,2,,,,,prover_commit_returned,,,,,,,,,237136
030,True,phase,,parallel_prepared,prepared,2,,,,,,,,,,,237167,,,
030,True,progress,,parallel_prepared,,1,,,,,verifier_accept_returned,,,,,,,,,244409
030,True,progress,,parallel_prepared,,1,,,,,prover_commit_returned,,,,,,,,,245146
030,True,phase,,parallel_prepared,prepared,1,,,,,,,,,,,245154,,,
030,True,phase,,parallel_prepared,verified,1,1,,,,,,,,,,245154,52130,121475,
030,True,job,,parallel_prepared,,,1,,,,,,,,,,,,,121710
030,True,phase,,parallel_prepared,verified,2,2,,,,,,,,,,237167,60541,121992,
030,True,job,,parallel_prepared,,,2,,,,,,,,,,,,,122128
030,True,block,,parallel_prepared,,,,0,,2,,,,,,,,,,420254
030,True,progress,,parallel_prepared,,3,,,,,fresh_started,,,,,,,,,0
030,True,progress,,parallel_prepared,,3,,,,,drivers_started,,,,,,,,,338
030,True,progress,,parallel_prepared,,3,,,,,prover_commit_started,,,,,,,,,347
030,True,progress,,parallel_prepared,,3,,,,,verifier_commit_started,,,,,,,,,358
030,True,progress,,parallel_prepared,,4,,,,,fresh_started,,,,,,,,,0
030,True,progress,,parallel_prepared,,4,,,,,drivers_started,,,,,,,,,301
030,True,progress,,parallel_prepared,,4,,,,,prover_commit_started,,,,,,,,,305
030,True,progress,,parallel_prepared,,4,,,,,verifier_commit_started,,,,,,,,,309
030,True,progress,,parallel_prepared,,3,,,,,verifier_commit_received,,,,,,,,,682
030,True,progress,,parallel_prepared,,4,,,,,verifier_commit_received,,,,,,,,,2641
030,True,progress,,parallel_prepared,,3,,,,,verifier_accept_returned,,,,,,,,,246988
030,True,progress,,parallel_prepared,,3,,,,,prover_commit_returned,,,,,,,,,247500
030,True,phase,,parallel_prepared,prepared,3,,,,,,,,,,,247526,,,
030,True,progress,,parallel_prepared,,4,,,,,verifier_accept_returned,,,,,,,,,247728
030,True,progress,,parallel_prepared,,4,,,,,prover_commit_returned,,,,,,,,,248695
030,True,phase,,parallel_prepared,prepared,4,,,,,,,,,,,248707,,,
030,True,phase,,parallel_prepared,verified,4,4,,,,,,,,,,248707,53668,116863,
030,True,job,,parallel_prepared,,,4,,,,,,,,,,,,,117005
030,True,phase,,parallel_prepared,verified,3,3,,,,,,,,,,247526,54830,118432,
030,True,job,,parallel_prepared,,,3,,,,,,,,,,,,,118590
030,True,block,,parallel_prepared,,,,1,,2,,,,,,,,,,421002
030,True,progress,,parallel_cold,,3,,,,,fresh_started,,,,,,,,,0
030,True,progress,,parallel_cold,,3,,,,,drivers_started,,,,,,,,,379
030,True,progress,,parallel_cold,,3,,,,,prover_commit_started,,,,,,,,,385
030,True,progress,,parallel_cold,,3,,,,,verifier_commit_started,,,,,,,,,395
030,True,progress,,parallel_cold,,4,,,,,fresh_started,,,,,,,,,0
030,True,progress,,parallel_cold,,4,,,,,drivers_started,,,,,,,,,297
030,True,progress,,parallel_cold,,4,,,,,prover_commit_started,,,,,,,,,301
030,True,progress,,parallel_cold,,4,,,,,verifier_commit_started,,,,,,,,,305
030,True,progress,,parallel_cold,,3,,,,,verifier_commit_received,,,,,,,,,714
030,True,progress,,parallel_cold,,4,,,,,verifier_commit_received,,,,,,,,,2649
030,True,progress,,parallel_cold,,3,,,,,verifier_accept_returned,,,,,,,,,226474
030,True,progress,,parallel_cold,,3,,,,,prover_commit_returned,,,,,,,,,227516
030,True,phase,,parallel_cold,prepared,3,,,,,,,,,,,227528,,,
030,True,progress,,parallel_cold,,4,,,,,prover_commit_returned,,,,,,,,,245545
030,True,progress,,parallel_cold,,4,,,,,verifier_accept_returned,,,,,,,,,245583
030,True,phase,,parallel_cold,prepared,4,,,,,,,,,,,245589,,,
030,True,phase,,parallel_cold,verified,3,3,,,,,,,,,,227528,0,118480,
030,True,job,,parallel_cold,,,3,,,,,,,,,,,,,346174
030,True,phase,,parallel_cold,verified,4,4,,,,,,,,,,245589,0,102875,
030,True,job,,parallel_cold,,,4,,,,,,,,,,,,,348632
030,True,block,,parallel_cold,,,,1,,2,,,,,,,,,,349057
030,True,progress,,parallel_cold,,5,,,,,fresh_started,,,,,,,,,0
030,True,progress,,parallel_cold,,5,,,,,drivers_started,,,,,,,,,286
030,True,progress,,parallel_cold,,5,,,,,prover_commit_started,,,,,,,,,292
030,True,progress,,parallel_cold,,5,,,,,verifier_commit_started,,,,,,,,,301
030,True,progress,,parallel_cold,,6,,,,,fresh_started,,,,,,,,,0
030,True,progress,,parallel_cold,,6,,,,,drivers_started,,,,,,,,,232
030,True,progress,,parallel_cold,,6,,,,,prover_commit_started,,,,,,,,,238
030,True,progress,,parallel_cold,,6,,,,,verifier_commit_started,,,,,,,,,243
030,True,progress,,parallel_cold,,6,,,,,verifier_commit_received,,,,,,,,,249
030,True,progress,,parallel_cold,,5,,,,,verifier_commit_received,,,,,,,,,3017
030,True,progress,,parallel_cold,,6,,,,,verifier_accept_returned,,,,,,,,,236448
030,True,progress,,parallel_cold,,6,,,,,prover_commit_returned,,,,,,,,,237389
030,True,phase,,parallel_cold,prepared,6,,,,,,,,,,,237419,,,
030,True,progress,,parallel_cold,,5,,,,,verifier_accept_returned,,,,,,,,,239006
030,True,progress,,parallel_cold,,5,,,,,prover_commit_returned,,,,,,,,,242143
030,True,phase,,parallel_cold,prepared,5,,,,,,,,,,,242152,,,
030,True,phase,,parallel_cold,verified,6,6,,,,,,,,,,237419,0,114867,
030,True,job,,parallel_cold,,,6,,,,,,,,,,,,,352524
030,True,phase,,parallel_cold,verified,5,5,,,,,,,,,,242152,0,111962,
030,True,job,,parallel_cold,,,5,,,,,,,,,,,,,354248
030,True,block,,parallel_cold,,,,2,,2,,,,,,,,,,354269
030,True,progress,,parallel_prepared,,5,,,,,fresh_started,,,,,,,,,0
030,True,progress,,parallel_prepared,,5,,,,,drivers_started,,,,,,,,,416
030,True,progress,,parallel_prepared,,5,,,,,prover_commit_started,,,,,,,,,438
030,True,progress,,parallel_prepared,,5,,,,,verifier_commit_started,,,,,,,,,451
030,True,progress,,parallel_prepared,,6,,,,,fresh_started,,,,,,,,,0
030,True,progress,,parallel_prepared,,6,,,,,drivers_started,,,,,,,,,357
030,True,progress,,parallel_prepared,,6,,,,,prover_commit_started,,,,,,,,,361
030,True,progress,,parallel_prepared,,6,,,,,verifier_commit_started,,,,,,,,,366
030,True,progress,,parallel_prepared,,5,,,,,verifier_commit_received,,,,,,,,,831
030,True,progress,,parallel_prepared,,6,,,,,verifier_commit_received,,,,,,,,,2847
030,True,progress,,parallel_prepared,,5,,,,,verifier_accept_returned,,,,,,,,,234118
030,True,progress,,parallel_prepared,,5,,,,,prover_commit_returned,,,,,,,,,238966
030,True,phase,,parallel_prepared,prepared,5,,,,,,,,,,,238995,,,
030,True,progress,,parallel_prepared,,6,,,,,verifier_accept_returned,,,,,,,,,246058
030,True,progress,,parallel_prepared,,6,,,,,prover_commit_returned,,,,,,,,,247096
030,True,phase,,parallel_prepared,prepared,6,,,,,,,,,,,247128,,,
030,True,phase,,parallel_prepared,verified,5,5,,,,,,,,,,238995,61655,117324,
030,True,job,,parallel_prepared,,,5,,,,,,,,,,,,,117593
030,True,phase,,parallel_prepared,verified,6,6,,,,,,,,,,247128,53435,118343,
030,True,job,,parallel_prepared,,,6,,,,,,,,,,,,,118477
030,True,block,,parallel_prepared,,,,2,,2,,,,,,,,,,419528
030,True,progress,,parallel_prepared,,7,,,,,fresh_started,,,,,,,,,0
030,True,progress,,parallel_prepared,,7,,,,,drivers_started,,,,,,,,,339
030,True,progress,,parallel_prepared,,7,,,,,prover_commit_started,,,,,,,,,344
030,True,progress,,parallel_prepared,,7,,,,,verifier_commit_started,,,,,,,,,351
030,True,progress,,parallel_prepared,,7,,,,,verifier_commit_received,,,,,,,,,357
030,True,progress,,parallel_prepared,,8,,,,,fresh_started,,,,,,,,,0
030,True,progress,,parallel_prepared,,8,,,,,drivers_started,,,,,,,,,308
030,True,progress,,parallel_prepared,,8,,,,,prover_commit_started,,,,,,,,,313
030,True,progress,,parallel_prepared,,8,,,,,verifier_commit_started,,,,,,,,,318
030,True,progress,,parallel_prepared,,8,,,,,verifier_commit_received,,,,,,,,,1902
030,True,progress,,parallel_prepared,,7,,,,,verifier_accept_returned,,,,,,,,,234804
030,True,progress,,parallel_prepared,,7,,,,,prover_commit_returned,,,,,,,,,236165
030,True,phase,,parallel_prepared,prepared,7,,,,,,,,,,,236181,,,
030,True,progress,,parallel_prepared,,8,,,,,verifier_accept_returned,,,,,,,,,236826
030,True,progress,,parallel_prepared,,8,,,,,prover_commit_returned,,,,,,,,,237904
030,True,phase,,parallel_prepared,prepared,8,,,,,,,,,,,237914,,,
030,True,phase,,parallel_prepared,verified,8,8,,,,,,,,,,237914,53170,114830,
030,True,job,,parallel_prepared,,,8,,,,,,,,,,,,,114995
030,True,phase,,parallel_prepared,verified,7,7,,,,,,,,,,236181,55637,116287,
030,True,job,,parallel_prepared,,,7,,,,,,,,,,,,,116470
030,True,block,,parallel_prepared,,,,3,,2,,,,,,,,,,408325
030,True,progress,,parallel_cold,,7,,,,,fresh_started,,,,,,,,,0
030,True,progress,,parallel_cold,,7,,,,,drivers_started,,,,,,,,,334
030,True,progress,,parallel_cold,,7,,,,,prover_commit_started,,,,,,,,,342
030,True,progress,,parallel_cold,,7,,,,,verifier_commit_started,,,,,,,,,351
030,True,progress,,parallel_cold,,8,,,,,fresh_started,,,,,,,,,0
030,True,progress,,parallel_cold,,8,,,,,drivers_started,,,,,,,,,289
030,True,progress,,parallel_cold,,8,,,,,prover_commit_started,,,,,,,,,292
030,True,progress,,parallel_cold,,8,,,,,verifier_commit_started,,,,,,,,,296
030,True,progress,,parallel_cold,,7,,,,,verifier_commit_received,,,,,,,,,657
030,True,progress,,parallel_cold,,8,,,,,verifier_commit_received,,,,,,,,,2638
030,True,progress,,parallel_cold,,8,,,,,verifier_accept_returned,,,,,,,,,235933
030,True,progress,,parallel_cold,,8,,,,,prover_commit_returned,,,,,,,,,236519
030,True,phase,,parallel_cold,prepared,8,,,,,,,,,,,236545,,,
030,True,progress,,parallel_cold,,7,,,,,verifier_accept_returned,,,,,,,,,237291
030,True,progress,,parallel_cold,,7,,,,,prover_commit_returned,,,,,,,,,238045
030,True,phase,,parallel_cold,prepared,7,,,,,,,,,,,238056,,,
030,True,phase,,parallel_cold,verified,8,8,,,,,,,,,,236545,0,115207,
030,True,job,,parallel_cold,,,8,,,,,,,,,,,,,351900
030,True,phase,,parallel_cold,verified,7,7,,,,,,,,,,238056,0,115185,
030,True,job,,parallel_cold,,,7,,,,,,,,,,,,,353386
030,True,block,,parallel_cold,,,,3,,2,,,,,,,,,,353401
030,True,progress,,parallel_cold,,9,,,,,fresh_started,,,,,,,,,0
030,True,progress,,parallel_cold,,9,,,,,drivers_started,,,,,,,,,324
030,True,progress,,parallel_cold,,9,,,,,prover_commit_started,,,,,,,,,337
030,True,progress,,parallel_cold,,9,,,,,verifier_commit_started,,,,,,,,,347
030,True,progress,,parallel_cold,,10,,,,,fresh_started,,,,,,,,,0
030,True,progress,,parallel_cold,,10,,,,,drivers_started,,,,,,,,,214
030,True,progress,,parallel_cold,,10,,,,,prover_commit_started,,,,,,,,,219
030,True,progress,,parallel_cold,,10,,,,,verifier_commit_started,,,,,,,,,223
030,True,progress,,parallel_cold,,9,,,,,verifier_commit_received,,,,,,,,,584
030,True,progress,,parallel_cold,,10,,,,,verifier_commit_received,,,,,,,,,2662
030,True,progress,,parallel_cold,,10,,,,,verifier_accept_returned,,,,,,,,,239269
030,True,progress,,parallel_cold,,10,,,,,prover_commit_returned,,,,,,,,,240019
030,True,phase,,parallel_cold,prepared,10,,,,,,,,,,,240036,,,
030,True,progress,,parallel_cold,,9,,,,,verifier_accept_returned,,,,,,,,,240940
030,True,progress,,parallel_cold,,9,,,,,prover_commit_returned,,,,,,,,,241942
030,True,phase,,parallel_cold,prepared,9,,,,,,,,,,,241949,,,
030,True,phase,,parallel_cold,verified,10,10,,,,,,,,,,240036,1,114205,
030,True,job,,parallel_cold,,,10,,,,,,,,,,,,,354383
030,True,phase,,parallel_cold,verified,9,9,,,,,,,,,,241949,0,113785,
030,True,job,,parallel_cold,,,9,,,,,,,,,,,,,355871
030,True,block,,parallel_cold,,,,4,,2,,,,,,,,,,355892
030,True,progress,,parallel_prepared,,9,,,,,fresh_started,,,,,,,,,0
030,True,progress,,parallel_prepared,,9,,,,,drivers_started,,,,,,,,,357
030,True,progress,,parallel_prepared,,9,,,,,prover_commit_started,,,,,,,,,366
030,True,progress,,parallel_prepared,,9,,,,,verifier_commit_started,,,,,,,,,377
030,True,progress,,parallel_prepared,,10,,,,,fresh_started,,,,,,,,,0
030,True,progress,,parallel_prepared,,10,,,,,drivers_started,,,,,,,,,313
030,True,progress,,parallel_prepared,,10,,,,,prover_commit_started,,,,,,,,,324
030,True,progress,,parallel_prepared,,10,,,,,verifier_commit_started,,,,,,,,,331
030,True,progress,,parallel_prepared,,9,,,,,verifier_commit_received,,,,,,,,,724
030,True,progress,,parallel_prepared,,10,,,,,verifier_commit_received,,,,,,,,,2768
030,True,progress,,parallel_prepared,,10,,,,,verifier_accept_returned,,,,,,,,,240891
030,True,progress,,parallel_prepared,,10,,,,,prover_commit_returned,,,,,,,,,241483
030,True,phase,,parallel_prepared,prepared,10,,,,,,,,,,,241506,,,
030,True,progress,,parallel_prepared,,9,,,,,verifier_accept_returned,,,,,,,,,242344
030,True,progress,,parallel_prepared,,9,,,,,prover_commit_returned,,,,,,,,,243206
030,True,phase,,parallel_prepared,prepared,9,,,,,,,,,,,243219,,,
030,True,phase,,parallel_prepared,verified,9,9,,,,,,,,,,243219,53042,117570,
030,True,job,,parallel_prepared,,,9,,,,,,,,,,,,,117785
030,True,phase,,parallel_prepared,verified,10,10,,,,,,,,,,241506,54746,118513,
030,True,job,,parallel_prepared,,,10,,,,,,,,,,,,,118648
030,True,block,,parallel_prepared,,,,4,,2,,,,,,,,,,415319
030,True,progress,,parallel_prepared,,11,,,,,fresh_started,,,,,,,,,0
030,True,progress,,parallel_prepared,,11,,,,,drivers_started,,,,,,,,,379
030,True,progress,,parallel_prepared,,11,,,,,prover_commit_started,,,,,,,,,385
030,True,progress,,parallel_prepared,,11,,,,,verifier_commit_started,,,,,,,,,393
030,True,progress,,parallel_prepared,,12,,,,,fresh_started,,,,,,,,,0
030,True,progress,,parallel_prepared,,12,,,,,drivers_started,,,,,,,,,288
030,True,progress,,parallel_prepared,,12,,,,,prover_commit_started,,,,,,,,,292
030,True,progress,,parallel_prepared,,12,,,,,verifier_commit_started,,,,,,,,,296
030,True,progress,,parallel_prepared,,11,,,,,verifier_commit_received,,,,,,,,,702
030,True,progress,,parallel_prepared,,12,,,,,verifier_commit_received,,,,,,,,,2686
030,True,progress,,parallel_prepared,,11,,,,,verifier_accept_returned,,,,,,,,,237869
030,True,progress,,parallel_prepared,,11,,,,,prover_commit_returned,,,,,,,,,238258
030,True,phase,,parallel_prepared,prepared,11,,,,,,,,,,,238279,,,
030,True,progress,,parallel_prepared,,12,,,,,verifier_accept_returned,,,,,,,,,238829
030,True,progress,,parallel_prepared,,12,,,,,prover_commit_returned,,,,,,,,,239742
030,True,phase,,parallel_prepared,prepared,12,,,,,,,,,,,239756,,,
030,True,phase,,parallel_prepared,verified,11,11,,,,,,,,,,238279,54928,117531,
030,True,job,,parallel_prepared,,,11,,,,,,,,,,,,,117799
030,True,phase,,parallel_prepared,verified,12,12,,,,,,,,,,239756,53426,118516,
030,True,job,,parallel_prepared,,,12,,,,,,,,,,,,,118642
030,True,block,,parallel_prepared,,,,5,,2,,,,,,,,,,412255
030,True,progress,,parallel_cold,,11,,,,,fresh_started,,,,,,,,,0
030,True,progress,,parallel_cold,,11,,,,,drivers_started,,,,,,,,,357
030,True,progress,,parallel_cold,,11,,,,,prover_commit_started,,,,,,,,,364
030,True,progress,,parallel_cold,,11,,,,,verifier_commit_started,,,,,,,,,375
030,True,progress,,parallel_cold,,12,,,,,fresh_started,,,,,,,,,0
030,True,progress,,parallel_cold,,12,,,,,drivers_started,,,,,,,,,342
030,True,progress,,parallel_cold,,12,,,,,prover_commit_started,,,,,,,,,345
030,True,progress,,parallel_cold,,12,,,,,verifier_commit_started,,,,,,,,,349
030,True,progress,,parallel_cold,,11,,,,,verifier_commit_received,,,,,,,,,737
030,True,progress,,parallel_cold,,12,,,,,verifier_commit_received,,,,,,,,,2759
030,True,progress,,parallel_cold,,11,,,,,verifier_accept_returned,,,,,,,,,237479
030,True,progress,,parallel_cold,,12,,,,,verifier_accept_returned,,,,,,,,,237741
030,True,progress,,parallel_cold,,11,,,,,prover_commit_returned,,,,,,,,,238255
030,True,phase,,parallel_cold,prepared,11,,,,,,,,,,,238266,,,
030,True,progress,,parallel_cold,,12,,,,,prover_commit_returned,,,,,,,,,238555
030,True,phase,,parallel_cold,prepared,12,,,,,,,,,,,238566,,,
030,True,phase,,parallel_cold,verified,12,12,,,,,,,,,,238566,0,112626,
030,True,job,,parallel_cold,,,12,,,,,,,,,,,,,352527
030,True,phase,,parallel_cold,verified,11,11,,,,,,,,,,238266,0,115952,
030,True,job,,parallel_cold,,,11,,,,,,,,,,,,,354364
030,True,block,,parallel_cold,,,,5,,2,,,,,,,,,,354385
030,True,progress,,parallel_cold,,13,,,,,fresh_started,,,,,,,,,0
030,True,progress,,parallel_cold,,13,,,,,drivers_started,,,,,,,,,393
030,True,progress,,parallel_cold,,13,,,,,prover_commit_started,,,,,,,,,419
030,True,progress,,parallel_cold,,13,,,,,verifier_commit_started,,,,,,,,,429
030,True,progress,,parallel_cold,,14,,,,,fresh_started,,,,,,,,,0
030,True,progress,,parallel_cold,,14,,,,,drivers_started,,,,,,,,,359
030,True,progress,,parallel_cold,,14,,,,,prover_commit_started,,,,,,,,,364
030,True,progress,,parallel_cold,,14,,,,,verifier_commit_started,,,,,,,,,370
030,True,progress,,parallel_cold,,14,,,,,verifier_commit_received,,,,,,,,,377
030,True,progress,,parallel_cold,,13,,,,,verifier_commit_received,,,,,,,,,3194
030,True,progress,,parallel_cold,,14,,,,,verifier_accept_returned,,,,,,,,,216523
030,True,progress,,parallel_cold,,14,,,,,prover_commit_returned,,,,,,,,,217098
030,True,phase,,parallel_cold,prepared,14,,,,,,,,,,,217124,,,
030,True,progress,,parallel_cold,,13,,,,,verifier_accept_returned,,,,,,,,,236976
030,True,progress,,parallel_cold,,13,,,,,prover_commit_returned,,,,,,,,,237016
030,True,phase,,parallel_cold,prepared,13,,,,,,,,,,,237023,,,
030,True,phase,,parallel_cold,verified,14,14,,,,,,,,,,217124,0,102647,
030,True,job,,parallel_cold,,,14,,,,,,,,,,,,,319913
030,True,phase,,parallel_cold,verified,13,13,,,,,,,,,,237023,0,106246,
030,True,job,,parallel_cold,,,13,,,,,,,,,,,,,343410
030,True,block,,parallel_cold,,,,6,,2,,,,,,,,,,343437
030,True,progress,,parallel_prepared,,13,,,,,fresh_started,,,,,,,,,0
030,True,progress,,parallel_prepared,,13,,,,,drivers_started,,,,,,,,,342
030,True,progress,,parallel_prepared,,13,,,,,prover_commit_started,,,,,,,,,350
030,True,progress,,parallel_prepared,,13,,,,,verifier_commit_started,,,,,,,,,359
030,True,progress,,parallel_prepared,,14,,,,,fresh_started,,,,,,,,,0
030,True,progress,,parallel_prepared,,14,,,,,drivers_started,,,,,,,,,291
030,True,progress,,parallel_prepared,,14,,,,,prover_commit_started,,,,,,,,,296
030,True,progress,,parallel_prepared,,14,,,,,verifier_commit_started,,,,,,,,,300
030,True,progress,,parallel_prepared,,13,,,,,verifier_commit_received,,,,,,,,,674
030,True,progress,,parallel_prepared,,14,,,,,verifier_commit_received,,,,,,,,,2761
030,True,progress,,parallel_prepared,,13,,,,,verifier_accept_returned,,,,,,,,,246229
030,True,progress,,parallel_prepared,,13,,,,,prover_commit_returned,,,,,,,,,246722
030,True,phase,,parallel_prepared,prepared,13,,,,,,,,,,,246742,,,
030,True,progress,,parallel_prepared,,14,,,,,verifier_accept_returned,,,,,,,,,255051
030,True,progress,,parallel_prepared,,14,,,,,prover_commit_returned,,,,,,,,,255868
030,True,phase,,parallel_prepared,prepared,14,,,,,,,,,,,255877,,,
030,True,phase,,parallel_prepared,verified,13,13,,,,,,,,,,246742,61210,113944,
030,True,job,,parallel_prepared,,,13,,,,,,,,,,,,,114192
030,True,phase,,parallel_prepared,verified,14,14,,,,,,,,,,255877,52108,114983,
030,True,job,,parallel_prepared,,,14,,,,,,,,,,,,,115147
030,True,block,,parallel_prepared,,,,6,,2,,,,,,,,,,423539
030,True,progress,,parallel_prepared,,15,,,,,fresh_started,,,,,,,,,0
030,True,progress,,parallel_prepared,,15,,,,,drivers_started,,,,,,,,,391
030,True,progress,,parallel_prepared,,15,,,,,prover_commit_started,,,,,,,,,399
030,True,progress,,parallel_prepared,,15,,,,,verifier_commit_started,,,,,,,,,408
030,True,progress,,parallel_prepared,,16,,,,,fresh_started,,,,,,,,,0
030,True,progress,,parallel_prepared,,16,,,,,drivers_started,,,,,,,,,296
030,True,progress,,parallel_prepared,,16,,,,,prover_commit_started,,,,,,,,,300
030,True,progress,,parallel_prepared,,16,,,,,verifier_commit_started,,,,,,,,,304
030,True,progress,,parallel_prepared,,15,,,,,verifier_commit_received,,,,,,,,,726
030,True,progress,,parallel_prepared,,16,,,,,verifier_commit_received,,,,,,,,,2697
030,True,progress,,parallel_prepared,,15,,,,,verifier_accept_returned,,,,,,,,,231918
030,True,progress,,parallel_prepared,,15,,,,,prover_commit_returned,,,,,,,,,235280
030,True,phase,,parallel_prepared,prepared,15,,,,,,,,,,,235322,,,
030,True,progress,,parallel_prepared,,16,,,,,verifier_accept_returned,,,,,,,,,235992
030,True,progress,,parallel_prepared,,16,,,,,prover_commit_returned,,,,,,,,,236915
030,True,phase,,parallel_prepared,prepared,16,,,,,,,,,,,236937,,,
030,True,phase,,parallel_prepared,verified,16,16,,,,,,,,,,236937,53431,122114,
030,True,job,,parallel_prepared,,,16,,,,,,,,,,,,,122261
030,True,phase,,parallel_prepared,verified,15,15,,,,,,,,,,235322,55082,123598,
030,True,job,,parallel_prepared,,,15,,,,,,,,,,,,,123715
030,True,block,,parallel_prepared,,,,7,,2,,,,,,,,,,414149
030,True,progress,,parallel_cold,,15,,,,,fresh_started,,,,,,,,,0
030,True,progress,,parallel_cold,,15,,,,,drivers_started,,,,,,,,,373
030,True,progress,,parallel_cold,,15,,,,,prover_commit_started,,,,,,,,,380
030,True,progress,,parallel_cold,,15,,,,,verifier_commit_started,,,,,,,,,389
030,True,progress,,parallel_cold,,16,,,,,fresh_started,,,,,,,,,0
030,True,progress,,parallel_cold,,16,,,,,drivers_started,,,,,,,,,351
030,True,progress,,parallel_cold,,16,,,,,prover_commit_started,,,,,,,,,357
030,True,progress,,parallel_cold,,16,,,,,verifier_commit_started,,,,,,,,,364
030,True,progress,,parallel_cold,,16,,,,,verifier_commit_received,,,,,,,,,369
030,True,progress,,parallel_cold,,15,,,,,verifier_commit_received,,,,,,,,,3276
030,True,progress,,parallel_cold,,16,,,,,verifier_accept_returned,,,,,,,,,244034
030,True,progress,,parallel_cold,,15,,,,,verifier_accept_returned,,,,,,,,,244816
030,True,progress,,parallel_cold,,15,,,,,prover_commit_returned,,,,,,,,,245219
030,True,phase,,parallel_cold,prepared,15,,,,,,,,,,,245242,,,
030,True,progress,,parallel_cold,,16,,,,,prover_commit_returned,,,,,,,,,245213
030,True,phase,,parallel_cold,prepared,16,,,,,,,,,,,245221,,,
030,True,phase,,parallel_cold,verified,15,15,,,,,,,,,,245242,0,116980,
030,True,job,,parallel_cold,,,15,,,,,,,,,,,,,362329
030,True,phase,,parallel_cold,verified,16,16,,,,,,,,,,245221,0,118784,
030,True,job,,parallel_cold,,,16,,,,,,,,,,,,,364112
030,True,block,,parallel_cold,,,,7,,2,,,,,,,,,,364538
030,True,progress,,parallel_cold,,17,,,,,fresh_started,,,,,,,,,0
030,True,progress,,parallel_cold,,17,,,,,drivers_started,,,,,,,,,305
030,True,progress,,parallel_cold,,17,,,,,prover_commit_started,,,,,,,,,315
030,True,progress,,parallel_cold,,17,,,,,verifier_commit_started,,,,,,,,,323
030,True,progress,,parallel_cold,,18,,,,,fresh_started,,,,,,,,,0
030,True,progress,,parallel_cold,,18,,,,,drivers_started,,,,,,,,,223
030,True,progress,,parallel_cold,,18,,,,,prover_commit_started,,,,,,,,,228
030,True,progress,,parallel_cold,,18,,,,,verifier_commit_started,,,,,,,,,233
030,True,progress,,parallel_cold,,18,,,,,verifier_commit_received,,,,,,,,,240
030,True,progress,,parallel_cold,,17,,,,,verifier_commit_received,,,,,,,,,3040
030,True,progress,,parallel_cold,,18,,,,,verifier_accept_returned,,,,,,,,,240729
030,True,progress,,parallel_cold,,18,,,,,prover_commit_returned,,,,,,,,,241597
030,True,phase,,parallel_cold,prepared,18,,,,,,,,,,,241609,,,
030,True,progress,,parallel_cold,,17,,,,,verifier_accept_returned,,,,,,,,,242298
030,True,progress,,parallel_cold,,17,,,,,prover_commit_returned,,,,,,,,,242800
030,True,phase,,parallel_cold,prepared,17,,,,,,,,,,,242810,,,
030,True,phase,,parallel_cold,verified,18,18,,,,,,,,,,241609,0,116374,
030,True,job,,parallel_cold,,,18,,,,,,,,,,,,,358202
030,True,phase,,parallel_cold,verified,17,17,,,,,,,,,,242810,0,117007,
030,True,job,,parallel_cold,,,17,,,,,,,,,,,,,360150
030,True,block,,parallel_cold,,,,8,,2,,,,,,,,,,360193
030,True,progress,,parallel_prepared,,17,,,,,fresh_started,,,,,,,,,0
030,True,progress,,parallel_prepared,,17,,,,,drivers_started,,,,,,,,,410
030,True,progress,,parallel_prepared,,17,,,,,prover_commit_started,,,,,,,,,419
030,True,progress,,parallel_prepared,,17,,,,,verifier_commit_started,,,,,,,,,428
030,True,progress,,parallel_prepared,,17,,,,,verifier_commit_received,,,,,,,,,435
030,True,progress,,parallel_prepared,,18,,,,,fresh_started,,,,,,,,,0
030,True,progress,,parallel_prepared,,18,,,,,drivers_started,,,,,,,,,344
030,True,progress,,parallel_prepared,,18,,,,,prover_commit_started,,,,,,,,,353
030,True,progress,,parallel_prepared,,18,,,,,verifier_commit_started,,,,,,,,,359
030,True,progress,,parallel_prepared,,18,,,,,verifier_commit_received,,,,,,,,,1897
030,True,progress,,parallel_prepared,,18,,,,,verifier_accept_returned,,,,,,,,,234594
030,True,progress,,parallel_prepared,,18,,,,,prover_commit_returned,,,,,,,,,240325
030,True,phase,,parallel_prepared,prepared,18,,,,,,,,,,,240354,,,
030,True,progress,,parallel_prepared,,17,,,,,verifier_accept_returned,,,,,,,,,242540
030,True,progress,,parallel_prepared,,17,,,,,prover_commit_returned,,,,,,,,,243451
030,True,phase,,parallel_prepared,prepared,17,,,,,,,,,,,243457,,,
030,True,phase,,parallel_prepared,verified,18,18,,,,,,,,,,240354,54316,117440,
030,True,job,,parallel_prepared,,,18,,,,,,,,,,,,,117586
030,True,phase,,parallel_prepared,verified,17,17,,,,,,,,,,243457,52036,118872,
030,True,job,,parallel_prepared,,,17,,,,,,,,,,,,,119005
030,True,block,,parallel_prepared,,,,8,,2,,,,,,,,,,414523
030,True,progress,,parallel_prepared,,19,,,,,fresh_started,,,,,,,,,0
030,True,progress,,parallel_prepared,,19,,,,,drivers_started,,,,,,,,,313
030,True,progress,,parallel_prepared,,19,,,,,prover_commit_started,,,,,,,,,320
030,True,progress,,parallel_prepared,,19,,,,,verifier_commit_started,,,,,,,,,329
030,True,progress,,parallel_prepared,,20,,,,,fresh_started,,,,,,,,,0
030,True,progress,,parallel_prepared,,20,,,,,drivers_started,,,,,,,,,285
030,True,progress,,parallel_prepared,,20,,,,,prover_commit_started,,,,,,,,,290
030,True,progress,,parallel_prepared,,20,,,,,verifier_commit_started,,,,,,,,,294
030,True,progress,,parallel_prepared,,20,,,,,verifier_commit_received,,,,,,,,,300
030,True,progress,,parallel_prepared,,19,,,,,verifier_commit_received,,,,,,,,,1406
030,True,progress,,parallel_prepared,,20,,,,,verifier_accept_returned,,,,,,,,,241674
030,True,progress,,parallel_prepared,,20,,,,,prover_commit_returned,,,,,,,,,243386
030,True,phase,,parallel_prepared,prepared,20,,,,,,,,,,,243399,,,
030,True,progress,,parallel_prepared,,19,,,,,verifier_accept_returned,,,,,,,,,245028
030,True,progress,,parallel_prepared,,19,,,,,prover_commit_returned,,,,,,,,,245930
030,True,phase,,parallel_prepared,prepared,19,,,,,,,,,,,245957,,,
030,True,phase,,parallel_prepared,verified,19,19,,,,,,,,,,245957,51668,117604,
030,True,job,,parallel_prepared,,,19,,,,,,,,,,,,,117853
030,True,phase,,parallel_prepared,verified,20,20,,,,,,,,,,243399,54292,118728,
030,True,job,,parallel_prepared,,,20,,,,,,,,,,,,,118888
030,True,block,,parallel_prepared,,,,9,,2,,,,,,,,,,416949
030,True,progress,,parallel_cold,,19,,,,,fresh_started,,,,,,,,,0
030,True,progress,,parallel_cold,,19,,,,,drivers_started,,,,,,,,,374
030,True,progress,,parallel_cold,,19,,,,,prover_commit_started,,,,,,,,,384
030,True,progress,,parallel_cold,,19,,,,,verifier_commit_started,,,,,,,,,395
030,True,progress,,parallel_cold,,19,,,,,verifier_commit_received,,,,,,,,,406
030,True,progress,,parallel_cold,,20,,,,,fresh_started,,,,,,,,,0
030,True,progress,,parallel_cold,,20,,,,,drivers_started,,,,,,,,,348
030,True,progress,,parallel_cold,,20,,,,,prover_commit_started,,,,,,,,,352
030,True,progress,,parallel_cold,,20,,,,,verifier_commit_started,,,,,,,,,369
030,True,progress,,parallel_cold,,20,,,,,verifier_commit_received,,,,,,,,,2090
030,True,progress,,parallel_cold,,20,,,,,verifier_accept_returned,,,,,,,,,234485
030,True,progress,,parallel_cold,,19,,,,,verifier_accept_returned,,,,,,,,,236036
030,True,progress,,parallel_cold,,19,,,,,prover_commit_returned,,,,,,,,,236537
030,True,phase,,parallel_cold,prepared,19,,,,,,,,,,,236548,,,
030,True,progress,,parallel_cold,,20,,,,,prover_commit_returned,,,,,,,,,235601
030,True,phase,,parallel_cold,prepared,20,,,,,,,,,,,235605,,,
030,True,phase,,parallel_cold,verified,20,20,,,,,,,,,,235605,0,113304,
030,True,job,,parallel_cold,,,20,,,,,,,,,,,,,349078
030,True,phase,,parallel_cold,verified,19,19,,,,,,,,,,236548,0,114871,
030,True,job,,parallel_cold,,,19,,,,,,,,,,,,,351591
030,True,block,,parallel_cold,,,,9,,2,,,,,,,,,,351608
030,True,progress,,parallel_cold,,21,,,,,fresh_started,,,,,,,,,0
030,True,progress,,parallel_cold,,21,,,,,drivers_started,,,,,,,,,354
030,True,progress,,parallel_cold,,21,,,,,prover_commit_started,,,,,,,,,359
030,True,progress,,parallel_cold,,21,,,,,verifier_commit_started,,,,,,,,,369
030,True,progress,,parallel_cold,,21,,,,,verifier_commit_received,,,,,,,,,374
030,True,progress,,parallel_cold,,22,,,,,fresh_started,,,,,,,,,0
030,True,progress,,parallel_cold,,22,,,,,drivers_started,,,,,,,,,317
030,True,progress,,parallel_cold,,22,,,,,prover_commit_started,,,,,,,,,321
030,True,progress,,parallel_cold,,22,,,,,verifier_commit_started,,,,,,,,,327
030,True,progress,,parallel_cold,,22,,,,,verifier_commit_received,,,,,,,,,2094
030,True,progress,,parallel_cold,,21,,,,,verifier_accept_returned,,,,,,,,,214956
030,True,progress,,parallel_cold,,21,,,,,prover_commit_returned,,,,,,,,,215676
030,True,phase,,parallel_cold,prepared,21,,,,,,,,,,,215692,,,
030,True,progress,,parallel_cold,,22,,,,,prover_commit_returned,,,,,,,,,234714
030,True,progress,,parallel_cold,,22,,,,,verifier_accept_returned,,,,,,,,,234736
030,True,phase,,parallel_cold,prepared,22,,,,,,,,,,,234741,,,
030,True,phase,,parallel_cold,verified,21,21,,,,,,,,,,215692,0,128448,
030,True,job,,parallel_cold,,,21,,,,,,,,,,,,,344309
030,True,phase,,parallel_cold,verified,22,22,,,,,,,,,,234741,0,109293,
030,True,job,,parallel_cold,,,22,,,,,,,,,,,,,344161
030,True,block,,parallel_cold,,,,10,,2,,,,,,,,,,345409
030,True,progress,,parallel_prepared,,21,,,,,fresh_started,,,,,,,,,0
030,True,progress,,parallel_prepared,,21,,,,,drivers_started,,,,,,,,,383
030,True,progress,,parallel_prepared,,21,,,,,prover_commit_started,,,,,,,,,395
030,True,progress,,parallel_prepared,,21,,,,,verifier_commit_started,,,,,,,,,407
030,True,progress,,parallel_prepared,,22,,,,,fresh_started,,,,,,,,,0
030,True,progress,,parallel_prepared,,22,,,,,drivers_started,,,,,,,,,324
030,True,progress,,parallel_prepared,,22,,,,,prover_commit_started,,,,,,,,,331
030,True,progress,,parallel_prepared,,22,,,,,verifier_commit_started,,,,,,,,,336
030,True,progress,,parallel_prepared,,21,,,,,verifier_commit_received,,,,,,,,,758
030,True,progress,,parallel_prepared,,22,,,,,verifier_commit_received,,,,,,,,,2658
030,True,progress,,parallel_prepared,,22,,,,,verifier_accept_returned,,,,,,,,,241710
030,True,progress,,parallel_prepared,,21,,,,,verifier_accept_returned,,,,,,,,,242164
030,True,progress,,parallel_prepared,,21,,,,,prover_commit_returned,,,,,,,,,242822
030,True,phase,,parallel_prepared,prepared,21,,,,,,,,,,,242833,,,
030,True,progress,,parallel_prepared,,22,,,,,prover_commit_returned,,,,,,,,,242608
030,True,phase,,parallel_prepared,prepared,22,,,,,,,,,,,242614,,,
030,True,phase,,parallel_prepared,verified,21,21,,,,,,,,,,242833,53261,114241,
030,True,job,,parallel_prepared,,,21,,,,,,,,,,,,,114467
030,True,phase,,parallel_prepared,verified,22,22,,,,,,,,,,242614,53420,115101,
030,True,job,,parallel_prepared,,,22,,,,,,,,,,,,,115274
030,True,block,,parallel_prepared,,,,10,,2,,,,,,,,,,411788
030,True,progress,,parallel_prepared,,23,,,,,fresh_started,,,,,,,,,0
030,True,progress,,parallel_prepared,,23,,,,,drivers_started,,,,,,,,,359
030,True,progress,,parallel_prepared,,23,,,,,prover_commit_started,,,,,,,,,366
030,True,progress,,parallel_prepared,,23,,,,,verifier_commit_started,,,,,,,,,375
030,True,progress,,parallel_prepared,,24,,,,,fresh_started,,,,,,,,,0
030,True,progress,,parallel_prepared,,24,,,,,drivers_started,,,,,,,,,316
030,True,progress,,parallel_prepared,,24,,,,,prover_commit_started,,,,,,,,,321
030,True,progress,,parallel_prepared,,24,,,,,verifier_commit_started,,,,,,,,,325
030,True,progress,,parallel_prepared,,23,,,,,verifier_commit_received,,,,,,,,,711
030,True,progress,,parallel_prepared,,24,,,,,verifier_commit_received,,,,,,,,,2662
030,True,progress,,parallel_prepared,,24,,,,,verifier_accept_returned,,,,,,,,,247616
030,True,progress,,parallel_prepared,,24,,,,,prover_commit_returned,,,,,,,,,248234
030,True,phase,,parallel_prepared,prepared,24,,,,,,,,,,,248260,,,
030,True,progress,,parallel_prepared,,23,,,,,verifier_accept_returned,,,,,,,,,254249
030,True,progress,,parallel_prepared,,23,,,,,prover_commit_returned,,,,,,,,,255192
030,True,phase,,parallel_prepared,prepared,23,,,,,,,,,,,255215,,,
030,True,phase,,parallel_prepared,verified,24,24,,,,,,,,,,248260,60002,120293,
030,True,job,,parallel_prepared,,,24,,,,,,,,,,,,,120428
030,True,phase,,parallel_prepared,verified,23,23,,,,,,,,,,255215,53048,121654,
030,True,job,,parallel_prepared,,,23,,,,,,,,,,,,,121789
030,True,block,,parallel_prepared,,,,11,,2,,,,,,,,,,430081
030,True,progress,,parallel_cold,,23,,,,,fresh_started,,,,,,,,,0
030,True,progress,,parallel_cold,,23,,,,,drivers_started,,,,,,,,,346
030,True,progress,,parallel_cold,,23,,,,,prover_commit_started,,,,,,,,,352
030,True,progress,,parallel_cold,,23,,,,,verifier_commit_started,,,,,,,,,359
030,True,progress,,parallel_cold,,24,,,,,fresh_started,,,,,,,,,0
030,True,progress,,parallel_cold,,24,,,,,drivers_started,,,,,,,,,220
030,True,progress,,parallel_cold,,24,,,,,prover_commit_started,,,,,,,,,224
030,True,progress,,parallel_cold,,24,,,,,verifier_commit_started,,,,,,,,,228
030,True,progress,,parallel_cold,,24,,,,,verifier_commit_received,,,,,,,,,235
030,True,progress,,parallel_cold,,23,,,,,verifier_commit_received,,,,,,,,,3079
030,True,progress,,parallel_cold,,23,,,,,verifier_accept_returned,,,,,,,,,239637
030,True,progress,,parallel_cold,,23,,,,,prover_commit_returned,,,,,,,,,241722
030,True,phase,,parallel_cold,prepared,23,,,,,,,,,,,241757,,,
030,True,progress,,parallel_cold,,24,,,,,prover_commit_returned,,,,,,,,,249551
030,True,progress,,parallel_cold,,24,,,,,verifier_accept_returned,,,,,,,,,249581
030,True,phase,,parallel_cold,prepared,24,,,,,,,,,,,249586,,,
030,True,phase,,parallel_cold,verified,24,24,,,,,,,,,,249586,0,128706,
030,True,job,,parallel_cold,,,24,,,,,,,,,,,,,378435
030,True,phase,,parallel_cold,verified,23,23,,,,,,,,,,241757,576,137454,
030,True,job,,parallel_cold,,,23,,,,,,,,,,,,,379905
030,True,block,,parallel_cold,,,,11,,2,,,,,,,,,,379920
030,True,progress,,parallel_cold,,25,,,,,fresh_started,,,,,,,,,0
030,True,progress,,parallel_cold,,25,,,,,drivers_started,,,,,,,,,326
030,True,progress,,parallel_cold,,25,,,,,prover_commit_started,,,,,,,,,332
030,True,progress,,parallel_cold,,25,,,,,verifier_commit_started,,,,,,,,,356
030,True,progress,,parallel_cold,,26,,,,,fresh_started,,,,,,,,,0
030,True,progress,,parallel_cold,,26,,,,,drivers_started,,,,,,,,,261
030,True,progress,,parallel_cold,,26,,,,,prover_commit_started,,,,,,,,,264
030,True,progress,,parallel_cold,,26,,,,,verifier_commit_started,,,,,,,,,269
030,True,progress,,parallel_cold,,26,,,,,verifier_commit_received,,,,,,,,,274
030,True,progress,,parallel_cold,,25,,,,,verifier_commit_received,,,,,,,,,3043
030,True,progress,,parallel_cold,,25,,,,,verifier_accept_returned,,,,,,,,,235464
030,True,progress,,parallel_cold,,25,,,,,prover_commit_returned,,,,,,,,,236393
030,True,phase,,parallel_cold,prepared,25,,,,,,,,,,,236415,,,
030,True,progress,,parallel_cold,,26,,,,,verifier_accept_returned,,,,,,,,,256020
030,True,progress,,parallel_cold,,26,,,,,prover_commit_returned,,,,,,,,,258482
030,True,phase,,parallel_cold,prepared,26,,,,,,,,,,,258520,,,
030,True,phase,,parallel_cold,verified,25,25,,,,,,,,,,236415,0,107861,
030,True,job,,parallel_cold,,,25,,,,,,,,,,,,,344414
030,True,phase,,parallel_cold,verified,26,26,,,,,,,,,,258520,0,99039,
030,True,job,,parallel_cold,,,26,,,,,,,,,,,,,357695
030,True,block,,parallel_cold,,,,12,,2,,,,,,,,,,358072
030,True,progress,,parallel_prepared,,25,,,,,fresh_started,,,,,,,,,0
030,True,progress,,parallel_prepared,,25,,,,,drivers_started,,,,,,,,,427
030,True,progress,,parallel_prepared,,25,,,,,prover_commit_started,,,,,,,,,433
030,True,progress,,parallel_prepared,,25,,,,,verifier_commit_started,,,,,,,,,444
030,True,progress,,parallel_prepared,,26,,,,,fresh_started,,,,,,,,,0
030,True,progress,,parallel_prepared,,26,,,,,drivers_started,,,,,,,,,337
030,True,progress,,parallel_prepared,,26,,,,,prover_commit_started,,,,,,,,,340
030,True,progress,,parallel_prepared,,26,,,,,verifier_commit_started,,,,,,,,,344
030,True,progress,,parallel_prepared,,25,,,,,verifier_commit_received,,,,,,,,,800
030,True,progress,,parallel_prepared,,26,,,,,verifier_commit_received,,,,,,,,,2825
030,True,progress,,parallel_prepared,,26,,,,,verifier_accept_returned,,,,,,,,,238854
030,True,progress,,parallel_prepared,,25,,,,,verifier_accept_returned,,,,,,,,,239707
030,True,progress,,parallel_prepared,,26,,,,,prover_commit_returned,,,,,,,,,239705
030,True,phase,,parallel_prepared,prepared,26,,,,,,,,,,,239710,,,
030,True,progress,,parallel_prepared,,25,,,,,prover_commit_returned,,,,,,,,,240278
030,True,phase,,parallel_prepared,prepared,25,,,,,,,,,,,240287,,,
030,True,phase,,parallel_prepared,verified,25,25,,,,,,,,,,240287,53027,116260,
030,True,job,,parallel_prepared,,,25,,,,,,,,,,,,,116500
030,True,phase,,parallel_prepared,verified,26,26,,,,,,,,,,239710,53516,117318,
030,True,job,,parallel_prepared,,,26,,,,,,,,,,,,,117463
030,True,block,,parallel_prepared,,,,12,,2,,,,,,,,,,411168
030,True,progress,,parallel_prepared,,27,,,,,fresh_started,,,,,,,,,0
030,True,progress,,parallel_prepared,,27,,,,,drivers_started,,,,,,,,,347
030,True,progress,,parallel_prepared,,27,,,,,prover_commit_started,,,,,,,,,353
030,True,progress,,parallel_prepared,,27,,,,,verifier_commit_started,,,,,,,,,360
030,True,progress,,parallel_prepared,,27,,,,,verifier_commit_received,,,,,,,,,366
030,True,progress,,parallel_prepared,,28,,,,,fresh_started,,,,,,,,,0
030,True,progress,,parallel_prepared,,28,,,,,drivers_started,,,,,,,,,300
030,True,progress,,parallel_prepared,,28,,,,,prover_commit_started,,,,,,,,,303
030,True,progress,,parallel_prepared,,28,,,,,verifier_commit_started,,,,,,,,,307
030,True,progress,,parallel_prepared,,28,,,,,verifier_commit_received,,,,,,,,,1847
030,True,progress,,parallel_prepared,,28,,,,,verifier_accept_returned,,,,,,,,,228348
030,True,progress,,parallel_prepared,,28,,,,,prover_commit_returned,,,,,,,,,231818
030,True,phase,,parallel_prepared,prepared,28,,,,,,,,,,,231866,,,
030,True,progress,,parallel_prepared,,27,,,,,verifier_accept_returned,,,,,,,,,235281
030,True,progress,,parallel_prepared,,27,,,,,prover_commit_returned,,,,,,,,,236147
030,True,phase,,parallel_prepared,prepared,27,,,,,,,,,,,236153,,,
030,True,phase,,parallel_prepared,verified,28,28,,,,,,,,,,231866,56615,117066,
030,True,job,,parallel_prepared,,,28,,,,,,,,,,,,,117227
030,True,phase,,parallel_prepared,verified,27,27,,,,,,,,,,236153,53059,118564,
030,True,job,,parallel_prepared,,,27,,,,,,,,,,,,,118734
030,True,block,,parallel_prepared,,,,13,,2,,,,,,,,,,407972
030,True,progress,,parallel_cold,,27,,,,,fresh_started,,,,,,,,,0
030,True,progress,,parallel_cold,,27,,,,,drivers_started,,,,,,,,,422
030,True,progress,,parallel_cold,,27,,,,,prover_commit_started,,,,,,,,,436
030,True,progress,,parallel_cold,,27,,,,,verifier_commit_started,,,,,,,,,445
030,True,progress,,parallel_cold,,28,,,,,fresh_started,,,,,,,,,0
030,True,progress,,parallel_cold,,28,,,,,drivers_started,,,,,,,,,278
030,True,progress,,parallel_cold,,28,,,,,prover_commit_started,,,,,,,,,282
030,True,progress,,parallel_cold,,28,,,,,verifier_commit_started,,,,,,,,,287
030,True,progress,,parallel_cold,,28,,,,,verifier_commit_received,,,,,,,,,292
030,True,progress,,parallel_cold,,27,,,,,verifier_commit_received,,,,,,,,,3111
030,True,progress,,parallel_cold,,28,,,,,prover_commit_returned,,,,,,,,,234282
030,True,progress,,parallel_cold,,28,,,,,verifier_accept_returned,,,,,,,,,234335
030,True,phase,,parallel_cold,prepared,28,,,,,,,,,,,234343,,,
030,True,progress,,parallel_cold,,27,,,,,verifier_accept_returned,,,,,,,,,240112
030,True,progress,,parallel_cold,,27,,,,,prover_commit_returned,,,,,,,,,240155
030,True,phase,,parallel_cold,prepared,27,,,,,,,,,,,240160,,,
030,True,phase,,parallel_cold,verified,27,27,,,,,,,,,,240160,0,113304,
030,True,job,,parallel_cold,,,27,,,,,,,,,,,,,353588
030,True,phase,,parallel_cold,verified,28,28,,,,,,,,,,234343,1,119803,
030,True,job,,parallel_cold,,,28,,,,,,,,,,,,,354322
030,True,block,,parallel_cold,,,,13,,2,,,,,,,,,,354795
030,True,progress,,parallel_cold,,29,,,,,fresh_started,,,,,,,,,0
030,True,progress,,parallel_cold,,29,,,,,drivers_started,,,,,,,,,323
030,True,progress,,parallel_cold,,29,,,,,prover_commit_started,,,,,,,,,334
030,True,progress,,parallel_cold,,29,,,,,verifier_commit_started,,,,,,,,,346
030,True,progress,,parallel_cold,,29,,,,,verifier_commit_received,,,,,,,,,359
030,True,progress,,parallel_cold,,30,,,,,fresh_started,,,,,,,,,0
030,True,progress,,parallel_cold,,30,,,,,drivers_started,,,,,,,,,294
030,True,progress,,parallel_cold,,30,,,,,prover_commit_started,,,,,,,,,300
030,True,progress,,parallel_cold,,30,,,,,verifier_commit_started,,,,,,,,,308
030,True,progress,,parallel_cold,,30,,,,,verifier_commit_received,,,,,,,,,2055
030,True,progress,,parallel_cold,,29,,,,,verifier_accept_returned,,,,,,,,,230172
030,True,progress,,parallel_cold,,29,,,,,prover_commit_returned,,,,,,,,,230390
030,True,phase,,parallel_cold,prepared,29,,,,,,,,,,,230416,,,
030,True,progress,,parallel_cold,,30,,,,,prover_commit_returned,,,,,,,,,250210
030,True,progress,,parallel_cold,,30,,,,,verifier_accept_returned,,,,,,,,,250259
030,True,phase,,parallel_cold,prepared,30,,,,,,,,,,,250291,,,
030,True,phase,,parallel_cold,verified,29,29,,,,,,,,,,230416,0,110356,
030,True,job,,parallel_cold,,,29,,,,,,,,,,,,,341399
030,True,phase,,parallel_cold,verified,30,30,,,,,,,,,,250291,0,100947,
030,True,job,,parallel_cold,,,30,,,,,,,,,,,,,351420
030,True,block,,parallel_cold,,,,14,,2,,,,,,,,,,352676
030,True,progress,,parallel_prepared,,29,,,,,fresh_started,,,,,,,,,0
030,True,progress,,parallel_prepared,,29,,,,,drivers_started,,,,,,,,,396
030,True,progress,,parallel_prepared,,29,,,,,prover_commit_started,,,,,,,,,406
030,True,progress,,parallel_prepared,,29,,,,,verifier_commit_started,,,,,,,,,423
030,True,progress,,parallel_prepared,,29,,,,,verifier_commit_received,,,,,,,,,437
030,True,progress,,parallel_prepared,,30,,,,,fresh_started,,,,,,,,,0
030,True,progress,,parallel_prepared,,30,,,,,drivers_started,,,,,,,,,316
030,True,progress,,parallel_prepared,,30,,,,,prover_commit_started,,,,,,,,,321
030,True,progress,,parallel_prepared,,30,,,,,verifier_commit_started,,,,,,,,,327
030,True,progress,,parallel_prepared,,30,,,,,verifier_commit_received,,,,,,,,,2050
030,True,progress,,parallel_prepared,,30,,,,,verifier_accept_returned,,,,,,,,,225086
030,True,progress,,parallel_prepared,,30,,,,,prover_commit_returned,,,,,,,,,225596
030,True,phase,,parallel_prepared,prepared,30,,,,,,,,,,,225619,,,
030,True,progress,,parallel_prepared,,29,,,,,verifier_accept_returned,,,,,,,,,234721
030,True,progress,,parallel_prepared,,29,,,,,prover_commit_returned,,,,,,,,,235807
030,True,phase,,parallel_prepared,prepared,29,,,,,,,,,,,235829,,,
030,True,phase,,parallel_prepared,verified,30,30,,,,,,,,,,225619,59939,117496,
030,True,job,,parallel_prepared,,,30,,,,,,,,,,,,,117627
030,True,phase,,parallel_prepared,verified,29,29,,,,,,,,,,235829,50649,119068,
030,True,job,,parallel_prepared,,,29,,,,,,,,,,,,,119214
030,True,block,,parallel_prepared,,,,14,,2,,,,,,,,,,405732
030,True,campaign,parallel,,,,,,,60,,,,,,,,,,11560662
030,True,progress,,sustained_cold,,1,,,,,fresh_started,,,,,,,,,0
030,True,progress,,sustained_cold,,1,,,,,drivers_started,,,,,,,,,338
030,True,progress,,sustained_cold,,1,,,,,prover_commit_started,,,,,,,,,345
030,True,progress,,sustained_cold,,1,,,,,verifier_commit_started,,,,,,,,,353
030,True,progress,,sustained_cold,,2,,,,,fresh_started,,,,,,,,,0
030,True,progress,,sustained_cold,,2,,,,,drivers_started,,,,,,,,,272
030,True,progress,,sustained_cold,,2,,,,,prover_commit_started,,,,,,,,,279
030,True,progress,,sustained_cold,,2,,,,,verifier_commit_started,,,,,,,,,284
030,True,progress,,sustained_cold,,2,,,,,verifier_commit_received,,,,,,,,,291
030,True,progress,,sustained_cold,,1,,,,,verifier_commit_received,,,,,,,,,3289
030,True,progress,,sustained_cold,,1,,,,,verifier_accept_returned,,,,,,,,,232834
030,True,progress,,sustained_cold,,1,,,,,prover_commit_returned,,,,,,,,,237494
030,True,phase,,sustained_cold,prepared,1,,,,,,,,,,,237511,,,
030,True,progress,,sustained_cold,,2,,,,,verifier_accept_returned,,,,,,,,,238272
030,True,progress,,sustained_cold,,2,,,,,prover_commit_returned,,,,,,,,,241707
030,True,phase,,sustained_cold,prepared,2,,,,,,,,,,,241732,,,
030,True,phase,,sustained_cold,verified,1,1,,,,,,,,,,237511,12,114723,
030,True,job,,sustained_cold,,,1,,,,,,,,,,,,,352416
030,True,phase,,sustained_cold,verified,2,2,,,,,,,,,,241732,0,111194,
030,True,job,,sustained_cold,,,2,,,,,,,,,,,,,353067
030,True,block,,sustained_cold,,,,0,,2,,,,,,,,,,353467
030,True,progress,,sustained_prepared,,1,,,,,fresh_started,,,,,,,,,0
030,True,progress,,sustained_prepared,,1,,,,,drivers_started,,,,,,,,,346
030,True,progress,,sustained_prepared,,1,,,,,prover_commit_started,,,,,,,,,358
030,True,progress,,sustained_prepared,,1,,,,,verifier_commit_started,,,,,,,,,365
030,True,progress,,sustained_prepared,,1,,,,,verifier_commit_received,,,,,,,,,382
030,True,progress,,sustained_prepared,,1,,,,,verifier_accept_returned,,,,,,,,,196683
030,True,progress,,sustained_prepared,,1,,,,,prover_commit_returned,,,,,,,,,197432
030,True,phase,,sustained_prepared,prepared,1,,,,,,,,,,,197457,,,
030,True,progress,,sustained_prepared,,2,,,,,fresh_started,,,,,,,,,0
030,True,progress,,sustained_prepared,,2,,,,,drivers_started,,,,,,,,,433
030,True,progress,,sustained_prepared,,2,,,,,prover_commit_started,,,,,,,,,447
030,True,progress,,sustained_prepared,,2,,,,,verifier_commit_started,,,,,,,,,457
030,True,progress,,sustained_prepared,,2,,,,,verifier_commit_received,,,,,,,,,479
030,True,progress,,sustained_prepared,,2,,,,,verifier_accept_returned,,,,,,,,,197913
030,True,progress,,sustained_prepared,,2,,,,,prover_commit_returned,,,,,,,,,198664
030,True,phase,,sustained_prepared,prepared,2,,,,,,,,,,,198687,,,
030,True,phase,,sustained_prepared,verified,2,2,,,,,,,,,,198687,53473,116239,
030,True,job,,sustained_prepared,,,2,,,,,,,,,,,,,116392
030,True,phase,,sustained_prepared,verified,1,1,,,,,,,,,,197457,251802,117780,
030,True,job,,sustained_prepared,,,1,,,,,,,,,,,,,117924
030,True,block,,sustained_prepared,,,,0,,2,,,,,,,,,,567218
030,True,progress,,sustained_prepared,,3,,,,,fresh_started,,,,,,,,,0
030,True,progress,,sustained_prepared,,3,,,,,drivers_started,,,,,,,,,363
030,True,progress,,sustained_prepared,,3,,,,,prover_commit_started,,,,,,,,,375
030,True,progress,,sustained_prepared,,3,,,,,verifier_commit_started,,,,,,,,,387
030,True,progress,,sustained_prepared,,3,,,,,verifier_commit_received,,,,,,,,,409
030,True,progress,,sustained_prepared,,3,,,,,verifier_accept_returned,,,,,,,,,195160
030,True,progress,,sustained_prepared,,3,,,,,prover_commit_returned,,,,,,,,,196054
030,True,phase,,sustained_prepared,prepared,3,,,,,,,,,,,196067,,,
030,True,progress,,sustained_prepared,,4,,,,,fresh_started,,,,,,,,,0
030,True,progress,,sustained_prepared,,4,,,,,drivers_started,,,,,,,,,426
030,True,progress,,sustained_prepared,,4,,,,,prover_commit_started,,,,,,,,,449
030,True,progress,,sustained_prepared,,4,,,,,verifier_commit_started,,,,,,,,,462
030,True,progress,,sustained_prepared,,4,,,,,verifier_commit_received,,,,,,,,,485
030,True,progress,,sustained_prepared,,4,,,,,verifier_accept_returned,,,,,,,,,195414
030,True,progress,,sustained_prepared,,4,,,,,prover_commit_returned,,,,,,,,,196264
030,True,phase,,sustained_prepared,prepared,4,,,,,,,,,,,196285,,,
030,True,phase,,sustained_prepared,verified,3,3,,,,,,,,,,196067,249357,115748,
030,True,job,,sustained_prepared,,,3,,,,,,,,,,,,,115975
030,True,phase,,sustained_prepared,verified,4,4,,,,,,,,,,196285,53500,116546,
030,True,job,,sustained_prepared,,,4,,,,,,,,,,,,,116684
030,True,block,,sustained_prepared,,,,1,,2,,,,,,,,,,562560
030,True,progress,,sustained_cold,,3,,,,,fresh_started,,,,,,,,,0
030,True,progress,,sustained_cold,,3,,,,,drivers_started,,,,,,,,,318
030,True,progress,,sustained_cold,,3,,,,,prover_commit_started,,,,,,,,,327
030,True,progress,,sustained_cold,,3,,,,,verifier_commit_started,,,,,,,,,335
030,True,progress,,sustained_cold,,4,,,,,fresh_started,,,,,,,,,0
030,True,progress,,sustained_cold,,4,,,,,drivers_started,,,,,,,,,310
030,True,progress,,sustained_cold,,4,,,,,prover_commit_started,,,,,,,,,314
030,True,progress,,sustained_cold,,4,,,,,verifier_commit_started,,,,,,,,,317
030,True,progress,,sustained_cold,,4,,,,,verifier_commit_received,,,,,,,,,326
030,True,progress,,sustained_cold,,3,,,,,verifier_commit_received,,,,,,,,,3249
030,True,progress,,sustained_cold,,4,,,,,verifier_accept_returned,,,,,,,,,238474
030,True,progress,,sustained_cold,,4,,,,,prover_commit_returned,,,,,,,,,239572
030,True,phase,,sustained_cold,prepared,4,,,,,,,,,,,239610,,,
030,True,progress,,sustained_cold,,3,,,,,verifier_accept_returned,,,,,,,,,244135
030,True,progress,,sustained_cold,,3,,,,,prover_commit_returned,,,,,,,,,244155
030,True,phase,,sustained_cold,prepared,3,,,,,,,,,,,244160,,,
030,True,phase,,sustained_cold,verified,4,4,,,,,,,,,,239610,0,113800,
030,True,job,,sustained_cold,,,4,,,,,,,,,,,,,353559
030,True,phase,,sustained_cold,verified,3,3,,,,,,,,,,244160,0,114116,
030,True,job,,sustained_cold,,,3,,,,,,,,,,,,,358432
030,True,block,,sustained_cold,,,,1,,2,,,,,,,,,,358454
030,True,progress,,sustained_cold,,5,,,,,fresh_started,,,,,,,,,0
030,True,progress,,sustained_cold,,5,,,,,drivers_started,,,,,,,,,374
030,True,progress,,sustained_cold,,5,,,,,prover_commit_started,,,,,,,,,380
030,True,progress,,sustained_cold,,5,,,,,verifier_commit_started,,,,,,,,,386
030,True,progress,,sustained_cold,,5,,,,,verifier_commit_received,,,,,,,,,392
030,True,progress,,sustained_cold,,6,,,,,fresh_started,,,,,,,,,0
030,True,progress,,sustained_cold,,6,,,,,drivers_started,,,,,,,,,342
030,True,progress,,sustained_cold,,6,,,,,prover_commit_started,,,,,,,,,346
030,True,progress,,sustained_cold,,6,,,,,verifier_commit_started,,,,,,,,,350
030,True,progress,,sustained_cold,,6,,,,,verifier_commit_received,,,,,,,,,1902
030,True,progress,,sustained_cold,,6,,,,,verifier_accept_returned,,,,,,,,,239978
030,True,progress,,sustained_cold,,6,,,,,prover_commit_returned,,,,,,,,,240659
030,True,phase,,sustained_cold,prepared,6,,,,,,,,,,,240686,,,
030,True,progress,,sustained_cold,,5,,,,,verifier_accept_returned,,,,,,,,,242203
030,True,progress,,sustained_cold,,5,,,,,prover_commit_returned,,,,,,,,,242724
030,True,phase,,sustained_cold,prepared,5,,,,,,,,,,,242734,,,
030,True,phase,,sustained_cold,verified,6,6,,,,,,,,,,240686,0,112027,
030,True,job,,sustained_cold,,,6,,,,,,,,,,,,,352866
030,True,phase,,sustained_cold,verified,5,5,,,,,,,,,,242734,0,112173,
030,True,job,,sustained_cold,,,5,,,,,,,,,,,,,355063
030,True,block,,sustained_cold,,,,2,,2,,,,,,,,,,355087
030,True,progress,,sustained_prepared,,5,,,,,fresh_started,,,,,,,,,0
030,True,progress,,sustained_prepared,,5,,,,,drivers_started,,,,,,,,,334
030,True,progress,,sustained_prepared,,5,,,,,prover_commit_started,,,,,,,,,341
030,True,progress,,sustained_prepared,,5,,,,,verifier_commit_started,,,,,,,,,352
030,True,progress,,sustained_prepared,,5,,,,,verifier_commit_received,,,,,,,,,358
030,True,progress,,sustained_prepared,,5,,,,,verifier_accept_returned,,,,,,,,,189773
030,True,progress,,sustained_prepared,,5,,,,,prover_commit_returned,,,,,,,,,190658
030,True,phase,,sustained_prepared,prepared,5,,,,,,,,,,,190676,,,
030,True,progress,,sustained_prepared,,6,,,,,fresh_started,,,,,,,,,0
030,True,progress,,sustained_prepared,,6,,,,,drivers_started,,,,,,,,,312
030,True,progress,,sustained_prepared,,6,,,,,prover_commit_started,,,,,,,,,332
030,True,progress,,sustained_prepared,,6,,,,,verifier_commit_started,,,,,,,,,357
030,True,progress,,sustained_prepared,,6,,,,,verifier_commit_received,,,,,,,,,368
030,True,progress,,sustained_prepared,,6,,,,,verifier_accept_returned,,,,,,,,,200889
030,True,progress,,sustained_prepared,,6,,,,,prover_commit_returned,,,,,,,,,201734
030,True,phase,,sustained_prepared,prepared,6,,,,,,,,,,,201744,,,
030,True,phase,,sustained_prepared,verified,5,5,,,,,,,,,,190676,254806,115825,
030,True,job,,sustained_prepared,,,5,,,,,,,,,,,,,115962
030,True,phase,,sustained_prepared,verified,6,6,,,,,,,,,,201744,53433,116547,
030,True,job,,sustained_prepared,,,6,,,,,,,,,,,,,116733
030,True,block,,sustained_prepared,,,,2,,2,,,,,,,,,,562629
030,True,progress,,sustained_prepared,,7,,,,,fresh_started,,,,,,,,,0
030,True,progress,,sustained_prepared,,7,,,,,drivers_started,,,,,,,,,324
030,True,progress,,sustained_prepared,,7,,,,,prover_commit_started,,,,,,,,,332
030,True,progress,,sustained_prepared,,7,,,,,verifier_commit_started,,,,,,,,,342
030,True,progress,,sustained_prepared,,7,,,,,verifier_commit_received,,,,,,,,,348
030,True,progress,,sustained_prepared,,7,,,,,verifier_accept_returned,,,,,,,,,198082
030,True,progress,,sustained_prepared,,7,,,,,prover_commit_returned,,,,,,,,,199012
030,True,phase,,sustained_prepared,prepared,7,,,,,,,,,,,199035,,,
030,True,progress,,sustained_prepared,,8,,,,,fresh_started,,,,,,,,,0
030,True,progress,,sustained_prepared,,8,,,,,drivers_started,,,,,,,,,349
030,True,progress,,sustained_prepared,,8,,,,,prover_commit_started,,,,,,,,,363
030,True,progress,,sustained_prepared,,8,,,,,verifier_commit_started,,,,,,,,,372
030,True,progress,,sustained_prepared,,8,,,,,verifier_commit_received,,,,,,,,,384
030,True,progress,,sustained_prepared,,8,,,,,verifier_accept_returned,,,,,,,,,192213
030,True,progress,,sustained_prepared,,8,,,,,prover_commit_returned,,,,,,,,,193089
030,True,phase,,sustained_prepared,prepared,8,,,,,,,,,,,193102,,,
030,True,phase,,sustained_prepared,verified,8,8,,,,,,,,,,193102,51433,117706,
030,True,job,,sustained_prepared,,,8,,,,,,,,,,,,,117826
030,True,phase,,sustained_prepared,verified,7,7,,,,,,,,,,199035,244163,119381,
030,True,job,,sustained_prepared,,,7,,,,,,,,,,,,,119480
030,True,block,,sustained_prepared,,,,3,,2,,,,,,,,,,562696
030,True,progress,,sustained_cold,,7,,,,,fresh_started,,,,,,,,,0
030,True,progress,,sustained_cold,,7,,,,,drivers_started,,,,,,,,,334
030,True,progress,,sustained_cold,,7,,,,,prover_commit_started,,,,,,,,,340
030,True,progress,,sustained_cold,,7,,,,,verifier_commit_started,,,,,,,,,348
030,True,progress,,sustained_cold,,8,,,,,fresh_started,,,,,,,,,0
030,True,progress,,sustained_cold,,8,,,,,drivers_started,,,,,,,,,318
030,True,progress,,sustained_cold,,8,,,,,prover_commit_started,,,,,,,,,322
030,True,progress,,sustained_cold,,8,,,,,verifier_commit_started,,,,,,,,,325
030,True,progress,,sustained_cold,,8,,,,,verifier_commit_received,,,,,,,,,330
030,True,progress,,sustained_cold,,7,,,,,verifier_commit_received,,,,,,,,,3253
030,True,progress,,sustained_cold,,8,,,,,verifier_accept_returned,,,,,,,,,234983
030,True,progress,,sustained_cold,,8,,,,,prover_commit_returned,,,,,,,,,235385
030,True,phase,,sustained_cold,prepared,8,,,,,,,,,,,235411,,,
030,True,progress,,sustained_cold,,7,,,,,verifier_accept_returned,,,,,,,,,245544
030,True,progress,,sustained_cold,,7,,,,,prover_commit_returned,,,,,,,,,245569
030,True,phase,,sustained_cold,prepared,7,,,,,,,,,,,245574,,,
030,True,phase,,sustained_cold,verified,8,8,,,,,,,,,,235411,0,110596,
030,True,job,,sustained_cold,,,8,,,,,,,,,,,,,346736
030,True,phase,,sustained_cold,verified,7,7,,,,,,,,,,245574,0,109719,
030,True,job,,sustained_cold,,,7,,,,,,,,,,,,,355453
030,True,block,,sustained_cold,,,,3,,2,,,,,,,,,,355490
030,True,progress,,sustained_cold,,9,,,,,fresh_started,,,,,,,,,0
030,True,progress,,sustained_cold,,9,,,,,drivers_started,,,,,,,,,348
030,True,progress,,sustained_cold,,9,,,,,prover_commit_started,,,,,,,,,357
030,True,progress,,sustained_cold,,9,,,,,verifier_commit_started,,,,,,,,,369
030,True,progress,,sustained_cold,,10,,,,,fresh_started,,,,,,,,,0
030,True,progress,,sustained_cold,,10,,,,,drivers_started,,,,,,,,,300
030,True,progress,,sustained_cold,,10,,,,,prover_commit_started,,,,,,,,,306
030,True,progress,,sustained_cold,,10,,,,,verifier_commit_started,,,,,,,,,310
030,True,progress,,sustained_cold,,10,,,,,verifier_commit_received,,,,,,,,,316
030,True,progress,,sustained_cold,,9,,,,,verifier_commit_received,,,,,,,,,3224
030,True,progress,,sustained_cold,,9,,,,,verifier_accept_returned,,,,,,,,,233766
030,True,progress,,sustained_cold,,10,,,,,verifier_accept_returned,,,,,,,,,233883
030,True,progress,,sustained_cold,,9,,,,,prover_commit_returned,,,,,,,,,234699
030,True,phase,,sustained_cold,prepared,9,,,,,,,,,,,234707,,,
030,True,progress,,sustained_cold,,10,,,,,prover_commit_returned,,,,,,,,,234675
030,True,phase,,sustained_cold,prepared,10,,,,,,,,,,,234679,,,
030,True,phase,,sustained_cold,verified,9,9,,,,,,,,,,234707,0,113309,
030,True,job,,sustained_cold,,,9,,,,,,,,,,,,,348176
030,True,phase,,sustained_cold,verified,10,10,,,,,,,,,,234679,0,114049,
030,True,job,,sustained_cold,,,10,,,,,,,,,,,,,348896
030,True,block,,sustained_cold,,,,4,,2,,,,,,,,,,349291
030,True,progress,,sustained_prepared,,9,,,,,fresh_started,,,,,,,,,0
030,True,progress,,sustained_prepared,,9,,,,,drivers_started,,,,,,,,,348
030,True,progress,,sustained_prepared,,9,,,,,prover_commit_started,,,,,,,,,359
030,True,progress,,sustained_prepared,,9,,,,,verifier_commit_started,,,,,,,,,368
030,True,progress,,sustained_prepared,,9,,,,,verifier_commit_received,,,,,,,,,384
030,True,progress,,sustained_prepared,,9,,,,,verifier_accept_returned,,,,,,,,,202928
030,True,progress,,sustained_prepared,,9,,,,,prover_commit_returned,,,,,,,,,203902
030,True,phase,,sustained_prepared,prepared,9,,,,,,,,,,,203913,,,
030,True,progress,,sustained_prepared,,10,,,,,fresh_started,,,,,,,,,0
030,True,progress,,sustained_prepared,,10,,,,,drivers_started,,,,,,,,,337
030,True,progress,,sustained_prepared,,10,,,,,prover_commit_started,,,,,,,,,344
030,True,progress,,sustained_prepared,,10,,,,,verifier_commit_started,,,,,,,,,355
030,True,progress,,sustained_prepared,,10,,,,,verifier_commit_received,,,,,,,,,415
030,True,progress,,sustained_prepared,,10,,,,,verifier_accept_returned,,,,,,,,,198644
030,True,progress,,sustained_prepared,,10,,,,,prover_commit_returned,,,,,,,,,199595
030,True,phase,,sustained_prepared,prepared,10,,,,,,,,,,,199604,,,
030,True,phase,,sustained_prepared,verified,9,9,,,,,,,,,,203913,251646,116888,
030,True,job,,sustained_prepared,,,9,,,,,,,,,,,,,117102
030,True,phase,,sustained_prepared,verified,10,10,,,,,,,,,,199604,52425,117934,
030,True,job,,sustained_prepared,,,10,,,,,,,,,,,,,118261
030,True,block,,sustained_prepared,,,,4,,2,,,,,,,,,,574229
030,True,progress,,sustained_prepared,,11,,,,,fresh_started,,,,,,,,,0
030,True,progress,,sustained_prepared,,11,,,,,drivers_started,,,,,,,,,497
030,True,progress,,sustained_prepared,,11,,,,,prover_commit_started,,,,,,,,,515
030,True,progress,,sustained_prepared,,11,,,,,verifier_commit_started,,,,,,,,,531
030,True,progress,,sustained_prepared,,11,,,,,verifier_commit_received,,,,,,,,,542
030,True,progress,,sustained_prepared,,11,,,,,verifier_accept_returned,,,,,,,,,200499
030,True,progress,,sustained_prepared,,11,,,,,prover_commit_returned,,,,,,,,,201390
030,True,phase,,sustained_prepared,prepared,11,,,,,,,,,,,201410,,,
030,True,progress,,sustained_prepared,,12,,,,,fresh_started,,,,,,,,,0
030,True,progress,,sustained_prepared,,12,,,,,drivers_started,,,,,,,,,465
030,True,progress,,sustained_prepared,,12,,,,,prover_commit_started,,,,,,,,,477
030,True,progress,,sustained_prepared,,12,,,,,verifier_commit_started,,,,,,,,,489
030,True,progress,,sustained_prepared,,12,,,,,verifier_commit_received,,,,,,,,,517
030,True,progress,,sustained_prepared,,12,,,,,verifier_accept_returned,,,,,,,,,199919
030,True,progress,,sustained_prepared,,12,,,,,prover_commit_returned,,,,,,,,,200864
030,True,phase,,sustained_prepared,prepared,12,,,,,,,,,,,200890,,,
030,True,phase,,sustained_prepared,verified,11,11,,,,,,,,,,201410,251943,118347,
030,True,job,,sustained_prepared,,,11,,,,,,,,,,,,,119450
030,True,phase,,sustained_prepared,verified,12,12,,,,,,,,,,200890,51448,120273,
030,True,job,,sustained_prepared,,,12,,,,,,,,,,,,,120415
030,True,block,,sustained_prepared,,,,5,,2,,,,,,,,,,574199
030,True,progress,,sustained_cold,,11,,,,,fresh_started,,,,,,,,,0
030,True,progress,,sustained_cold,,11,,,,,drivers_started,,,,,,,,,382
030,True,progress,,sustained_cold,,11,,,,,prover_commit_started,,,,,,,,,390
030,True,progress,,sustained_cold,,11,,,,,verifier_commit_started,,,,,,,,,399
030,True,progress,,sustained_cold,,12,,,,,fresh_started,,,,,,,,,0
030,True,progress,,sustained_cold,,12,,,,,drivers_started,,,,,,,,,344
030,True,progress,,sustained_cold,,12,,,,,prover_commit_started,,,,,,,,,349
030,True,progress,,sustained_cold,,12,,,,,verifier_commit_started,,,,,,,,,353
030,True,progress,,sustained_cold,,12,,,,,verifier_commit_received,,,,,,,,,360
030,True,progress,,sustained_cold,,11,,,,,verifier_commit_received,,,,,,,,,3182
030,True,progress,,sustained_cold,,12,,,,,verifier_accept_returned,,,,,,,,,242103
030,True,progress,,sustained_cold,,12,,,,,prover_commit_returned,,,,,,,,,243637
030,True,phase,,sustained_cold,prepared,12,,,,,,,,,,,243653,,,
030,True,progress,,sustained_cold,,11,,,,,verifier_accept_returned,,,,,,,,,245489
030,True,progress,,sustained_cold,,11,,,,,prover_commit_returned,,,,,,,,,250768
030,True,phase,,sustained_cold,prepared,11,,,,,,,,,,,250810,,,
030,True,phase,,sustained_cold,verified,12,12,,,,,,,,,,243653,0,115732,
030,True,job,,sustained_cold,,,12,,,,,,,,,,,,,359524
030,True,phase,,sustained_cold,verified,11,11,,,,,,,,,,250810,0,110049,
030,True,job,,sustained_cold,,,11,,,,,,,,,,,,,360995
030,True,block,,sustained_cold,,,,5,,2,,,,,,,,,,361048
030,True,progress,,sustained_cold,,13,,,,,fresh_started,,,,,,,,,0
030,True,progress,,sustained_cold,,13,,,,,drivers_started,,,,,,,,,379
030,True,progress,,sustained_cold,,13,,,,,prover_commit_started,,,,,,,,,386
030,True,progress,,sustained_cold,,13,,,,,verifier_commit_started,,,,,,,,,394
030,True,progress,,sustained_cold,,14,,,,,fresh_started,,,,,,,,,0
030,True,progress,,sustained_cold,,14,,,,,drivers_started,,,,,,,,,339
030,True,progress,,sustained_cold,,14,,,,,prover_commit_started,,,,,,,,,343
030,True,progress,,sustained_cold,,14,,,,,verifier_commit_started,,,,,,,,,347
030,True,progress,,sustained_cold,,13,,,,,verifier_commit_received,,,,,,,,,754
030,True,progress,,sustained_cold,,14,,,,,verifier_commit_received,,,,,,,,,2751
030,True,progress,,sustained_cold,,14,,,,,verifier_accept_returned,,,,,,,,,236618
030,True,progress,,sustained_cold,,14,,,,,prover_commit_returned,,,,,,,,,237264
030,True,phase,,sustained_cold,prepared,14,,,,,,,,,,,237299,,,
030,True,progress,,sustained_cold,,13,,,,,verifier_accept_returned,,,,,,,,,246463
030,True,progress,,sustained_cold,,13,,,,,prover_commit_returned,,,,,,,,,246491
030,True,phase,,sustained_cold,prepared,13,,,,,,,,,,,246496,,,
030,True,phase,,sustained_cold,verified,14,14,,,,,,,,,,237299,1,118424,
030,True,job,,sustained_cold,,,14,,,,,,,,,,,,,356000
030,True,phase,,sustained_cold,verified,13,13,,,,,,,,,,246496,0,110939,
030,True,job,,sustained_cold,,,13,,,,,,,,,,,,,357606
030,True,block,,sustained_cold,,,,6,,2,,,,,,,,,,357627
030,True,progress,,sustained_prepared,,13,,,,,fresh_started,,,,,,,,,0
030,True,progress,,sustained_prepared,,13,,,,,drivers_started,,,,,,,,,367
030,True,progress,,sustained_prepared,,13,,,,,prover_commit_started,,,,,,,,,385
030,True,progress,,sustained_prepared,,13,,,,,verifier_commit_started,,,,,,,,,393
030,True,progress,,sustained_prepared,,13,,,,,verifier_commit_received,,,,,,,,,411
030,True,progress,,sustained_prepared,,13,,,,,verifier_accept_returned,,,,,,,,,192838
030,True,progress,,sustained_prepared,,13,,,,,prover_commit_returned,,,,,,,,,194065
030,True,phase,,sustained_prepared,prepared,13,,,,,,,,,,,194080,,,
030,True,progress,,sustained_prepared,,14,,,,,fresh_started,,,,,,,,,0
030,True,progress,,sustained_prepared,,14,,,,,drivers_started,,,,,,,,,366
030,True,progress,,sustained_prepared,,14,,,,,prover_commit_started,,,,,,,,,373
030,True,progress,,sustained_prepared,,14,,,,,verifier_commit_started,,,,,,,,,380
030,True,progress,,sustained_prepared,,14,,,,,verifier_commit_received,,,,,,,,,390
030,True,progress,,sustained_prepared,,14,,,,,verifier_accept_returned,,,,,,,,,193115
030,True,progress,,sustained_prepared,,14,,,,,prover_commit_returned,,,,,,,,,193979
030,True,phase,,sustained_prepared,prepared,14,,,,,,,,,,,194005,,,
030,True,phase,,sustained_prepared,verified,13,13,,,,,,,,,,194080,247062,111982,
030,True,job,,sustained_prepared,,,13,,,,,,,,,,,,,112233
030,True,phase,,sustained_prepared,verified,14,14,,,,,,,,,,194005,53488,114509,
030,True,job,,sustained_prepared,,,14,,,,,,,,,,,,,114641
030,True,block,,sustained_prepared,,,,6,,2,,,,,,,,,,556241
030,True,progress,,sustained_prepared,,15,,,,,fresh_started,,,,,,,,,0
030,True,progress,,sustained_prepared,,15,,,,,drivers_started,,,,,,,,,450
030,True,progress,,sustained_prepared,,15,,,,,prover_commit_started,,,,,,,,,477
030,True,progress,,sustained_prepared,,15,,,,,verifier_commit_started,,,,,,,,,487
030,True,progress,,sustained_prepared,,15,,,,,verifier_commit_received,,,,,,,,,512
030,True,progress,,sustained_prepared,,15,,,,,verifier_accept_returned,,,,,,,,,197875
030,True,progress,,sustained_prepared,,15,,,,,prover_commit_returned,,,,,,,,,198813
030,True,phase,,sustained_prepared,prepared,15,,,,,,,,,,,198825,,,
030,True,progress,,sustained_prepared,,16,,,,,fresh_started,,,,,,,,,0
030,True,progress,,sustained_prepared,,16,,,,,drivers_started,,,,,,,,,367
030,True,progress,,sustained_prepared,,16,,,,,prover_commit_started,,,,,,,,,373
030,True,progress,,sustained_prepared,,16,,,,,verifier_commit_started,,,,,,,,,382
030,True,progress,,sustained_prepared,,16,,,,,verifier_commit_received,,,,,,,,,389
030,True,progress,,sustained_prepared,,16,,,,,verifier_accept_returned,,,,,,,,,196548
030,True,progress,,sustained_prepared,,16,,,,,prover_commit_returned,,,,,,,,,197478
030,True,phase,,sustained_prepared,prepared,16,,,,,,,,,,,197485,,,
030,True,phase,,sustained_prepared,verified,15,15,,,,,,,,,,198825,250034,116040,
030,True,job,,sustained_prepared,,,15,,,,,,,,,,,,,116274
030,True,phase,,sustained_prepared,verified,16,16,,,,,,,,,,197485,52923,116975,
030,True,job,,sustained_prepared,,,16,,,,,,,,,,,,,117107
030,True,block,,sustained_prepared,,,,7,,2,,,,,,,,,,566376
030,True,progress,,sustained_cold,,15,,,,,fresh_started,,,,,,,,,0
030,True,progress,,sustained_cold,,15,,,,,drivers_started,,,,,,,,,330
030,True,progress,,sustained_cold,,15,,,,,prover_commit_started,,,,,,,,,341
030,True,progress,,sustained_cold,,15,,,,,verifier_commit_started,,,,,,,,,350
030,True,progress,,sustained_cold,,16,,,,,fresh_started,,,,,,,,,0
030,True,progress,,sustained_cold,,16,,,,,drivers_started,,,,,,,,,303
030,True,progress,,sustained_cold,,16,,,,,prover_commit_started,,,,,,,,,308
030,True,progress,,sustained_cold,,16,,,,,verifier_commit_started,,,,,,,,,312
030,True,progress,,sustained_cold,,16,,,,,verifier_commit_received,,,,,,,,,317
030,True,progress,,sustained_cold,,15,,,,,verifier_commit_received,,,,,,,,,3153
030,True,progress,,sustained_cold,,16,,,,,verifier_accept_returned,,,,,,,,,242941
030,True,progress,,sustained_cold,,16,,,,,prover_commit_returned,,,,,,,,,243525
030,True,phase,,sustained_cold,prepared,16,,,,,,,,,,,243539,,,
030,True,progress,,sustained_cold,,15,,,,,verifier_accept_returned,,,,,,,,,248468
030,True,progress,,sustained_cold,,15,,,,,prover_commit_returned,,,,,,,,,248499
030,True,phase,,sustained_cold,prepared,15,,,,,,,,,,,248504,,,
030,True,phase,,sustained_cold,verified,16,16,,,,,,,,,,243539,0,118029,
030,True,job,,sustained_cold,,,16,,,,,,,,,,,,,361808
030,True,phase,,sustained_cold,verified,15,15,,,,,,,,,,248504,0,114810,
030,True,job,,sustained_cold,,,15,,,,,,,,,,,,,363476
030,True,block,,sustained_cold,,,,7,,2,,,,,,,,,,363509
030,True,progress,,sustained_cold,,17,,,,,fresh_started,,,,,,,,,0
030,True,progress,,sustained_cold,,17,,,,,drivers_started,,,,,,,,,355
030,True,progress,,sustained_cold,,17,,,,,prover_commit_started,,,,,,,,,366
030,True,progress,,sustained_cold,,17,,,,,verifier_commit_started,,,,,,,,,376
030,True,progress,,sustained_cold,,18,,,,,fresh_started,,,,,,,,,0
030,True,progress,,sustained_cold,,18,,,,,drivers_started,,,,,,,,,319
030,True,progress,,sustained_cold,,18,,,,,prover_commit_started,,,,,,,,,325
030,True,progress,,sustained_cold,,18,,,,,verifier_commit_started,,,,,,,,,329
030,True,progress,,sustained_cold,,17,,,,,verifier_commit_received,,,,,,,,,721
030,True,progress,,sustained_cold,,18,,,,,verifier_commit_received,,,,,,,,,2846
030,True,progress,,sustained_cold,,18,,,,,verifier_accept_returned,,,,,,,,,234727
030,True,progress,,sustained_cold,,18,,,,,prover_commit_returned,,,,,,,,,236840
030,True,phase,,sustained_cold,prepared,18,,,,,,,,,,,236852,,,
030,True,progress,,sustained_cold,,17,,,,,verifier_accept_returned,,,,,,,,,238508
030,True,progress,,sustained_cold,,17,,,,,prover_commit_returned,,,,,,,,,241568
030,True,phase,,sustained_cold,prepared,17,,,,,,,,,,,241597,,,
030,True,phase,,sustained_cold,verified,18,18,,,,,,,,,,236852,0,112788,
030,True,job,,sustained_cold,,,18,,,,,,,,,,,,,349771
030,True,phase,,sustained_cold,verified,17,17,,,,,,,,,,241597,0,109469,
030,True,job,,sustained_cold,,,17,,,,,,,,,,,,,351204
030,True,block,,sustained_cold,,,,8,,2,,,,,,,,,,351232
030,True,progress,,sustained_prepared,,17,,,,,fresh_started,,,,,,,,,0
030,True,progress,,sustained_prepared,,17,,,,,drivers_started,,,,,,,,,329
030,True,progress,,sustained_prepared,,17,,,,,prover_commit_started,,,,,,,,,341
030,True,progress,,sustained_prepared,,17,,,,,verifier_commit_started,,,,,,,,,348
030,True,progress,,sustained_prepared,,17,,,,,verifier_commit_received,,,,,,,,,370
030,True,progress,,sustained_prepared,,17,,,,,verifier_accept_returned,,,,,,,,,204191
030,True,progress,,sustained_prepared,,17,,,,,prover_commit_returned,,,,,,,,,205405
030,True,phase,,sustained_prepared,prepared,17,,,,,,,,,,,205420,,,
030,True,progress,,sustained_prepared,,18,,,,,fresh_started,,,,,,,,,0
030,True,progress,,sustained_prepared,,18,,,,,drivers_started,,,,,,,,,386
030,True,progress,,sustained_prepared,,18,,,,,prover_commit_started,,,,,,,,,394
030,True,progress,,sustained_prepared,,18,,,,,verifier_commit_started,,,,,,,,,404
030,True,progress,,sustained_prepared,,18,,,,,verifier_commit_received,,,,,,,,,436
030,True,progress,,sustained_prepared,,18,,,,,verifier_accept_returned,,,,,,,,,208432
030,True,progress,,sustained_prepared,,18,,,,,prover_commit_returned,,,,,,,,,209281
030,True,phase,,sustained_prepared,prepared,18,,,,,,,,,,,209307,,,
030,True,phase,,sustained_prepared,verified,18,18,,,,,,,,,,209307,52179,116181,
030,True,job,,sustained_prepared,,,18,,,,,,,,,,,,,116311
030,True,phase,,sustained_prepared,verified,17,17,,,,,,,,,,205420,261115,117846,
030,True,job,,sustained_prepared,,,17,,,,,,,,,,,,,118000
030,True,block,,sustained_prepared,,,,8,,2,,,,,,,,,,584567
030,True,progress,,sustained_prepared,,19,,,,,fresh_started,,,,,,,,,0
030,True,progress,,sustained_prepared,,19,,,,,drivers_started,,,,,,,,,361
030,True,progress,,sustained_prepared,,19,,,,,prover_commit_started,,,,,,,,,377
030,True,progress,,sustained_prepared,,19,,,,,verifier_commit_started,,,,,,,,,388
030,True,progress,,sustained_prepared,,19,,,,,verifier_commit_received,,,,,,,,,414
030,True,progress,,sustained_prepared,,19,,,,,verifier_accept_returned,,,,,,,,,205708
030,True,progress,,sustained_prepared,,19,,,,,prover_commit_returned,,,,,,,,,206797
030,True,phase,,sustained_prepared,prepared,19,,,,,,,,,,,206809,,,
030,True,progress,,sustained_prepared,,20,,,,,fresh_started,,,,,,,,,0
030,True,progress,,sustained_prepared,,20,,,,,drivers_started,,,,,,,,,329
030,True,progress,,sustained_prepared,,20,,,,,prover_commit_started,,,,,,,,,335
030,True,progress,,sustained_prepared,,20,,,,,verifier_commit_started,,,,,,,,,345
030,True,progress,,sustained_prepared,,20,,,,,verifier_commit_received,,,,,,,,,365
030,True,progress,,sustained_prepared,,20,,,,,verifier_accept_returned,,,,,,,,,196719
030,True,progress,,sustained_prepared,,20,,,,,prover_commit_returned,,,,,,,,,197697
030,True,phase,,sustained_prepared,prepared,20,,,,,,,,,,,197715,,,
030,True,phase,,sustained_prepared,verified,20,20,,,,,,,,,,197715,51666,115877,
030,True,job,,sustained_prepared,,,20,,,,,,,,,,,,,116031
030,True,phase,,sustained_prepared,verified,19,19,,,,,,,,,,206809,249017,117385,
030,True,job,,sustained_prepared,,,19,,,,,,,,,,,,,117530
030,True,block,,sustained_prepared,,,,9,,2,,,,,,,,,,573390
030,True,progress,,sustained_cold,,19,,,,,fresh_started,,,,,,,,,0
030,True,progress,,sustained_cold,,19,,,,,drivers_started,,,,,,,,,311
030,True,progress,,sustained_cold,,19,,,,,prover_commit_started,,,,,,,,,327
030,True,progress,,sustained_cold,,19,,,,,verifier_commit_started,,,,,,,,,339
030,True,progress,,sustained_cold,,20,,,,,fresh_started,,,,,,,,,0
030,True,progress,,sustained_cold,,20,,,,,drivers_started,,,,,,,,,254
030,True,progress,,sustained_cold,,20,,,,,prover_commit_started,,,,,,,,,272
030,True,progress,,sustained_cold,,20,,,,,verifier_commit_started,,,,,,,,,279
030,True,progress,,sustained_cold,,19,,,,,verifier_commit_received,,,,,,,,,632
030,True,progress,,sustained_cold,,20,,,,,verifier_commit_received,,,,,,,,,2894
030,True,progress,,sustained_cold,,19,,,,,verifier_accept_returned,,,,,,,,,241729
030,True,progress,,sustained_cold,,20,,,,,verifier_accept_returned,,,,,,,,,242168
030,True,progress,,sustained_cold,,19,,,,,prover_commit_returned,,,,,,,,,242712
030,True,phase,,sustained_cold,prepared,19,,,,,,,,,,,242729,,,
030,True,progress,,sustained_cold,,20,,,,,prover_commit_returned,,,,,,,,,242776
030,True,phase,,sustained_cold,prepared,20,,,,,,,,,,,242782,,,
030,True,phase,,sustained_cold,verified,20,20,,,,,,,,,,242782,0,118344,
030,True,job,,sustained_cold,,,20,,,,,,,,,,,,,361267
030,True,phase,,sustained_cold,verified,19,19,,,,,,,,,,242729,1,119724,
030,True,job,,sustained_cold,,,19,,,,,,,,,,,,,362674
030,True,block,,sustained_cold,,,,9,,2,,,,,,,,,,362692
030,True,progress,,sustained_cold,,21,,,,,fresh_started,,,,,,,,,0
030,True,progress,,sustained_cold,,21,,,,,drivers_started,,,,,,,,,324
030,True,progress,,sustained_cold,,21,,,,,prover_commit_started,,,,,,,,,329
030,True,progress,,sustained_cold,,21,,,,,verifier_commit_started,,,,,,,,,337
030,True,progress,,sustained_cold,,22,,,,,fresh_started,,,,,,,,,0
030,True,progress,,sustained_cold,,22,,,,,drivers_started,,,,,,,,,313
030,True,progress,,sustained_cold,,22,,,,,prover_commit_started,,,,,,,,,317
030,True,progress,,sustained_cold,,22,,,,,verifier_commit_started,,,,,,,,,320
030,True,progress,,sustained_cold,,21,,,,,verifier_commit_received,,,,,,,,,669
030,True,progress,,sustained_cold,,22,,,,,verifier_commit_received,,,,,,,,,2736
030,True,progress,,sustained_cold,,22,,,,,verifier_accept_returned,,,,,,,,,255200
030,True,progress,,sustained_cold,,21,,,,,verifier_accept_returned,,,,,,,,,255912
030,True,progress,,sustained_cold,,21,,,,,prover_commit_returned,,,,,,,,,256765
030,True,phase,,sustained_cold,prepared,21,,,,,,,,,,,256780,,,
030,True,progress,,sustained_cold,,22,,,,,prover_commit_returned,,,,,,,,,256795
030,True,phase,,sustained_cold,prepared,22,,,,,,,,,,,256801,,,
030,True,phase,,sustained_cold,verified,22,22,,,,,,,,,,256801,0,118546,
030,True,job,,sustained_cold,,,22,,,,,,,,,,,,,375502
030,True,phase,,sustained_cold,verified,21,21,,,,,,,,,,256780,0,120248,
030,True,job,,sustained_cold,,,21,,,,,,,,,,,,,377200
030,True,block,,sustained_cold,,,,10,,2,,,,,,,,,,377221
030,True,progress,,sustained_prepared,,21,,,,,fresh_started,,,,,,,,,0
030,True,progress,,sustained_prepared,,21,,,,,drivers_started,,,,,,,,,320
030,True,progress,,sustained_prepared,,21,,,,,prover_commit_started,,,,,,,,,325
030,True,progress,,sustained_prepared,,21,,,,,verifier_commit_started,,,,,,,,,335
030,True,progress,,sustained_prepared,,21,,,,,verifier_commit_received,,,,,,,,,355
030,True,progress,,sustained_prepared,,21,,,,,verifier_accept_returned,,,,,,,,,192753
030,True,progress,,sustained_prepared,,21,,,,,prover_commit_returned,,,,,,,,,193686
030,True,phase,,sustained_prepared,prepared,21,,,,,,,,,,,193697,,,
030,True,progress,,sustained_prepared,,22,,,,,fresh_started,,,,,,,,,0
030,True,progress,,sustained_prepared,,22,,,,,drivers_started,,,,,,,,,390
030,True,progress,,sustained_prepared,,22,,,,,prover_commit_started,,,,,,,,,405
030,True,progress,,sustained_prepared,,22,,,,,verifier_commit_started,,,,,,,,,413
030,True,progress,,sustained_prepared,,22,,,,,verifier_commit_received,,,,,,,,,426
030,True,progress,,sustained_prepared,,22,,,,,verifier_accept_returned,,,,,,,,,200580
030,True,progress,,sustained_prepared,,22,,,,,prover_commit_returned,,,,,,,,,201396
030,True,phase,,sustained_prepared,prepared,22,,,,,,,,,,,201406,,,
030,True,phase,,sustained_prepared,verified,21,21,,,,,,,,,,193697,254457,115364,
030,True,job,,sustained_prepared,,,21,,,,,,,,,,,,,115631
030,True,phase,,sustained_prepared,verified,22,22,,,,,,,,,,201406,53424,116249,
030,True,job,,sustained_prepared,,,22,,,,,,,,,,,,,116422
030,True,block,,sustained_prepared,,,,10,,2,,,,,,,,,,564973
030,True,progress,,sustained_prepared,,23,,,,,fresh_started,,,,,,,,,0
030,True,progress,,sustained_prepared,,23,,,,,drivers_started,,,,,,,,,327
030,True,progress,,sustained_prepared,,23,,,,,prover_commit_started,,,,,,,,,333
030,True,progress,,sustained_prepared,,23,,,,,verifier_commit_started,,,,,,,,,341
030,True,progress,,sustained_prepared,,23,,,,,verifier_commit_received,,,,,,,,,358
030,True,progress,,sustained_prepared,,23,,,,,verifier_accept_returned,,,,,,,,,196954
030,True,progress,,sustained_prepared,,23,,,,,prover_commit_returned,,,,,,,,,197773
030,True,phase,,sustained_prepared,prepared,23,,,,,,,,,,,197799,,,
030,True,progress,,sustained_prepared,,24,,,,,fresh_started,,,,,,,,,0
030,True,progress,,sustained_prepared,,24,,,,,drivers_started,,,,,,,,,327
030,True,progress,,sustained_prepared,,24,,,,,prover_commit_started,,,,,,,,,345
030,True,progress,,sustained_prepared,,24,,,,,verifier_commit_started,,,,,,,,,357
030,True,progress,,sustained_prepared,,24,,,,,verifier_commit_received,,,,,,,,,381
030,True,progress,,sustained_prepared,,24,,,,,verifier_accept_returned,,,,,,,,,200749
030,True,progress,,sustained_prepared,,24,,,,,prover_commit_returned,,,,,,,,,201750
030,True,phase,,sustained_prepared,prepared,24,,,,,,,,,,,201775,,,
030,True,phase,,sustained_prepared,verified,23,23,,,,,,,,,,197799,254836,114457,
030,True,job,,sustained_prepared,,,23,,,,,,,,,,,,,114696
030,True,phase,,sustained_prepared,verified,24,24,,,,,,,,,,201775,53489,115243,
030,True,job,,sustained_prepared,,,24,,,,,,,,,,,,,115380
030,True,block,,sustained_prepared,,,,11,,2,,,,,,,,,,568487
030,True,progress,,sustained_cold,,23,,,,,fresh_started,,,,,,,,,0
030,True,progress,,sustained_cold,,23,,,,,drivers_started,,,,,,,,,336
030,True,progress,,sustained_cold,,23,,,,,prover_commit_started,,,,,,,,,345
030,True,progress,,sustained_cold,,23,,,,,verifier_commit_started,,,,,,,,,354
030,True,progress,,sustained_cold,,24,,,,,fresh_started,,,,,,,,,0
030,True,progress,,sustained_cold,,24,,,,,drivers_started,,,,,,,,,278
030,True,progress,,sustained_cold,,24,,,,,prover_commit_started,,,,,,,,,282
030,True,progress,,sustained_cold,,24,,,,,verifier_commit_started,,,,,,,,,287
030,True,progress,,sustained_cold,,24,,,,,verifier_commit_received,,,,,,,,,293
030,True,progress,,sustained_cold,,23,,,,,verifier_commit_received,,,,,,,,,2990
030,True,progress,,sustained_cold,,24,,,,,verifier_accept_returned,,,,,,,,,229550
030,True,progress,,sustained_cold,,24,,,,,prover_commit_returned,,,,,,,,,230381
030,True,phase,,sustained_cold,prepared,24,,,,,,,,,,,230407,,,
030,True,progress,,sustained_cold,,23,,,,,verifier_accept_returned,,,,,,,,,231143
030,True,progress,,sustained_cold,,23,,,,,prover_commit_returned,,,,,,,,,231724
030,True,phase,,sustained_cold,prepared,23,,,,,,,,,,,231735,,,
030,True,phase,,sustained_cold,verified,24,24,,,,,,,,,,230407,0,111960,
030,True,job,,sustained_cold,,,24,,,,,,,,,,,,,342631
030,True,phase,,sustained_cold,verified,23,23,,,,,,,,,,231735,0,112709,
030,True,job,,sustained_cold,,,23,,,,,,,,,,,,,344584
030,True,block,,sustained_cold,,,,11,,2,,,,,,,,,,344600
030,True,progress,,sustained_cold,,25,,,,,fresh_started,,,,,,,,,0
030,True,progress,,sustained_cold,,25,,,,,drivers_started,,,,,,,,,389
030,True,progress,,sustained_cold,,25,,,,,prover_commit_started,,,,,,,,,395
030,True,progress,,sustained_cold,,25,,,,,verifier_commit_started,,,,,,,,,402
030,True,progress,,sustained_cold,,25,,,,,verifier_commit_received,,,,,,,,,408
030,True,progress,,sustained_cold,,26,,,,,fresh_started,,,,,,,,,0
030,True,progress,,sustained_cold,,26,,,,,drivers_started,,,,,,,,,339
030,True,progress,,sustained_cold,,26,,,,,prover_commit_started,,,,,,,,,342
030,True,progress,,sustained_cold,,26,,,,,verifier_commit_started,,,,,,,,,346
030,True,progress,,sustained_cold,,26,,,,,verifier_commit_received,,,,,,,,,1902
030,True,progress,,sustained_cold,,25,,,,,verifier_accept_returned,,,,,,,,,236855
030,True,progress,,sustained_cold,,25,,,,,prover_commit_returned,,,,,,,,,237271
030,True,phase,,sustained_cold,prepared,25,,,,,,,,,,,237296,,,
030,True,progress,,sustained_cold,,26,,,,,verifier_accept_returned,,,,,,,,,236952
030,True,progress,,sustained_cold,,26,,,,,prover_commit_returned,,,,,,,,,237960
030,True,phase,,sustained_cold,prepared,26,,,,,,,,,,,237967,,,
030,True,phase,,sustained_cold,verified,25,25,,,,,,,,,,237296,0,114546,
030,True,job,,sustained_cold,,,25,,,,,,,,,,,,,351986
030,True,phase,,sustained_cold,verified,26,26,,,,,,,,,,237967,0,113746,
030,True,job,,sustained_cold,,,26,,,,,,,,,,,,,351839
030,True,block,,sustained_cold,,,,12,,2,,,,,,,,,,353015
030,True,progress,,sustained_prepared,,25,,,,,fresh_started,,,,,,,,,0
030,True,progress,,sustained_prepared,,25,,,,,drivers_started,,,,,,,,,361
030,True,progress,,sustained_prepared,,25,,,,,prover_commit_started,,,,,,,,,371
030,True,progress,,sustained_prepared,,25,,,,,verifier_commit_started,,,,,,,,,383
030,True,progress,,sustained_prepared,,25,,,,,verifier_commit_received,,,,,,,,,389
030,True,progress,,sustained_prepared,,25,,,,,verifier_accept_returned,,,,,,,,,193597
030,True,progress,,sustained_prepared,,25,,,,,prover_commit_returned,,,,,,,,,194500
030,True,phase,,sustained_prepared,prepared,25,,,,,,,,,,,194523,,,
030,True,progress,,sustained_prepared,,26,,,,,fresh_started,,,,,,,,,0
030,True,progress,,sustained_prepared,,26,,,,,drivers_started,,,,,,,,,385
030,True,progress,,sustained_prepared,,26,,,,,prover_commit_started,,,,,,,,,399
030,True,progress,,sustained_prepared,,26,,,,,verifier_commit_started,,,,,,,,,408
030,True,progress,,sustained_prepared,,26,,,,,verifier_commit_received,,,,,,,,,429
030,True,progress,,sustained_prepared,,26,,,,,verifier_accept_returned,,,,,,,,,192241
030,True,progress,,sustained_prepared,,26,,,,,prover_commit_returned,,,,,,,,,193091
030,True,phase,,sustained_prepared,prepared,26,,,,,,,,,,,193099,,,
030,True,phase,,sustained_prepared,verified,26,26,,,,,,,,,,193099,53440,115934,
030,True,job,,sustained_prepared,,,26,,,,,,,,,,,,,116076
030,True,phase,,sustained_prepared,verified,25,25,,,,,,,,,,194523,246152,117429,
030,True,job,,sustained_prepared,,,25,,,,,,,,,,,,,117609
030,True,block,,sustained_prepared,,,,12,,2,,,,,,,,,,558302
030,True,progress,,sustained_prepared,,27,,,,,fresh_started,,,,,,,,,0
030,True,progress,,sustained_prepared,,27,,,,,drivers_started,,,,,,,,,378
030,True,progress,,sustained_prepared,,27,,,,,prover_commit_started,,,,,,,,,383
030,True,progress,,sustained_prepared,,27,,,,,verifier_commit_started,,,,,,,,,395
030,True,progress,,sustained_prepared,,27,,,,,verifier_commit_received,,,,,,,,,400
030,True,progress,,sustained_prepared,,27,,,,,verifier_accept_returned,,,,,,,,,191128
030,True,progress,,sustained_prepared,,27,,,,,prover_commit_returned,,,,,,,,,191930
030,True,phase,,sustained_prepared,prepared,27,,,,,,,,,,,191954,,,
030,True,progress,,sustained_prepared,,28,,,,,fresh_started,,,,,,,,,0
030,True,progress,,sustained_prepared,,28,,,,,drivers_started,,,,,,,,,349
030,True,progress,,sustained_prepared,,28,,,,,prover_commit_started,,,,,,,,,362
030,True,progress,,sustained_prepared,,28,,,,,verifier_commit_started,,,,,,,,,371
030,True,progress,,sustained_prepared,,28,,,,,verifier_commit_received,,,,,,,,,383
030,True,progress,,sustained_prepared,,28,,,,,verifier_accept_returned,,,,,,,,,199490
030,True,progress,,sustained_prepared,,28,,,,,prover_commit_returned,,,,,,,,,200525
030,True,phase,,sustained_prepared,prepared,28,,,,,,,,,,,200546,,,
030,True,phase,,sustained_prepared,verified,28,28,,,,,,,,,,200546,53011,117661,
030,True,job,,sustained_prepared,,,28,,,,,,,,,,,,,117801
030,True,phase,,sustained_prepared,verified,27,27,,,,,,,,,,191954,253197,119222,
030,True,job,,sustained_prepared,,,27,,,,,,,,,,,,,119385
030,True,block,,sustained_prepared,,,,13,,2,,,,,,,,,,564556
030,True,progress,,sustained_cold,,27,,,,,fresh_started,,,,,,,,,0
030,True,progress,,sustained_cold,,27,,,,,drivers_started,,,,,,,,,361
030,True,progress,,sustained_cold,,27,,,,,prover_commit_started,,,,,,,,,369
030,True,progress,,sustained_cold,,27,,,,,verifier_commit_started,,,,,,,,,382
030,True,progress,,sustained_cold,,28,,,,,fresh_started,,,,,,,,,0
030,True,progress,,sustained_cold,,28,,,,,drivers_started,,,,,,,,,295
030,True,progress,,sustained_cold,,28,,,,,prover_commit_started,,,,,,,,,316
030,True,progress,,sustained_cold,,28,,,,,verifier_commit_started,,,,,,,,,320
030,True,progress,,sustained_cold,,27,,,,,verifier_commit_received,,,,,,,,,719
030,True,progress,,sustained_cold,,28,,,,,verifier_commit_received,,,,,,,,,2913
030,True,progress,,sustained_cold,,27,,,,,verifier_accept_returned,,,,,,,,,234349
030,True,progress,,sustained_cold,,27,,,,,prover_commit_returned,,,,,,,,,235139
030,True,phase,,sustained_cold,prepared,27,,,,,,,,,,,235152,,,
030,True,progress,,sustained_cold,,28,,,,,prover_commit_returned,,,,,,,,,239023
030,True,progress,,sustained_cold,,28,,,,,verifier_accept_returned,,,,,,,,,239050
030,True,phase,,sustained_cold,prepared,28,,,,,,,,,,,239056,,,
030,True,phase,,sustained_cold,verified,27,27,,,,,,,,,,235152,0,115970,
030,True,job,,sustained_cold,,,27,,,,,,,,,,,,,351364
030,True,phase,,sustained_cold,verified,28,28,,,,,,,,,,239056,0,113180,
030,True,job,,sustained_cold,,,28,,,,,,,,,,,,,352381
030,True,block,,sustained_cold,,,,13,,2,,,,,,,,,,352792
030,True,progress,,sustained_cold,,29,,,,,fresh_started,,,,,,,,,0
030,True,progress,,sustained_cold,,29,,,,,drivers_started,,,,,,,,,356
030,True,progress,,sustained_cold,,29,,,,,prover_commit_started,,,,,,,,,362
030,True,progress,,sustained_cold,,29,,,,,verifier_commit_started,,,,,,,,,370
030,True,progress,,sustained_cold,,29,,,,,verifier_commit_received,,,,,,,,,376
030,True,progress,,sustained_cold,,30,,,,,fresh_started,,,,,,,,,0
030,True,progress,,sustained_cold,,30,,,,,drivers_started,,,,,,,,,318
030,True,progress,,sustained_cold,,30,,,,,prover_commit_started,,,,,,,,,323
030,True,progress,,sustained_cold,,30,,,,,verifier_commit_started,,,,,,,,,329
030,True,progress,,sustained_cold,,30,,,,,verifier_commit_received,,,,,,,,,1911
030,True,progress,,sustained_cold,,29,,,,,verifier_accept_returned,,,,,,,,,233402
030,True,progress,,sustained_cold,,30,,,,,verifier_accept_returned,,,,,,,,,232698
030,True,progress,,sustained_cold,,29,,,,,prover_commit_returned,,,,,,,,,234262
030,True,phase,,sustained_cold,prepared,29,,,,,,,,,,,234281,,,
030,True,progress,,sustained_cold,,30,,,,,prover_commit_returned,,,,,,,,,233469
030,True,phase,,sustained_cold,prepared,30,,,,,,,,,,,233474,,,
030,True,phase,,sustained_cold,verified,29,29,,,,,,,,,,234281,0,111744,
030,True,job,,sustained_cold,,,29,,,,,,,,,,,,,346286
030,True,phase,,sustained_cold,verified,30,30,,,,,,,,,,233474,0,112797,
030,True,job,,sustained_cold,,,30,,,,,,,,,,,,,346413
030,True,block,,sustained_cold,,,,14,,2,,,,,,,,,,347607
030,True,progress,,sustained_prepared,,29,,,,,fresh_started,,,,,,,,,0
030,True,progress,,sustained_prepared,,29,,,,,drivers_started,,,,,,,,,380
030,True,progress,,sustained_prepared,,29,,,,,prover_commit_started,,,,,,,,,390
030,True,progress,,sustained_prepared,,29,,,,,verifier_commit_started,,,,,,,,,399
030,True,progress,,sustained_prepared,,29,,,,,verifier_commit_received,,,,,,,,,421
030,True,progress,,sustained_prepared,,29,,,,,verifier_accept_returned,,,,,,,,,198646
030,True,progress,,sustained_prepared,,29,,,,,prover_commit_returned,,,,,,,,,199537
030,True,phase,,sustained_prepared,prepared,29,,,,,,,,,,,199549,,,
030,True,progress,,sustained_prepared,,30,,,,,fresh_started,,,,,,,,,0
030,True,progress,,sustained_prepared,,30,,,,,drivers_started,,,,,,,,,337
030,True,progress,,sustained_prepared,,30,,,,,prover_commit_started,,,,,,,,,348
030,True,progress,,sustained_prepared,,30,,,,,verifier_commit_started,,,,,,,,,355
030,True,progress,,sustained_prepared,,30,,,,,verifier_commit_received,,,,,,,,,373
030,True,progress,,sustained_prepared,,30,,,,,verifier_accept_returned,,,,,,,,,192972
030,True,progress,,sustained_prepared,,30,,,,,prover_commit_returned,,,,,,,,,194011
030,True,phase,,sustained_prepared,prepared,30,,,,,,,,,,,194042,,,
030,True,phase,,sustained_prepared,verified,29,29,,,,,,,,,,199549,247089,118097,
030,True,job,,sustained_prepared,,,29,,,,,,,,,,,,,118306
030,True,phase,,sustained_prepared,verified,30,30,,,,,,,,,,194042,53430,118959,
030,True,job,,sustained_prepared,,,30,,,,,,,,,,,,,119130
030,True,block,,sustained_prepared,,,,14,,2,,,,,,,,,,566181
030,True,campaign,serial,,,,,,,60,,,,,,,,,,13849872
031,False,progress,,bounded_burst,,1,,,,,fresh_started,,,,,,,,,0
031,False,progress,,bounded_burst,,1,,,,,drivers_started,,,,,,,,,371
031,False,progress,,bounded_burst,,1,,,,,prover_commit_started,,,,,,,,,390
031,False,progress,,bounded_burst,,1,,,,,verifier_commit_started,,,,,,,,,435
031,False,progress,,bounded_burst,,1,,,,,verifier_commit_received,,,,,,,,,457
031,False,progress,,bounded_burst,,1,,,,,verifier_accept_returned,,,,,,,,,216507
031,False,progress,,bounded_burst,,1,,,,,prover_commit_returned,,,,,,,,,217295
031,False,phase,,bounded_burst,prepared,1,,,,,,,,,,,217327,,,
031,False,progress,,bounded_burst,,2,,,,,fresh_started,,,,,,,,,0
031,False,progress,,bounded_burst,,2,,,,,drivers_started,,,,,,,,,327
031,False,progress,,bounded_burst,,2,,,,,prover_commit_started,,,,,,,,,336
031,False,progress,,bounded_burst,,2,,,,,verifier_commit_started,,,,,,,,,350
031,False,progress,,bounded_burst,,2,,,,,verifier_commit_received,,,,,,,,,369
031,False,progress,,bounded_burst,,2,,,,,verifier_accept_returned,,,,,,,,,204428
031,False,progress,,bounded_burst,,2,,,,,prover_commit_returned,,,,,,,,,205312
031,False,phase,,bounded_burst,prepared,2,,,,,,,,,,,205322,,,
031,False,phase,,bounded_burst,verified,1,101,,,,,,,,,,217327,258034,115855,
031,False,phase,,bounded_burst,verified,2,102,,,,,,,,,,205322,52792,117120,
031,False,progress,,bounded_burst,,3,,,,,fresh_started,,,,,,,,,0
031,False,progress,,bounded_burst,,3,,,,,drivers_started,,,,,,,,,399
031,False,progress,,bounded_burst,,3,,,,,prover_commit_started,,,,,,,,,413
031,False,progress,,bounded_burst,,3,,,,,verifier_commit_started,,,,,,,,,429
031,False,progress,,bounded_burst,,3,,,,,verifier_commit_received,,,,,,,,,453
031,False,progress,,bounded_burst,,3,,,,,verifier_accept_returned,,,,,,,,,208224
031,False,progress,,bounded_burst,,3,,,,,prover_commit_returned,,,,,,,,,208984
031,False,phase,,bounded_burst,prepared,3,,,,,,,,,,,209007,,,
031,False,progress,,bounded_burst,,4,,,,,fresh_started,,,,,,,,,0
031,False,progress,,bounded_burst,,4,,,,,drivers_started,,,,,,,,,352
031,False,progress,,bounded_burst,,4,,,,,prover_commit_started,,,,,,,,,362
031,False,progress,,bounded_burst,,4,,,,,verifier_commit_started,,,,,,,,,372
031,False,progress,,bounded_burst,,4,,,,,verifier_commit_received,,,,,,,,,394
031,False,progress,,bounded_burst,,4,,,,,verifier_accept_returned,,,,,,,,,198146
031,False,progress,,bounded_burst,,4,,,,,prover_commit_returned,,,,,,,,,199036
031,False,phase,,bounded_burst,prepared,4,,,,,,,,,,,199064,,,
031,False,progress,,pending_cancel,,1,,,,,fresh_started,,,,,,,,,0
031,False,progress,,pending_cancel,,1,,,,,drivers_started,,,,,,,,,353
031,False,progress,,pending_cancel,,1,,,,,prover_commit_started,,,,,,,,,363
031,False,progress,,pending_cancel,,1,,,,,verifier_commit_started,,,,,,,,,372
031,False,progress,,pending_cancel,,1,,,,,verifier_commit_received,,,,,,,,,386
031,False,progress,,pending_cancel,,2,,,,,fresh_started,,,,,,,,,0
031,False,progress,,pending_cancel,,2,,,,,drivers_started,,,,,,,,,318
031,False,progress,,pending_cancel,,2,,,,,prover_commit_started,,,,,,,,,325
031,False,progress,,pending_cancel,,2,,,,,verifier_commit_started,,,,,,,,,330
031,False,progress,,pending_cancel,,2,,,,,verifier_commit_received,,,,,,,,,335
031,False,progress,,pending_cancel,,2,,,,,verifier_accept_returned,,,,,,,,,197218
031,False,progress,,pending_cancel,,2,,,,,prover_commit_returned,,,,,,,,,198108
031,False,phase,,pending_cancel,prepared,2,,,,,,,,,,,198123,,,
031,False,phase,,pending_cancel,verified,2,301,,,,,,,,,,198123,7,70462,
031,False,progress,,expiry_cancel,,1,,,,,fresh_started,,,,,,,,,0
031,False,progress,,expiry_cancel,,1,,,,,drivers_started,,,,,,,,,305
031,False,progress,,expiry_cancel,,1,,,,,prover_commit_started,,,,,,,,,310
031,False,progress,,expiry_cancel,,1,,,,,verifier_commit_started,,,,,,,,,316
031,False,progress,,expiry_cancel,,1,,,,,verifier_commit_received,,,,,,,,,322
031,False,progress,,expiry_cancel,,1,,,,,verifier_accept_returned,,,,,,,,,201751
031,False,progress,,expiry_cancel,,1,,,,,prover_commit_returned,,,,,,,,,202782
031,False,phase,,expiry_cancel,prepared,1,,,,,,,,,,,202803,,,
031,False,progress,,expiry_cancel,,2,,,,,fresh_started,,,,,,,,,0
031,False,progress,,expiry_cancel,,2,,,,,drivers_started,,,,,,,,,357
031,False,progress,,expiry_cancel,,2,,,,,prover_commit_started,,,,,,,,,371
031,False,progress,,expiry_cancel,,2,,,,,verifier_commit_started,,,,,,,,,385
031,False,progress,,expiry_cancel,,2,,,,,verifier_commit_received,,,,,,,,,400
031,False,progress,,expiry_cancel,,2,,,,,verifier_accept_returned,,,,,,,,,198981
031,False,progress,,expiry_cancel,,2,,,,,prover_commit_returned,,,,,,,,,199758
031,False,phase,,expiry_cancel,prepared,2,,,,,,,,,,,199782,,,
031,False,progress,,expiry_cancel,,3,,,,,fresh_started,,,,,,,,,0
031,False,progress,,expiry_cancel,,3,,,,,drivers_started,,,,,,,,,372
031,False,progress,,expiry_cancel,,3,,,,,prover_commit_started,,,,,,,,,386
031,False,progress,,expiry_cancel,,3,,,,,verifier_commit_started,,,,,,,,,394
031,False,progress,,expiry_cancel,,3,,,,,verifier_commit_received,,,,,,,,,420
031,False,progress,,expiry_cancel,,3,,,,,verifier_accept_returned,,,,,,,,,195969
031,False,progress,,expiry_cancel,,3,,,,,prover_commit_returned,,,,,,,,,196778
031,False,phase,,expiry_cancel,prepared,3,,,,,,,,,,,196802,,,
031,False,progress,,expiry_cancel,,4,,,,,fresh_started,,,,,,,,,0
031,False,progress,,expiry_cancel,,4,,,,,drivers_started,,,,,,,,,374
031,False,progress,,expiry_cancel,,4,,,,,prover_commit_started,,,,,,,,,385
031,False,progress,,expiry_cancel,,4,,,,,verifier_commit_started,,,,,,,,,395
031,False,progress,,expiry_cancel,,4,,,,,verifier_commit_received,,,,,,,,,412
031,False,progress,,expiry_cancel,,4,,,,,verifier_accept_returned,,,,,,,,,191661
031,False,progress,,expiry_cancel,,4,,,,,prover_commit_returned,,,,,,,,,192562
031,False,phase,,expiry_cancel,prepared,4,,,,,,,,,,,192590,,,
031,False,progress,,expiry_cancel,,5,,,,,fresh_started,,,,,,,,,0
031,False,progress,,expiry_cancel,,5,,,,,drivers_started,,,,,,,,,439
031,False,progress,,expiry_cancel,,5,,,,,prover_commit_started,,,,,,,,,455
031,False,progress,,expiry_cancel,,5,,,,,verifier_commit_started,,,,,,,,,468
031,False,progress,,expiry_cancel,,5,,,,,verifier_commit_received,,,,,,,,,492
031,False,progress,,expiry_cancel,,5,,,,,verifier_accept_returned,,,,,,,,,196328
031,False,progress,,expiry_cancel,,5,,,,,prover_commit_returned,,,,,,,,,197148
031,False,phase,,expiry_cancel,prepared,5,,,,,,,,,,,197159,,,
031,False,phase,,expiry_cancel,verified,5,201,,,,,,,,,,197159,1,67867,
031,False,progress,,parallel_cold,,1,,,,,fresh_started,,,,,,,,,0
031,False,progress,,parallel_cold,,1,,,,,drivers_started,,,,,,,,,287
031,False,progress,,parallel_cold,,1,,,,,prover_commit_started,,,,,,,,,293
031,False,progress,,parallel_cold,,1,,,,,verifier_commit_started,,,,,,,,,300
031,False,progress,,parallel_cold,,2,,,,,fresh_started,,,,,,,,,0
031,False,progress,,parallel_cold,,2,,,,,drivers_started,,,,,,,,,267
031,False,progress,,parallel_cold,,2,,,,,prover_commit_started,,,,,,,,,271
031,False,progress,,parallel_cold,,2,,,,,verifier_commit_started,,,,,,,,,288
031,False,progress,,parallel_cold,,1,,,,,verifier_commit_received,,,,,,,,,601
031,False,progress,,parallel_cold,,2,,,,,verifier_commit_received,,,,,,,,,2716
031,False,progress,,parallel_cold,,2,,,,,verifier_accept_returned,,,,,,,,,229096
031,False,progress,,parallel_cold,,2,,,,,prover_commit_returned,,,,,,,,,229694
031,False,phase,,parallel_cold,prepared,2,,,,,,,,,,,229715,,,
031,False,progress,,parallel_cold,,1,,,,,verifier_accept_returned,,,,,,,,,239998
031,False,progress,,parallel_cold,,1,,,,,prover_commit_returned,,,,,,,,,242776
031,False,phase,,parallel_cold,prepared,1,,,,,,,,,,,242803,,,
031,False,phase,,parallel_cold,verified,2,2,,,,,,,,,,229715,11,114811,
031,False,job,,parallel_cold,,,2,,,,,,,,,,,,,344760
031,False,phase,,parallel_cold,verified,1,1,,,,,,,,,,242803,0,111619,
031,False,job,,parallel_cold,,,1,,,,,,,,,,,,,354585
031,False,block,,parallel_cold,,,,0,,2,,,,,,,,,,354627
031,False,progress,,parallel_prepared,,1,,,,,fresh_started,,,,,,,,,0
031,False,progress,,parallel_prepared,,1,,,,,drivers_started,,,,,,,,,367
031,False,progress,,parallel_prepared,,1,,,,,prover_commit_started,,,,,,,,,375
031,False,progress,,parallel_prepared,,1,,,,,verifier_commit_started,,,,,,,,,383
031,False,progress,,parallel_prepared,,2,,,,,fresh_started,,,,,,,,,0
031,False,progress,,parallel_prepared,,2,,,,,drivers_started,,,,,,,,,334
031,False,progress,,parallel_prepared,,2,,,,,prover_commit_started,,,,,,,,,338
031,False,progress,,parallel_prepared,,2,,,,,verifier_commit_started,,,,,,,,,342
031,False,progress,,parallel_prepared,,1,,,,,verifier_commit_received,,,,,,,,,736
031,False,progress,,parallel_prepared,,2,,,,,verifier_commit_received,,,,,,,,,2711
031,False,progress,,parallel_prepared,,2,,,,,verifier_accept_returned,,,,,,,,,225459
031,False,progress,,parallel_prepared,,2,,,,,prover_commit_returned,,,,,,,,,226170
031,False,phase,,parallel_prepared,prepared,2,,,,,,,,,,,226205,,,
031,False,progress,,parallel_prepared,,1,,,,,verifier_accept_returned,,,,,,,,,226796
031,False,progress,,parallel_prepared,,1,,,,,prover_commit_returned,,,,,,,,,227667
031,False,phase,,parallel_prepared,prepared,1,,,,,,,,,,,227677,,,
031,False,phase,,parallel_prepared,verified,2,2,,,,,,,,,,226205,55456,116806,
031,False,job,,parallel_prepared,,,2,,,,,,,,,,,,,116932
031,False,phase,,parallel_prepared,verified,1,1,,,,,,,,,,227677,52447,119656,
031,False,job,,parallel_prepared,,,1,,,,,,,,,,,,,119776
031,False,block,,parallel_prepared,,,,0,,2,,,,,,,,,,399931
031,False,progress,,parallel_prepared,,3,,,,,fresh_started,,,,,,,,,0
031,False,progress,,parallel_prepared,,3,,,,,drivers_started,,,,,,,,,361
031,False,progress,,parallel_prepared,,3,,,,,prover_commit_started,,,,,,,,,366
031,False,progress,,parallel_prepared,,3,,,,,verifier_commit_started,,,,,,,,,373
031,False,progress,,parallel_prepared,,4,,,,,fresh_started,,,,,,,,,0
031,False,progress,,parallel_prepared,,4,,,,,drivers_started,,,,,,,,,286
031,False,progress,,parallel_prepared,,4,,,,,prover_commit_started,,,,,,,,,289
031,False,progress,,parallel_prepared,,4,,,,,verifier_commit_started,,,,,,,,,293
031,False,progress,,parallel_prepared,,3,,,,,verifier_commit_received,,,,,,,,,677
031,False,progress,,parallel_prepared,,4,,,,,verifier_commit_received,,,,,,,,,2629
031,False,progress,,parallel_prepared,,3,,,,,verifier_accept_returned,,,,,,,,,222832
031,False,progress,,parallel_prepared,,3,,,,,prover_commit_returned,,,,,,,,,223306
031,False,phase,,parallel_prepared,prepared,3,,,,,,,,,,,223325,,,
031,False,progress,,parallel_prepared,,4,,,,,verifier_accept_returned,,,,,,,,,236945
031,False,progress,,parallel_prepared,,4,,,,,prover_commit_returned,,,,,,,,,237882
031,False,phase,,parallel_prepared,prepared,4,,,,,,,,,,,237899,,,
031,False,phase,,parallel_prepared,verified,3,3,,,,,,,,,,223325,66175,115271,
031,False,job,,parallel_prepared,,,3,,,,,,,,,,,,,115395
031,False,phase,,parallel_prepared,verified,4,4,,,,,,,,,,237899,51639,115941,
031,False,job,,parallel_prepared,,,4,,,,,,,,,,,,,116084
031,False,block,,parallel_prepared,,,,1,,2,,,,,,,,,,406043
031,False,progress,,parallel_cold,,3,,,,,fresh_started,,,,,,,,,0
031,False,progress,,parallel_cold,,3,,,,,drivers_started,,,,,,,,,334
031,False,progress,,parallel_cold,,3,,,,,prover_commit_started,,,,,,,,,344
031,False,progress,,parallel_cold,,3,,,,,verifier_commit_started,,,,,,,,,354
031,False,progress,,parallel_cold,,4,,,,,fresh_started,,,,,,,,,0
031,False,progress,,parallel_cold,,4,,,,,drivers_started,,,,,,,,,258
031,False,progress,,parallel_cold,,4,,,,,prover_commit_started,,,,,,,,,263
031,False,progress,,parallel_cold,,4,,,,,verifier_commit_started,,,,,,,,,269
031,False,progress,,parallel_cold,,4,,,,,verifier_commit_received,,,,,,,,,276
031,False,progress,,parallel_cold,,3,,,,,verifier_commit_received,,,,,,,,,2966
031,False,progress,,parallel_cold,,4,,,,,verifier_accept_returned,,,,,,,,,235647
031,False,progress,,parallel_cold,,3,,,,,verifier_accept_returned,,,,,,,,,236168
031,False,progress,,parallel_cold,,3,,,,,prover_commit_returned,,,,,,,,,237410
031,False,phase,,parallel_cold,prepared,3,,,,,,,,,,,237423,,,
031,False,progress,,parallel_cold,,4,,,,,prover_commit_returned,,,,,,,,,237433
031,False,phase,,parallel_cold,prepared,4,,,,,,,,,,,237438,,,
031,False,phase,,parallel_cold,verified,3,3,,,,,,,,,,237423,0,117619,
031,False,job,,parallel_cold,,,3,,,,,,,,,,,,,355205
031,False,phase,,parallel_cold,verified,4,4,,,,,,,,,,237438,0,118372,
031,False,job,,parallel_cold,,,4,,,,,,,,,,,,,355968
031,False,block,,parallel_cold,,,,1,,2,,,,,,,,,,356345
031,False,progress,,parallel_cold,,5,,,,,fresh_started,,,,,,,,,0
031,False,progress,,parallel_cold,,5,,,,,drivers_started,,,,,,,,,357
031,False,progress,,parallel_cold,,5,,,,,prover_commit_started,,,,,,,,,371
031,False,progress,,parallel_cold,,5,,,,,verifier_commit_started,,,,,,,,,380
031,False,progress,,parallel_cold,,6,,,,,fresh_started,,,,,,,,,0
031,False,progress,,parallel_cold,,6,,,,,drivers_started,,,,,,,,,333
031,False,progress,,parallel_cold,,6,,,,,prover_commit_started,,,,,,,,,355
031,False,progress,,parallel_cold,,6,,,,,verifier_commit_started,,,,,,,,,365
031,False,progress,,parallel_cold,,5,,,,,verifier_commit_received,,,,,,,,,762
031,False,progress,,parallel_cold,,6,,,,,verifier_commit_received,,,,,,,,,2770
031,False,progress,,parallel_cold,,5,,,,,verifier_accept_returned,,,,,,,,,241543
031,False,progress,,parallel_cold,,6,,,,,verifier_accept_returned,,,,,,,,,241320
031,False,progress,,parallel_cold,,6,,,,,prover_commit_returned,,,,,,,,,241998
031,False,phase,,parallel_cold,prepared,6,,,,,,,,,,,242008,,,
031,False,progress,,parallel_cold,,5,,,,,prover_commit_returned,,,,,,,,,242748
031,False,phase,,parallel_cold,prepared,5,,,,,,,,,,,242754,,,
031,False,phase,,parallel_cold,verified,6,6,,,,,,,,,,242008,0,117141,
031,False,job,,parallel_cold,,,6,,,,,,,,,,,,,359386
031,False,phase,,parallel_cold,verified,5,5,,,,,,,,,,242754,0,118063,
031,False,job,,parallel_cold,,,5,,,,,,,,,,,,,360955
031,False,block,,parallel_cold,,,,2,,2,,,,,,,,,,361000
031,False,progress,,parallel_prepared,,5,,,,,fresh_started,,,,,,,,,0
031,False,progress,,parallel_prepared,,5,,,,,drivers_started,,,,,,,,,466
031,False,progress,,parallel_prepared,,5,,,,,prover_commit_started,,,,,,,,,477
031,False,progress,,parallel_prepared,,5,,,,,verifier_commit_started,,,,,,,,,503
031,False,progress,,parallel_prepared,,6,,,,,fresh_started,,,,,,,,,0
031,False,progress,,parallel_prepared,,6,,,,,drivers_started,,,,,,,,,312
031,False,progress,,parallel_prepared,,6,,,,,prover_commit_started,,,,,,,,,319
031,False,progress,,parallel_prepared,,6,,,,,verifier_commit_started,,,,,,,,,324
031,False,progress,,parallel_prepared,,6,,,,,verifier_commit_received,,,,,,,,,331
031,False,progress,,parallel_prepared,,5,,,,,verifier_commit_received,,,,,,,,,1678
031,False,progress,,parallel_prepared,,5,,,,,verifier_accept_returned,,,,,,,,,222027
031,False,progress,,parallel_prepared,,5,,,,,prover_commit_returned,,,,,,,,,222452
031,False,phase,,parallel_prepared,prepared,5,,,,,,,,,,,222514,,,
031,False,progress,,parallel_prepared,,6,,,,,verifier_accept_returned,,,,,,,,,234812
031,False,progress,,parallel_prepared,,6,,,,,prover_commit_returned,,,,,,,,,235954
031,False,phase,,parallel_prepared,prepared,6,,,,,,,,,,,235992,,,
031,False,phase,,parallel_prepared,verified,5,5,,,,,,,,,,222514,67021,117905,
031,False,job,,parallel_prepared,,,5,,,,,,,,,,,,,118125
031,False,phase,,parallel_prepared,verified,6,6,,,,,,,,,,235992,53462,118882,
031,False,job,,parallel_prepared,,,6,,,,,,,,,,,,,119038
031,False,block,,parallel_prepared,,,,2,,2,,,,,,,,,,409037
031,False,progress,,parallel_prepared,,7,,,,,fresh_started,,,,,,,,,0
031,False,progress,,parallel_prepared,,7,,,,,drivers_started,,,,,,,,,369
031,False,progress,,parallel_prepared,,7,,,,,prover_commit_started,,,,,,,,,375
031,False,progress,,parallel_prepared,,7,,,,,verifier_commit_started,,,,,,,,,384
031,False,progress,,parallel_prepared,,8,,,,,fresh_started,,,,,,,,,0
031,False,progress,,parallel_prepared,,8,,,,,drivers_started,,,,,,,,,368
031,False,progress,,parallel_prepared,,8,,,,,prover_commit_started,,,,,,,,,371
031,False,progress,,parallel_prepared,,8,,,,,verifier_commit_started,,,,,,,,,375
031,False,progress,,parallel_prepared,,7,,,,,verifier_commit_received,,,,,,,,,772
031,False,progress,,parallel_prepared,,8,,,,,verifier_commit_received,,,,,,,,,2690
031,False,progress,,parallel_prepared,,8,,,,,verifier_accept_returned,,,,,,,,,239326
031,False,progress,,parallel_prepared,,8,,,,,prover_commit_returned,,,,,,,,,239973
031,False,phase,,parallel_prepared,prepared,8,,,,,,,,,,,240021,,,
031,False,progress,,parallel_prepared,,7,,,,,verifier_accept_returned,,,,,,,,,240917
031,False,progress,,parallel_prepared,,7,,,,,prover_commit_returned,,,,,,,,,241756
031,False,phase,,parallel_prepared,prepared,7,,,,,,,,,,,241762,,,
031,False,phase,,parallel_prepared,verified,8,8,,,,,,,,,,240021,54772,116129,
031,False,job,,parallel_prepared,,,8,,,,,,,,,,,,,116412
031,False,phase,,parallel_prepared,verified,7,7,,,,,,,,,,241762,53045,118026,
031,False,job,,parallel_prepared,,,7,,,,,,,,,,,,,118416
031,False,block,,parallel_prepared,,,,3,,2,,,,,,,,,,413262
031,False,progress,,parallel_cold,,7,,,,,fresh_started,,,,,,,,,0
031,False,progress,,parallel_cold,,7,,,,,drivers_started,,,,,,,,,371
031,False,progress,,parallel_cold,,7,,,,,prover_commit_started,,,,,,,,,382
031,False,progress,,parallel_cold,,7,,,,,verifier_commit_started,,,,,,,,,395
031,False,progress,,parallel_cold,,8,,,,,fresh_started,,,,,,,,,0
031,False,progress,,parallel_cold,,8,,,,,drivers_started,,,,,,,,,324
031,False,progress,,parallel_cold,,8,,,,,prover_commit_started,,,,,,,,,328
031,False,progress,,parallel_cold,,8,,,,,verifier_commit_started,,,,,,,,,333
031,False,progress,,parallel_cold,,8,,,,,verifier_commit_received,,,,,,,,,341
031,False,progress,,parallel_cold,,7,,,,,verifier_commit_received,,,,,,,,,3090
031,False,progress,,parallel_cold,,8,,,,,verifier_accept_returned,,,,,,,,,227008
031,False,progress,,parallel_cold,,8,,,,,prover_commit_returned,,,,,,,,,228108
031,False,phase,,parallel_cold,prepared,8,,,,,,,,,,,228121,,,
031,False,progress,,parallel_cold,,7,,,,,verifier_accept_returned,,,,,,,,,249995
031,False,progress,,parallel_cold,,7,,,,,prover_commit_returned,,,,,,,,,250050
031,False,phase,,parallel_cold,prepared,7,,,,,,,,,,,250055,,,
031,False,phase,,parallel_cold,verified,8,8,,,,,,,,,,228121,0,110274,
031,False,job,,parallel_cold,,,8,,,,,,,,,,,,,338796
031,False,phase,,parallel_cold,verified,7,7,,,,,,,,,,250055,0,99824,
031,False,job,,parallel_cold,,,7,,,,,,,,,,,,,350269
031,False,block,,parallel_cold,,,,3,,2,,,,,,,,,,350291
031,False,progress,,parallel_cold,,9,,,,,fresh_started,,,,,,,,,0
031,False,progress,,parallel_cold,,9,,,,,drivers_started,,,,,,,,,370
031,False,progress,,parallel_cold,,9,,,,,prover_commit_started,,,,,,,,,394
031,False,progress,,parallel_cold,,9,,,,,verifier_commit_started,,,,,,,,,410
031,False,progress,,parallel_cold,,10,,,,,fresh_started,,,,,,,,,0
031,False,progress,,parallel_cold,,10,,,,,drivers_started,,,,,,,,,343
031,False,progress,,parallel_cold,,10,,,,,prover_commit_started,,,,,,,,,354
031,False,progress,,parallel_cold,,10,,,,,verifier_commit_started,,,,,,,,,362
031,False,progress,,parallel_cold,,9,,,,,verifier_commit_received,,,,,,,,,795
031,False,progress,,parallel_cold,,10,,,,,verifier_commit_received,,,,,,,,,2950
031,False,progress,,parallel_cold,,10,,,,,verifier_accept_returned,,,,,,,,,233302
031,False,progress,,parallel_cold,,10,,,,,prover_commit_returned,,,,,,,,,233938
031,False,phase,,parallel_cold,prepared,10,,,,,,,,,,,233952,,,
031,False,progress,,parallel_cold,,9,,,,,verifier_accept_returned,,,,,,,,,234781
031,False,progress,,parallel_cold,,9,,,,,prover_commit_returned,,,,,,,,,235354
031,False,phase,,parallel_cold,prepared,9,,,,,,,,,,,235368,,,
031,False,phase,,parallel_cold,verified,10,10,,,,,,,,,,233952,0,122037,
031,False,job,,parallel_cold,,,10,,,,,,,,,,,,,356137
031,False,phase,,parallel_cold,verified,9,9,,,,,,,,,,235368,0,122115,
031,False,job,,parallel_cold,,,9,,,,,,,,,,,,,357806
031,False,block,,parallel_cold,,,,4,,2,,,,,,,,,,357832
031,False,progress,,parallel_prepared,,9,,,,,fresh_started,,,,,,,,,0
031,False,progress,,parallel_prepared,,9,,,,,drivers_started,,,,,,,,,336
031,False,progress,,parallel_prepared,,9,,,,,prover_commit_started,,,,,,,,,342
031,False,progress,,parallel_prepared,,9,,,,,verifier_commit_started,,,,,,,,,351
031,False,progress,,parallel_prepared,,9,,,,,verifier_commit_received,,,,,,,,,357
031,False,progress,,parallel_prepared,,10,,,,,fresh_started,,,,,,,,,0
031,False,progress,,parallel_prepared,,10,,,,,drivers_started,,,,,,,,,312
031,False,progress,,parallel_prepared,,10,,,,,prover_commit_started,,,,,,,,,315
031,False,progress,,parallel_prepared,,10,,,,,verifier_commit_started,,,,,,,,,320
031,False,progress,,parallel_prepared,,10,,,,,verifier_commit_received,,,,,,,,,1863
031,False,progress,,parallel_prepared,,9,,,,,verifier_accept_returned,,,,,,,,,224881
031,False,progress,,parallel_prepared,,9,,,,,prover_commit_returned,,,,,,,,,228636
031,False,phase,,parallel_prepared,prepared,9,,,,,,,,,,,228668,,,
031,False,progress,,parallel_prepared,,10,,,,,verifier_accept_returned,,,,,,,,,234399
031,False,progress,,parallel_prepared,,10,,,,,prover_commit_returned,,,,,,,,,235321
031,False,phase,,parallel_prepared,prepared,10,,,,,,,,,,,235346,,,
031,False,phase,,parallel_prepared,verified,10,10,,,,,,,,,,235346,53404,118729,
031,False,job,,parallel_prepared,,,10,,,,,,,,,,,,,118884
031,False,phase,,parallel_prepared,verified,9,9,,,,,,,,,,228668,60821,120556,
031,False,job,,parallel_prepared,,,9,,,,,,,,,,,,,120829
031,False,block,,parallel_prepared,,,,4,,2,,,,,,,,,,410356
031,False,progress,,parallel_prepared,,11,,,,,fresh_started,,,,,,,,,0
031,False,progress,,parallel_prepared,,11,,,,,drivers_started,,,,,,,,,334
031,False,progress,,parallel_prepared,,11,,,,,prover_commit_started,,,,,,,,,341
031,False,progress,,parallel_prepared,,11,,,,,verifier_commit_started,,,,,,,,,351
031,False,progress,,parallel_prepared,,12,,,,,fresh_started,,,,,,,,,0
031,False,progress,,parallel_prepared,,12,,,,,drivers_started,,,,,,,,,295
031,False,progress,,parallel_prepared,,12,,,,,prover_commit_started,,,,,,,,,299
031,False,progress,,parallel_prepared,,12,,,,,verifier_commit_started,,,,,,,,,303
031,False,progress,,parallel_prepared,,11,,,,,verifier_commit_received,,,,,,,,,667
031,False,progress,,parallel_prepared,,12,,,,,verifier_commit_received,,,,,,,,,2671
031,False,progress,,parallel_prepared,,11,,,,,verifier_accept_returned,,,,,,,,,248433
031,False,progress,,parallel_prepared,,12,,,,,verifier_accept_returned,,,,,,,,,248111
031,False,progress,,parallel_prepared,,12,,,,,prover_commit_returned,,,,,,,,,249006
031,False,phase,,parallel_prepared,prepared,12,,,,,,,,,,,249029,,,
031,False,progress,,parallel_prepared,,11,,,,,prover_commit_returned,,,,,,,,,249581
031,False,phase,,parallel_prepared,prepared,11,,,,,,,,,,,249590,,,
031,False,phase,,parallel_prepared,verified,11,11,,,,,,,,,,249590,53050,118592,
031,False,job,,parallel_prepared,,,11,,,,,,,,,,,,,118847
031,False,phase,,parallel_prepared,verified,12,12,,,,,,,,,,249029,53628,119625,
031,False,job,,parallel_prepared,,,12,,,,,,,,,,,,,119928
031,False,block,,parallel_prepared,,,,5,,2,,,,,,,,,,422981
031,False,progress,,parallel_cold,,11,,,,,fresh_started,,,,,,,,,0
031,False,progress,,parallel_cold,,11,,,,,drivers_started,,,,,,,,,316
031,False,progress,,parallel_cold,,11,,,,,prover_commit_started,,,,,,,,,324
031,False,progress,,parallel_cold,,11,,,,,verifier_commit_started,,,,,,,,,334
031,False,progress,,parallel_cold,,12,,,,,fresh_started,,,,,,,,,0
031,False,progress,,parallel_cold,,12,,,,,drivers_started,,,,,,,,,295
031,False,progress,,parallel_cold,,12,,,,,prover_commit_started,,,,,,,,,300
031,False,progress,,parallel_cold,,12,,,,,verifier_commit_started,,,,,,,,,305
031,False,progress,,parallel_cold,,12,,,,,verifier_commit_received,,,,,,,,,312
031,False,progress,,parallel_cold,,11,,,,,verifier_commit_received,,,,,,,,,2944
031,False,progress,,parallel_cold,,11,,,,,verifier_accept_returned,,,,,,,,,229142
031,False,progress,,parallel_cold,,11,,,,,prover_commit_returned,,,,,,,,,229558
031,False,phase,,parallel_cold,prepared,11,,,,,,,,,,,229570,,,
031,False,progress,,parallel_cold,,12,,,,,verifier_accept_returned,,,,,,,,,229834
031,False,progress,,parallel_cold,,12,,,,,prover_commit_returned,,,,,,,,,230683
031,False,phase,,parallel_cold,prepared,12,,,,,,,,,,,230714,,,
031,False,phase,,parallel_cold,verified,11,11,,,,,,,,,,229570,0,118615,
031,False,job,,parallel_cold,,,11,,,,,,,,,,,,,348308
031,False,phase,,parallel_cold,verified,12,12,,,,,,,,,,230714,0,118246,
031,False,job,,parallel_cold,,,12,,,,,,,,,,,,,349118
031,False,block,,parallel_cold,,,,5,,2,,,,,,,,,,349478
031,False,progress,,parallel_cold,,13,,,,,fresh_started,,,,,,,,,0
031,False,progress,,parallel_cold,,13,,,,,drivers_started,,,,,,,,,329
031,False,progress,,parallel_cold,,13,,,,,prover_commit_started,,,,,,,,,336
031,False,progress,,parallel_cold,,13,,,,,verifier_commit_started,,,,,,,,,345
031,False,progress,,parallel_cold,,14,,,,,fresh_started,,,,,,,,,0
031,False,progress,,parallel_cold,,14,,,,,drivers_started,,,,,,,,,245
031,False,progress,,parallel_cold,,14,,,,,prover_commit_started,,,,,,,,,249
031,False,progress,,parallel_cold,,14,,,,,verifier_commit_started,,,,,,,,,267
031,False,progress,,parallel_cold,,13,,,,,verifier_commit_received,,,,,,,,,625
031,False,progress,,parallel_cold,,14,,,,,verifier_commit_received,,,,,,,,,2732
031,False,progress,,parallel_cold,,13,,,,,verifier_accept_returned,,,,,,,,,230254
031,False,progress,,parallel_cold,,13,,,,,prover_commit_returned,,,,,,,,,231200
031,False,phase,,parallel_cold,prepared,13,,,,,,,,,,,231215,,,
031,False,progress,,parallel_cold,,14,,,,,verifier_accept_returned,,,,,,,,,252288
031,False,progress,,parallel_cold,,14,,,,,prover_commit_returned,,,,,,,,,254971
031,False,phase,,parallel_cold,prepared,14,,,,,,,,,,,254994,,,
031,False,phase,,parallel_cold,verified,13,13,,,,,,,,,,231215,0,103286,
031,False,job,,parallel_cold,,,13,,,,,,,,,,,,,334669
031,False,phase,,parallel_cold,verified,14,14,,,,,,,,,,254994,0,99757,
031,False,job,,parallel_cold,,,14,,,,,,,,,,,,,355158
031,False,block,,parallel_cold,,,,6,,2,,,,,,,,,,355539
031,False,progress,,parallel_prepared,,13,,,,,fresh_started,,,,,,,,,0
031,False,progress,,parallel_prepared,,13,,,,,drivers_started,,,,,,,,,388
031,False,progress,,parallel_prepared,,13,,,,,prover_commit_started,,,,,,,,,398
031,False,progress,,parallel_prepared,,13,,,,,verifier_commit_started,,,,,,,,,410
031,False,progress,,parallel_prepared,,14,,,,,fresh_started,,,,,,,,,0
031,False,progress,,parallel_prepared,,14,,,,,drivers_started,,,,,,,,,330
031,False,progress,,parallel_prepared,,14,,,,,prover_commit_started,,,,,,,,,335
031,False,progress,,parallel_prepared,,14,,,,,verifier_commit_started,,,,,,,,,339
031,False,progress,,parallel_prepared,,13,,,,,verifier_commit_received,,,,,,,,,763
031,False,progress,,parallel_prepared,,14,,,,,verifier_commit_received,,,,,,,,,2782
031,False,progress,,parallel_prepared,,14,,,,,verifier_accept_returned,,,,,,,,,246241
031,False,progress,,parallel_prepared,,13,,,,,verifier_accept_returned,,,,,,,,,246817
031,False,progress,,parallel_prepared,,13,,,,,prover_commit_returned,,,,,,,,,247281
031,False,phase,,parallel_prepared,prepared,13,,,,,,,,,,,247295,,,
031,False,progress,,parallel_prepared,,14,,,,,prover_commit_returned,,,,,,,,,247087
031,False,phase,,parallel_prepared,prepared,14,,,,,,,,,,,247107,,,
031,False,phase,,parallel_prepared,verified,14,14,,,,,,,,,,247107,53419,116125,
031,False,job,,parallel_prepared,,,14,,,,,,,,,,,,,116251
031,False,phase,,parallel_prepared,verified,13,13,,,,,,,,,,247295,53279,117542,
031,False,job,,parallel_prepared,,,13,,,,,,,,,,,,,117663
031,False,block,,parallel_prepared,,,,6,,2,,,,,,,,,,418271
031,False,progress,,parallel_prepared,,15,,,,,fresh_started,,,,,,,,,0
031,False,progress,,parallel_prepared,,15,,,,,drivers_started,,,,,,,,,375
031,False,progress,,parallel_prepared,,15,,,,,prover_commit_started,,,,,,,,,382
031,False,progress,,parallel_prepared,,15,,,,,verifier_commit_started,,,,,,,,,390
031,False,progress,,parallel_prepared,,15,,,,,verifier_commit_received,,,,,,,,,396
031,False,progress,,parallel_prepared,,16,,,,,fresh_started,,,,,,,,,0
031,False,progress,,parallel_prepared,,16,,,,,drivers_started,,,,,,,,,311
031,False,progress,,parallel_prepared,,16,,,,,prover_commit_started,,,,,,,,,317
031,False,progress,,parallel_prepared,,16,,,,,verifier_commit_started,,,,,,,,,325
031,False,progress,,parallel_prepared,,16,,,,,verifier_commit_received,,,,,,,,,330
031,False,progress,,parallel_prepared,,15,,,,,verifier_accept_returned,,,,,,,,,236926
031,False,progress,,parallel_prepared,,15,,,,,prover_commit_returned,,,,,,,,,237838
031,False,phase,,parallel_prepared,prepared,15,,,,,,,,,,,237849,,,
031,False,progress,,parallel_prepared,,16,,,,,verifier_accept_returned,,,,,,,,,254626
031,False,progress,,parallel_prepared,,16,,,,,prover_commit_returned,,,,,,,,,255456
031,False,phase,,parallel_prepared,prepared,16,,,,,,,,,,,255470,,,
031,False,phase,,parallel_prepared,verified,16,16,,,,,,,,,,255470,53422,119815,
031,False,job,,parallel_prepared,,,16,,,,,,,,,,,,,119964
031,False,phase,,parallel_prepared,verified,15,15,,,,,,,,,,237849,71834,121500,
031,False,job,,parallel_prepared,,,15,,,,,,,,,,,,,121625
031,False,block,,parallel_prepared,,,,7,,2,,,,,,,,,,431336
031,False,progress,,parallel_cold,,15,,,,,fresh_started,,,,,,,,,0
031,False,progress,,parallel_cold,,15,,,,,drivers_started,,,,,,,,,367
031,False,progress,,parallel_cold,,15,,,,,prover_commit_started,,,,,,,,,373
031,False,progress,,parallel_cold,,15,,,,,verifier_commit_started,,,,,,,,,381
031,False,progress,,parallel_cold,,16,,,,,fresh_started,,,,,,,,,0
031,False,progress,,parallel_cold,,16,,,,,drivers_started,,,,,,,,,298
031,False,progress,,parallel_cold,,16,,,,,prover_commit_started,,,,,,,,,302
031,False,progress,,parallel_cold,,16,,,,,verifier_commit_started,,,,,,,,,306
031,False,progress,,parallel_cold,,16,,,,,verifier_commit_received,,,,,,,,,313
031,False,progress,,parallel_cold,,15,,,,,verifier_commit_received,,,,,,,,,3103
031,False,progress,,parallel_cold,,16,,,,,verifier_accept_returned,,,,,,,,,244294
031,False,progress,,parallel_cold,,16,,,,,prover_commit_returned,,,,,,,,,245204
031,False,phase,,parallel_cold,prepared,16,,,,,,,,,,,245230,,,
031,False,progress,,parallel_cold,,15,,,,,verifier_accept_returned,,,,,,,,,249962
031,False,progress,,parallel_cold,,15,,,,,prover_commit_returned,,,,,,,,,249984
031,False,phase,,parallel_cold,prepared,15,,,,,,,,,,,249988,,,
031,False,phase,,parallel_cold,verified,16,16,,,,,,,,,,245230,0,115634,
031,False,job,,parallel_cold,,,16,,,,,,,,,,,,,361109
031,False,phase,,parallel_cold,verified,15,15,,,,,,,,,,249988,0,112517,
031,False,job,,parallel_cold,,,15,,,,,,,,,,,,,362663
031,False,block,,parallel_cold,,,,7,,2,,,,,,,,,,362687
031,False,progress,,parallel_cold,,17,,,,,fresh_started,,,,,,,,,0
031,False,progress,,parallel_cold,,17,,,,,drivers_started,,,,,,,,,354
031,False,progress,,parallel_cold,,17,,,,,prover_commit_started,,,,,,,,,361
031,False,progress,,parallel_cold,,17,,,,,verifier_commit_started,,,,,,,,,371
031,False,progress,,parallel_cold,,18,,,,,fresh_started,,,,,,,,,0
031,False,progress,,parallel_cold,,18,,,,,drivers_started,,,,,,,,,245
031,False,progress,,parallel_cold,,18,,,,,prover_commit_started,,,,,,,,,251
031,False,progress,,parallel_cold,,18,,,,,verifier_commit_started,,,,,,,,,255
031,False,progress,,parallel_cold,,18,,,,,verifier_commit_received,,,,,,,,,263
031,False,progress,,parallel_cold,,17,,,,,verifier_commit_received,,,,,,,,,3026
031,False,progress,,parallel_cold,,18,,,,,verifier_accept_returned,,,,,,,,,243512
031,False,progress,,parallel_cold,,17,,,,,verifier_accept_returned,,,,,,,,,244163
031,False,progress,,parallel_cold,,17,,,,,prover_commit_returned,,,,,,,,,244605
031,False,phase,,parallel_cold,prepared,17,,,,,,,,,,,244623,,,
031,False,progress,,parallel_cold,,18,,,,,prover_commit_returned,,,,,,,,,244698
031,False,phase,,parallel_cold,prepared,18,,,,,,,,,,,244707,,,
031,False,phase,,parallel_cold,verified,17,17,,,,,,,,,,244623,0,119450,
031,False,job,,parallel_cold,,,17,,,,,,,,,,,,,364215
031,False,phase,,parallel_cold,verified,18,18,,,,,,,,,,244707,0,120100,
031,False,job,,parallel_cold,,,18,,,,,,,,,,,,,364949
031,False,block,,parallel_cold,,,,8,,2,,,,,,,,,,365352
031,False,progress,,parallel_prepared,,17,,,,,fresh_started,,,,,,,,,0
031,False,progress,,parallel_prepared,,17,,,,,drivers_started,,,,,,,,,349
031,False,progress,,parallel_prepared,,17,,,,,prover_commit_started,,,,,,,,,367
031,False,progress,,parallel_prepared,,17,,,,,verifier_commit_started,,,,,,,,,377
031,False,progress,,parallel_prepared,,18,,,,,fresh_started,,,,,,,,,0
031,False,progress,,parallel_prepared,,18,,,,,drivers_started,,,,,,,,,300
031,False,progress,,parallel_prepared,,18,,,,,prover_commit_started,,,,,,,,,304
031,False,progress,,parallel_prepared,,18,,,,,verifier_commit_started,,,,,,,,,308
031,False,progress,,parallel_prepared,,18,,,,,verifier_commit_received,,,,,,,,,313
031,False,progress,,parallel_prepared,,17,,,,,verifier_commit_received,,,,,,,,,1416
031,False,progress,,parallel_prepared,,17,,,,,verifier_accept_returned,,,,,,,,,248135
031,False,progress,,parallel_prepared,,17,,,,,prover_commit_returned,,,,,,,,,251913
031,False,phase,,parallel_prepared,prepared,17,,,,,,,,,,,251924,,,
031,False,progress,,parallel_prepared,,18,,,,,verifier_accept_returned,,,,,,,,,252112
031,False,progress,,parallel_prepared,,18,,,,,prover_commit_returned,,,,,,,,,252900
031,False,phase,,parallel_prepared,prepared,18,,,,,,,,,,,252922,,,
031,False,phase,,parallel_prepared,verified,18,18,,,,,,,,,,252922,53157,117423,
031,False,job,,parallel_prepared,,,18,,,,,,,,,,,,,117543
031,False,phase,,parallel_prepared,verified,17,17,,,,,,,,,,251924,54177,119016,
031,False,job,,parallel_prepared,,,17,,,,,,,,,,,,,119418
031,False,block,,parallel_prepared,,,,8,,2,,,,,,,,,,425550
031,False,progress,,parallel_prepared,,19,,,,,fresh_started,,,,,,,,,0
031,False,progress,,parallel_prepared,,19,,,,,drivers_started,,,,,,,,,322
031,False,progress,,parallel_prepared,,19,,,,,prover_commit_started,,,,,,,,,335
031,False,progress,,parallel_prepared,,19,,,,,verifier_commit_started,,,,,,,,,346
031,False,progress,,parallel_prepared,,20,,,,,fresh_started,,,,,,,,,0
031,False,progress,,parallel_prepared,,20,,,,,drivers_started,,,,,,,,,248
031,False,progress,,parallel_prepared,,20,,,,,prover_commit_started,,,,,,,,,264
031,False,progress,,parallel_prepared,,20,,,,,verifier_commit_started,,,,,,,,,270
031,False,progress,,parallel_prepared,,19,,,,,verifier_commit_received,,,,,,,,,631
031,False,progress,,parallel_prepared,,20,,,,,verifier_commit_received,,,,,,,,,2709
031,False,progress,,parallel_prepared,,19,,,,,verifier_accept_returned,,,,,,,,,240894
031,False,progress,,parallel_prepared,,20,,,,,verifier_accept_returned,,,,,,,,,240811
031,False,progress,,parallel_prepared,,20,,,,,prover_commit_returned,,,,,,,,,241352
031,False,phase,,parallel_prepared,prepared,20,,,,,,,,,,,241361,,,
031,False,progress,,parallel_prepared,,19,,,,,prover_commit_returned,,,,,,,,,241759
031,False,phase,,parallel_prepared,prepared,19,,,,,,,,,,,241771,,,
031,False,phase,,parallel_prepared,verified,19,19,,,,,,,,,,241771,51222,118086,
031,False,job,,parallel_prepared,,,19,,,,,,,,,,,,,118301
031,False,phase,,parallel_prepared,verified,20,20,,,,,,,,,,241361,51656,119027,
031,False,job,,parallel_prepared,,,20,,,,,,,,,,,,,119175
031,False,block,,parallel_prepared,,,,9,,2,,,,,,,,,,412568
031,False,progress,,parallel_cold,,19,,,,,fresh_started,,,,,,,,,0
031,False,progress,,parallel_cold,,19,,,,,drivers_started,,,,,,,,,313
031,False,progress,,parallel_cold,,19,,,,,prover_commit_started,,,,,,,,,319
031,False,progress,,parallel_cold,,19,,,,,verifier_commit_started,,,,,,,,,327
031,False,progress,,parallel_cold,,20,,,,,fresh_started,,,,,,,,,0
031,False,progress,,parallel_cold,,20,,,,,drivers_started,,,,,,,,,258
031,False,progress,,parallel_cold,,20,,,,,prover_commit_started,,,,,,,,,263
031,False,progress,,parallel_cold,,20,,,,,verifier_commit_started,,,,,,,,,268
031,False,progress,,parallel_cold,,20,,,,,verifier_commit_received,,,,,,,,,274
031,False,progress,,parallel_cold,,19,,,,,verifier_commit_received,,,,,,,,,3094
031,False,progress,,parallel_cold,,19,,,,,verifier_accept_returned,,,,,,,,,240889
031,False,progress,,parallel_cold,,19,,,,,prover_commit_returned,,,,,,,,,241522
031,False,phase,,parallel_cold,prepared,19,,,,,,,,,,,241531,,,
031,False,progress,,parallel_cold,,20,,,,,verifier_accept_returned,,,,,,,,,242475
031,False,progress,,parallel_cold,,20,,,,,prover_commit_returned,,,,,,,,,245726
031,False,phase,,parallel_cold,prepared,20,,,,,,,,,,,245743,,,
031,False,phase,,parallel_cold,verified,20,20,,,,,,,,,,245743,0,137803,
031,False,job,,parallel_cold,,,20,,,,,,,,,,,,,383665
031,False,phase,,parallel_cold,verified,19,19,,,,,,,,,,241531,0,143547,
031,False,job,,parallel_cold,,,19,,,,,,,,,,,,,385207
031,False,block,,parallel_cold,,,,9,,2,,,,,,,,,,385227
031,False,progress,,parallel_cold,,21,,,,,fresh_started,,,,,,,,,0
031,False,progress,,parallel_cold,,21,,,,,drivers_started,,,,,,,,,410
031,False,progress,,parallel_cold,,21,,,,,prover_commit_started,,,,,,,,,423
031,False,progress,,parallel_cold,,21,,,,,verifier_commit_started,,,,,,,,,434
031,False,progress,,parallel_cold,,22,,,,,fresh_started,,,,,,,,,0
031,False,progress,,parallel_cold,,22,,,,,drivers_started,,,,,,,,,344
031,False,progress,,parallel_cold,,22,,,,,prover_commit_started,,,,,,,,,350
031,False,progress,,parallel_cold,,22,,,,,verifier_commit_started,,,,,,,,,356
031,False,progress,,parallel_cold,,21,,,,,verifier_commit_received,,,,,,,,,804
031,False,progress,,parallel_cold,,22,,,,,verifier_commit_received,,,,,,,,,2805
031,False,progress,,parallel_cold,,21,,,,,verifier_accept_returned,,,,,,,,,238701
031,False,progress,,parallel_cold,,21,,,,,prover_commit_returned,,,,,,,,,242668
031,False,phase,,parallel_cold,prepared,21,,,,,,,,,,,242686,,,
031,False,progress,,parallel_cold,,22,,,,,verifier_accept_returned,,,,,,,,,243717
031,False,progress,,parallel_cold,,22,,,,,prover_commit_returned,,,,,,,,,246580
031,False,phase,,parallel_cold,prepared,22,,,,,,,,,,,246601,,,
031,False,phase,,parallel_cold,verified,21,21,,,,,,,,,,242686,0,115316,
031,False,job,,parallel_cold,,,21,,,,,,,,,,,,,358173
031,False,phase,,parallel_cold,verified,22,22,,,,,,,,,,246601,0,111994,
031,False,job,,parallel_cold,,,22,,,,,,,,,,,,,358762
031,False,block,,parallel_cold,,,,10,,2,,,,,,,,,,359220
031,False,progress,,parallel_prepared,,21,,,,,fresh_started,,,,,,,,,0
031,False,progress,,parallel_prepared,,21,,,,,drivers_started,,,,,,,,,382
031,False,progress,,parallel_prepared,,21,,,,,prover_commit_started,,,,,,,,,388
031,False,progress,,parallel_prepared,,21,,,,,verifier_commit_started,,,,,,,,,397
031,False,progress,,parallel_prepared,,22,,,,,fresh_started,,,,,,,,,0
031,False,progress,,parallel_prepared,,22,,,,,drivers_started,,,,,,,,,303
031,False,progress,,parallel_prepared,,22,,,,,prover_commit_started,,,,,,,,,307
031,False,progress,,parallel_prepared,,22,,,,,verifier_commit_started,,,,,,,,,311
031,False,progress,,parallel_prepared,,21,,,,,verifier_commit_received,,,,,,,,,721
031,False,progress,,parallel_prepared,,22,,,,,verifier_commit_received,,,,,,,,,2636
031,False,progress,,parallel_prepared,,21,,,,,verifier_accept_returned,,,,,,,,,240621
031,False,progress,,parallel_prepared,,21,,,,,prover_commit_returned,,,,,,,,,241515
031,False,phase,,parallel_prepared,prepared,21,,,,,,,,,,,241538,,,
031,False,progress,,parallel_prepared,,22,,,,,verifier_accept_returned,,,,,,,,,258801
031,False,progress,,parallel_prepared,,22,,,,,prover_commit_returned,,,,,,,,,259658
031,False,phase,,parallel_prepared,prepared,22,,,,,,,,,,,259681,,,
031,False,phase,,parallel_prepared,verified,21,21,,,,,,,,,,241538,72223,119339,
031,False,job,,parallel_prepared,,,21,,,,,,,,,,,,,119611
031,False,phase,,parallel_prepared,verified,22,22,,,,,,,,,,259681,54044,120080,
031,False,job,,parallel_prepared,,,22,,,,,,,,,,,,,120225
031,False,block,,parallel_prepared,,,,10,,2,,,,,,,,,,434397
031,False,progress,,parallel_prepared,,23,,,,,fresh_started,,,,,,,,,0
031,False,progress,,parallel_prepared,,23,,,,,drivers_started,,,,,,,,,366
031,False,progress,,parallel_prepared,,23,,,,,prover_commit_started,,,,,,,,,375
031,False,progress,,parallel_prepared,,23,,,,,verifier_commit_started,,,,,,,,,385
031,False,progress,,parallel_prepared,,24,,,,,fresh_started,,,,,,,,,0
031,False,progress,,parallel_prepared,,24,,,,,drivers_started,,,,,,,,,286
031,False,progress,,parallel_prepared,,24,,,,,prover_commit_started,,,,,,,,,290
031,False,progress,,parallel_prepared,,24,,,,,verifier_commit_started,,,,,,,,,296
031,False,progress,,parallel_prepared,,23,,,,,verifier_commit_received,,,,,,,,,694
031,False,progress,,parallel_prepared,,24,,,,,verifier_commit_received,,,,,,,,,2663
031,False,progress,,parallel_prepared,,23,,,,,verifier_accept_returned,,,,,,,,,243844
031,False,progress,,parallel_prepared,,23,,,,,prover_commit_returned,,,,,,,,,244311
031,False,phase,,parallel_prepared,prepared,23,,,,,,,,,,,244334,,,
031,False,progress,,parallel_prepared,,24,,,,,verifier_accept_returned,,,,,,,,,244499
031,False,progress,,parallel_prepared,,24,,,,,prover_commit_returned,,,,,,,,,245428
031,False,phase,,parallel_prepared,prepared,24,,,,,,,,,,,245444,,,
031,False,phase,,parallel_prepared,verified,23,23,,,,,,,,,,244334,53558,119175,
031,False,job,,parallel_prepared,,,23,,,,,,,,,,,,,119391
031,False,phase,,parallel_prepared,verified,24,24,,,,,,,,,,245444,52419,120144,
031,False,job,,parallel_prepared,,,24,,,,,,,,,,,,,120295
031,False,block,,parallel_prepared,,,,11,,2,,,,,,,,,,418578
031,False,progress,,parallel_cold,,23,,,,,fresh_started,,,,,,,,,0
031,False,progress,,parallel_cold,,23,,,,,drivers_started,,,,,,,,,335
031,False,progress,,parallel_cold,,23,,,,,prover_commit_started,,,,,,,,,342
031,False,progress,,parallel_cold,,23,,,,,verifier_commit_started,,,,,,,,,352
031,False,progress,,parallel_cold,,23,,,,,verifier_commit_received,,,,,,,,,359
031,False,progress,,parallel_cold,,24,,,,,fresh_started,,,,,,,,,0
031,False,progress,,parallel_cold,,24,,,,,drivers_started,,,,,,,,,322
031,False,progress,,parallel_cold,,24,,,,,prover_commit_started,,,,,,,,,344
031,False,progress,,parallel_cold,,24,,,,,verifier_commit_started,,,,,,,,,367
031,False,progress,,parallel_cold,,24,,,,,verifier_commit_received,,,,,,,,,1953
031,False,progress,,parallel_cold,,23,,,,,verifier_accept_returned,,,,,,,,,235588
031,False,progress,,parallel_cold,,24,,,,,verifier_accept_returned,,,,,,,,,234520
031,False,progress,,parallel_cold,,23,,,,,prover_commit_returned,,,,,,,,,236568
031,False,phase,,parallel_cold,prepared,23,,,,,,,,,,,236579,,,
031,False,progress,,parallel_cold,,24,,,,,prover_commit_returned,,,,,,,,,235772
031,False,phase,,parallel_cold,prepared,24,,,,,,,,,,,235782,,,
031,False,phase,,parallel_cold,verified,23,23,,,,,,,,,,236579,0,115837,
031,False,job,,parallel_cold,,,23,,,,,,,,,,,,,352662
031,False,phase,,parallel_cold,verified,24,24,,,,,,,,,,235782,0,116755,
031,False,job,,parallel_cold,,,24,,,,,,,,,,,,,352678
031,False,block,,parallel_cold,,,,11,,2,,,,,,,,,,353891
031,False,progress,,parallel_cold,,25,,,,,fresh_started,,,,,,,,,0
031,False,progress,,parallel_cold,,25,,,,,drivers_started,,,,,,,,,364
031,False,progress,,parallel_cold,,25,,,,,prover_commit_started,,,,,,,,,373
031,False,progress,,parallel_cold,,25,,,,,verifier_commit_started,,,,,,,,,382
031,False,progress,,parallel_cold,,26,,,,,fresh_started,,,,,,,,,0
031,False,progress,,parallel_cold,,26,,,,,drivers_started,,,,,,,,,327
031,False,progress,,parallel_cold,,26,,,,,prover_commit_started,,,,,,,,,331
031,False,progress,,parallel_cold,,26,,,,,verifier_commit_started,,,,,,,,,336
031,False,progress,,parallel_cold,,26,,,,,verifier_commit_received,,,,,,,,,343
031,False,progress,,parallel_cold,,25,,,,,verifier_commit_received,,,,,,,,,3063
031,False,progress,,parallel_cold,,26,,,,,verifier_accept_returned,,,,,,,,,227418
031,False,progress,,parallel_cold,,26,,,,,prover_commit_returned,,,,,,,,,227739
031,False,phase,,parallel_cold,prepared,26,,,,,,,,,,,227764,,,
031,False,phase,,parallel_cold,verified,26,26,,,,,,,,,,227764,0,71216,
031,False,job,,parallel_cold,,,26,,,,,,,,,,,,,299146
031,False,progress,,sustained_cold,,1,,,,,fresh_started,,,,,,,,,0
031,False,progress,,sustained_cold,,1,,,,,drivers_started,,,,,,,,,396
031,False,progress,,sustained_cold,,1,,,,,prover_commit_started,,,,,,,,,432
031,False,progress,,sustained_cold,,1,,,,,verifier_commit_started,,,,,,,,,449
031,False,progress,,sustained_cold,,2,,,,,fresh_started,,,,,,,,,0
031,False,progress,,sustained_cold,,2,,,,,drivers_started,,,,,,,,,445
031,False,progress,,sustained_cold,,2,,,,,prover_commit_started,,,,,,,,,489
031,False,progress,,sustained_cold,,2,,,,,verifier_commit_started,,,,,,,,,505
031,False,progress,,sustained_cold,,2,,,,,verifier_commit_received,,,,,,,,,524
031,False,progress,,sustained_cold,,1,,,,,verifier_commit_received,,,,,,,,,4586
031,False,progress,,sustained_cold,,1,,,,,verifier_accept_returned,,,,,,,,,231003
031,False,progress,,sustained_cold,,1,,,,,prover_commit_returned,,,,,,,,,234775
031,False,phase,,sustained_cold,prepared,1,,,,,,,,,,,234809,,,
031,False,progress,,sustained_cold,,2,,,,,prover_commit_returned,,,,,,,,,250463
031,False,progress,,sustained_cold,,2,,,,,verifier_accept_returned,,,,,,,,,250502
031,False,phase,,sustained_cold,prepared,2,,,,,,,,,,,250509,,,
031,False,phase,,sustained_cold,verified,1,1,,,,,,,,,,234809,12,96915,
031,False,job,,sustained_cold,,,1,,,,,,,,,,,,,331878
031,False,phase,,sustained_cold,verified,2,2,,,,,,,,,,250509,0,105515,
031,False,job,,sustained_cold,,,2,,,,,,,,,,,,,356218
031,False,block,,sustained_cold,,,,0,,2,,,,,,,,,,356715
031,False,progress,,sustained_prepared,,1,,,,,fresh_started,,,,,,,,,0
031,False,progress,,sustained_prepared,,1,,,,,drivers_started,,,,,,,,,375
031,False,progress,,sustained_prepared,,1,,,,,prover_commit_started,,,,,,,,,382
031,False,progress,,sustained_prepared,,1,,,,,verifier_commit_started,,,,,,,,,390
031,False,progress,,sustained_prepared,,1,,,,,verifier_commit_received,,,,,,,,,405
031,False,progress,,sustained_prepared,,1,,,,,verifier_accept_returned,,,,,,,,,188963
031,False,progress,,sustained_prepared,,1,,,,,prover_commit_returned,,,,,,,,,189962
031,False,phase,,sustained_prepared,prepared,1,,,,,,,,,,,190007,,,
031,False,progress,,sustained_prepared,,2,,,,,fresh_started,,,,,,,,,0
031,False,progress,,sustained_prepared,,2,,,,,drivers_started,,,,,,,,,408
031,False,progress,,sustained_prepared,,2,,,,,prover_commit_started,,,,,,,,,420
031,False,progress,,sustained_prepared,,2,,,,,verifier_commit_started,,,,,,,,,434
031,False,progress,,sustained_prepared,,2,,,,,verifier_commit_received,,,,,,,,,451
031,False,progress,,sustained_prepared,,2,,,,,verifier_accept_returned,,,,,,,,,197937
031,False,progress,,sustained_prepared,,2,,,,,prover_commit_returned,,,,,,,,,198642
031,False,phase,,sustained_prepared,prepared,2,,,,,,,,,,,198661,,,
031,False,phase,,sustained_prepared,verified,1,1,,,,,,,,,,190007,251718,120195,
031,False,job,,sustained_prepared,,,1,,,,,,,,,,,,,120455
031,False,phase,,sustained_prepared,verified,2,2,,,,,,,,,,198661,54342,120020,
031,False,job,,sustained_prepared,,,2,,,,,,,,,,,,,120176
031,False,block,,sustained_prepared,,,,0,,2,,,,,,,,,,563234
031,False,progress,,sustained_prepared,,3,,,,,fresh_started,,,,,,,,,0
031,False,progress,,sustained_prepared,,3,,,,,drivers_started,,,,,,,,,413
031,False,progress,,sustained_prepared,,3,,,,,prover_commit_started,,,,,,,,,422
031,False,progress,,sustained_prepared,,3,,,,,verifier_commit_started,,,,,,,,,432
031,False,progress,,sustained_prepared,,3,,,,,verifier_commit_received,,,,,,,,,451
031,False,progress,,sustained_prepared,,3,,,,,verifier_accept_returned,,,,,,,,,195440
031,False,progress,,sustained_prepared,,3,,,,,prover_commit_returned,,,,,,,,,196250
031,False,phase,,sustained_prepared,prepared,3,,,,,,,,,,,196273,,,
031,False,progress,,sustained_prepared,,4,,,,,fresh_started,,,,,,,,,0
031,False,progress,,sustained_prepared,,4,,,,,drivers_started,,,,,,,,,347
031,False,progress,,sustained_prepared,,4,,,,,prover_commit_started,,,,,,,,,362
031,False,progress,,sustained_prepared,,4,,,,,verifier_commit_started,,,,,,,,,370
031,False,progress,,sustained_prepared,,4,,,,,verifier_commit_received,,,,,,,,,394
031,False,progress,,sustained_prepared,,4,,,,,verifier_accept_returned,,,,,,,,,192126
031,False,progress,,sustained_prepared,,4,,,,,prover_commit_returned,,,,,,,,,193159
031,False,phase,,sustained_prepared,prepared,4,,,,,,,,,,,193183,,,
031,False,phase,,sustained_prepared,verified,3,3,,,,,,,,,,196273,246231,115410,
031,False,job,,sustained_prepared,,,3,,,,,,,,,,,,,115653
031,False,phase,,sustained_prepared,verified,4,4,,,,,,,,,,193183,53612,116219,
031,False,job,,sustained_prepared,,,4,,,,,,,,,,,,,116395
031,False,block,,sustained_prepared,,,,1,,2,,,,,,,,,,559488
031,False,progress,,sustained_cold,,3,,,,,fresh_started,,,,,,,,,0
031,False,progress,,sustained_cold,,3,,,,,drivers_started,,,,,,,,,418
031,False,progress,,sustained_cold,,3,,,,,prover_commit_started,,,,,,,,,429
031,False,progress,,sustained_cold,,3,,,,,verifier_commit_started,,,,,,,,,447
031,False,progress,,sustained_cold,,4,,,,,fresh_started,,,,,,,,,0
031,False,progress,,sustained_cold,,4,,,,,drivers_started,,,,,,,,,318
031,False,progress,,sustained_cold,,4,,,,,prover_commit_started,,,,,,,,,323
031,False,progress,,sustained_cold,,4,,,,,verifier_commit_started,,,,,,,,,332
031,False,progress,,sustained_cold,,4,,,,,verifier_commit_received,,,,,,,,,339
031,False,progress,,sustained_cold,,3,,,,,verifier_commit_received,,,,,,,,,3374
031,False,progress,,sustained_cold,,3,,,,,verifier_accept_returned,,,,,,,,,233100
031,False,progress,,sustained_cold,,3,,,,,prover_commit_returned,,,,,,,,,234633
031,False,phase,,sustained_cold,prepared,3,,,,,,,,,,,234657,,,
031,False,progress,,sustained_cold,,4,,,,,verifier_accept_returned,,,,,,,,,236281
031,False,progress,,sustained_cold,,4,,,,,prover_commit_returned,,,,,,,,,236456
031,False,phase,,sustained_cold,prepared,4,,,,,,,,,,,236461,,,
031,False,phase,,sustained_cold,verified,3,3,,,,,,,,,,234657,0,115603,
031,False,job,,sustained_cold,,,3,,,,,,,,,,,,,350389
031,False,phase,,sustained_cold,verified,4,4,,,,,,,,,,236461,0,114477,
031,False,job,,sustained_cold,,,4,,,,,,,,,,,,,351098
031,False,block,,sustained_cold,,,,1,,2,,,,,,,,,,351569
031,False,progress,,sustained_cold,,5,,,,,fresh_started,,,,,,,,,0
031,False,progress,,sustained_cold,,5,,,,,drivers_started,,,,,,,,,333
031,False,progress,,sustained_cold,,5,,,,,prover_commit_started,,,,,,,,,354
031,False,progress,,sustained_cold,,5,,,,,verifier_commit_started,,,,,,,,,361
031,False,progress,,sustained_cold,,6,,,,,fresh_started,,,,,,,,,0
031,False,progress,,sustained_cold,,6,,,,,drivers_started,,,,,,,,,271
031,False,progress,,sustained_cold,,6,,,,,prover_commit_started,,,,,,,,,275
031,False,progress,,sustained_cold,,6,,,,,verifier_commit_started,,,,,,,,,279
031,False,progress,,sustained_cold,,6,,,,,verifier_commit_received,,,,,,,,,289
031,False,progress,,sustained_cold,,5,,,,,verifier_commit_received,,,,,,,,,3212
031,False,progress,,sustained_cold,,5,,,,,verifier_accept_returned,,,,,,,,,244918
031,False,progress,,sustained_cold,,6,,,,,verifier_accept_returned,,,,,,,,,245190
031,False,progress,,sustained_cold,,6,,,,,prover_commit_returned,,,,,,,,,245358
031,False,phase,,sustained_cold,prepared,6,,,,,,,,,,,245370,,,
031,False,progress,,sustained_cold,,5,,,,,prover_commit_returned,,,,,,,,,246487
031,False,phase,,sustained_cold,prepared,5,,,,,,,,,,,246492,,,
031,False,phase,,sustained_cold,verified,6,6,,,,,,,,,,245370,0,114240,
031,False,job,,sustained_cold,,,6,,,,,,,,,,,,,359936
031,False,phase,,sustained_cold,verified,5,5,,,,,,,,,,246492,0,114907,
031,False,job,,sustained_cold,,,5,,,,,,,,,,,,,361527
031,False,block,,sustained_cold,,,,2,,2,,,,,,,,,,361544
031,False,progress,,sustained_prepared,,5,,,,,fresh_started,,,,,,,,,0
031,False,progress,,sustained_prepared,,5,,,,,drivers_started,,,,,,,,,392
031,False,progress,,sustained_prepared,,5,,,,,prover_commit_started,,,,,,,,,397
031,False,progress,,sustained_prepared,,5,,,,,verifier_commit_started,,,,,,,,,404
031,False,progress,,sustained_prepared,,5,,,,,verifier_commit_received,,,,,,,,,432
031,False,progress,,sustained_prepared,,5,,,,,verifier_accept_returned,,,,,,,,,193881
031,False,progress,,sustained_prepared,,5,,,,,prover_commit_returned,,,,,,,,,194763
031,False,phase,,sustained_prepared,prepared,5,,,,,,,,,,,194792,,,
031,False,progress,,sustained_prepared,,6,,,,,fresh_started,,,,,,,,,0
031,False,progress,,sustained_prepared,,6,,,,,drivers_started,,,,,,,,,352
031,False,progress,,sustained_prepared,,6,,,,,prover_commit_started,,,,,,,,,369
031,False,progress,,sustained_prepared,,6,,,,,verifier_commit_started,,,,,,,,,379
031,False,progress,,sustained_prepared,,6,,,,,verifier_commit_received,,,,,,,,,397
031,False,progress,,sustained_prepared,,6,,,,,verifier_accept_returned,,,,,,,,,192517
031,False,progress,,sustained_prepared,,6,,,,,prover_commit_returned,,,,,,,,,193331
031,False,phase,,sustained_prepared,prepared,6,,,,,,,,,,,193347,,,
031,False,phase,,sustained_prepared,verified,5,5,,,,,,,,,,194792,245683,116344,
031,False,job,,sustained_prepared,,,5,,,,,,,,,,,,,117747
031,False,phase,,sustained_prepared,verified,6,6,,,,,,,,,,193347,52889,118477,
031,False,job,,sustained_prepared,,,6,,,,,,,,,,,,,118601
031,False,block,,sustained_prepared,,,,2,,2,,,,,,,,,,559658
031,False,progress,,sustained_prepared,,7,,,,,fresh_started,,,,,,,,,0
031,False,progress,,sustained_prepared,,7,,,,,drivers_started,,,,,,,,,322
031,False,progress,,sustained_prepared,,7,,,,,prover_commit_started,,,,,,,,,330
031,False,progress,,sustained_prepared,,7,,,,,verifier_commit_started,,,,,,,,,339
031,False,progress,,sustained_prepared,,7,,,,,verifier_commit_received,,,,,,,,,354
031,False,progress,,sustained_prepared,,7,,,,,verifier_accept_returned,,,,,,,,,188854
031,False,progress,,sustained_prepared,,7,,,,,prover_commit_returned,,,,,,,,,189877
031,False,phase,,sustained_prepared,prepared,7,,,,,,,,,,,189903,,,
031,False,progress,,sustained_prepared,,8,,,,,fresh_started,,,,,,,,,0
031,False,progress,,sustained_prepared,,8,,,,,drivers_started,,,,,,,,,447
031,False,progress,,sustained_prepared,,8,,,,,prover_commit_started,,,,,,,,,458
031,False,progress,,sustained_prepared,,8,,,,,verifier_commit_started,,,,,,,,,466
031,False,progress,,sustained_prepared,,8,,,,,verifier_commit_received,,,,,,,,,474
031,False,progress,,sustained_prepared,,8,,,,,verifier_accept_returned,,,,,,,,,192939
031,False,progress,,sustained_prepared,,8,,,,,prover_commit_returned,,,,,,,,,193776
031,False,phase,,sustained_prepared,prepared,8,,,,,,,,,,,193785,,,
031,False,phase,,sustained_prepared,verified,7,7,,,,,,,,,,189903,246838,111488,
031,False,job,,sustained_prepared,,,7,,,,,,,,,,,,,112815
031,False,phase,,sustained_prepared,verified,8,8,,,,,,,,,,193785,53441,113636,
031,False,job,,sustained_prepared,,,8,,,,,,,,,,,,,113796
031,False,block,,sustained_prepared,,,,3,,2,,,,,,,,,,550957
031,False,progress,,sustained_cold,,7,,,,,fresh_started,,,,,,,,,0
031,False,progress,,sustained_cold,,7,,,,,drivers_started,,,,,,,,,372
031,False,progress,,sustained_cold,,7,,,,,prover_commit_started,,,,,,,,,384
031,False,progress,,sustained_cold,,7,,,,,verifier_commit_started,,,,,,,,,401
031,False,progress,,sustained_cold,,7,,,,,verifier_commit_received,,,,,,,,,413
031,False,progress,,sustained_cold,,8,,,,,fresh_started,,,,,,,,,0
031,False,progress,,sustained_cold,,8,,,,,drivers_started,,,,,,,,,352
031,False,progress,,sustained_cold,,8,,,,,prover_commit_started,,,,,,,,,356
031,False,progress,,sustained_cold,,8,,,,,verifier_commit_started,,,,,,,,,361
031,False,progress,,sustained_cold,,8,,,,,verifier_commit_received,,,,,,,,,1921
031,False,progress,,sustained_cold,,7,,,,,verifier_accept_returned,,,,,,,,,236374
031,False,progress,,sustained_cold,,7,,,,,prover_commit_returned,,,,,,,,,236826
031,False,phase,,sustained_cold,prepared,7,,,,,,,,,,,236834,,,
031,False,progress,,sustained_cold,,8,,,,,verifier_accept_returned,,,,,,,,,236459
031,False,progress,,sustained_cold,,8,,,,,prover_commit_returned,,,,,,,,,237063
031,False,phase,,sustained_cold,prepared,8,,,,,,,,,,,237067,,,
031,False,phase,,sustained_cold,verified,7,7,,,,,,,,,,236834,0,113742,
031,False,job,,sustained_cold,,,7,,,,,,,,,,,,,350831
031,False,phase,,sustained_cold,verified,8,8,,,,,,,,,,237067,0,113509,
031,False,job,,sustained_cold,,,8,,,,,,,,,,,,,350685
031,False,block,,sustained_cold,,,,3,,2,,,,,,,,,,351931
031,False,progress,,sustained_cold,,9,,,,,fresh_started,,,,,,,,,0
031,False,progress,,sustained_cold,,9,,,,,drivers_started,,,,,,,,,369
031,False,progress,,sustained_cold,,9,,,,,prover_commit_started,,,,,,,,,374
031,False,progress,,sustained_cold,,9,,,,,verifier_commit_started,,,,,,,,,382
031,False,progress,,sustained_cold,,10,,,,,fresh_started,,,,,,,,,0
031,False,progress,,sustained_cold,,10,,,,,drivers_started,,,,,,,,,399
031,False,progress,,sustained_cold,,10,,,,,prover_commit_started,,,,,,,,,433
031,False,progress,,sustained_cold,,10,,,,,verifier_commit_started,,,,,,,,,442
031,False,progress,,sustained_cold,,9,,,,,verifier_commit_received,,,,,,,,,843
031,False,progress,,sustained_cold,,10,,,,,verifier_commit_received,,,,,,,,,2801
031,False,progress,,sustained_cold,,9,,,,,verifier_accept_returned,,,,,,,,,220826
031,False,progress,,sustained_cold,,9,,,,,prover_commit_returned,,,,,,,,,221854
031,False,phase,,sustained_cold,prepared,9,,,,,,,,,,,221874,,,
031,False,progress,,sustained_cold,,10,,,,,verifier_accept_returned,,,,,,,,,244224
031,False,progress,,sustained_cold,,10,,,,,prover_commit_returned,,,,,,,,,246812
031,False,phase,,sustained_cold,prepared,10,,,,,,,,,,,246842,,,
031,False,phase,,sustained_cold,verified,9,9,,,,,,,,,,221874,0,99661,
031,False,job,,sustained_cold,,,9,,,,,,,,,,,,,321706
031,False,phase,,sustained_cold,verified,10,10,,,,,,,,,,246842,0,98807,
031,False,job,,sustained_cold,,,10,,,,,,,,,,,,,345828
031,False,block,,sustained_cold,,,,4,,2,,,,,,,,,,346240
031,False,progress,,sustained_prepared,,9,,,,,fresh_started,,,,,,,,,0
031,False,progress,,sustained_prepared,,9,,,,,drivers_started,,,,,,,,,328
031,False,progress,,sustained_prepared,,9,,,,,prover_commit_started,,,,,,,,,336
031,False,progress,,sustained_prepared,,9,,,,,verifier_commit_started,,,,,,,,,343
031,False,progress,,sustained_prepared,,9,,,,,verifier_commit_received,,,,,,,,,349
031,False,progress,,sustained_prepared,,9,,,,,verifier_accept_returned,,,,,,,,,197897
031,False,progress,,sustained_prepared,,9,,,,,prover_commit_returned,,,,,,,,,198933
031,False,phase,,sustained_prepared,prepared,9,,,,,,,,,,,198942,,,
031,False,progress,,sustained_prepared,,10,,,,,fresh_started,,,,,,,,,0
031,False,progress,,sustained_prepared,,10,,,,,drivers_started,,,,,,,,,349
031,False,progress,,sustained_prepared,,10,,,,,prover_commit_started,,,,,,,,,354
031,False,progress,,sustained_prepared,,10,,,,,verifier_commit_started,,,,,,,,,361
031,False,progress,,sustained_prepared,,10,,,,,verifier_commit_received,,,,,,,,,369
031,False,progress,,sustained_prepared,,10,,,,,verifier_accept_returned,,,,,,,,,191407
031,False,progress,,sustained_prepared,,10,,,,,prover_commit_returned,,,,,,,,,192432
031,False,phase,,sustained_prepared,prepared,10,,,,,,,,,,,192443,,,
031,False,phase,,sustained_prepared,verified,9,9,,,,,,,,,,198942,245499,117957,
031,False,job,,sustained_prepared,,,9,,,,,,,,,,,,,118197
031,False,phase,,sustained_prepared,verified,10,10,,,,,,,,,,192443,54058,118397,
031,False,job,,sustained_prepared,,,10,,,,,,,,,,,,,118531
031,False,block,,sustained_prepared,,,,4,,2,,,,,,,,,,564014
031,False,progress,,sustained_prepared,,11,,,,,fresh_started,,,,,,,,,0
031,False,progress,,sustained_prepared,,11,,,,,drivers_started,,,,,,,,,376
031,False,progress,,sustained_prepared,,11,,,,,prover_commit_started,,,,,,,,,384
031,False,progress,,sustained_prepared,,11,,,,,verifier_commit_started,,,,,,,,,394
031,False,progress,,sustained_prepared,,11,,,,,verifier_commit_received,,,,,,,,,415
031,False,progress,,sustained_prepared,,11,,,,,verifier_accept_returned,,,,,,,,,196520
031,False,progress,,sustained_prepared,,11,,,,,prover_commit_returned,,,,,,,,,197365
031,False,phase,,sustained_prepared,prepared,11,,,,,,,,,,,197379,,,
031,False,progress,,sustained_prepared,,12,,,,,fresh_started,,,,,,,,,0
031,False,progress,,sustained_prepared,,12,,,,,drivers_started,,,,,,,,,386
031,False,progress,,sustained_prepared,,12,,,,,prover_commit_started,,,,,,,,,394
031,False,progress,,sustained_prepared,,12,,,,,verifier_commit_started,,,,,,,,,405
031,False,progress,,sustained_prepared,,12,,,,,verifier_commit_received,,,,,,,,,426
031,False,progress,,sustained_prepared,,12,,,,,verifier_accept_returned,,,,,,,,,193429
031,False,progress,,sustained_prepared,,12,,,,,prover_commit_returned,,,,,,,,,194308
031,False,phase,,sustained_prepared,prepared,12,,,,,,,,,,,194323,,,
031,False,phase,,sustained_prepared,verified,12,12,,,,,,,,,,194323,52205,115330,
031,False,job,,sustained_prepared,,,12,,,,,,,,,,,,,115499
031,False,phase,,sustained_prepared,verified,11,11,,,,,,,,,,197379,246131,116730,
031,False,job,,sustained_prepared,,,11,,,,,,,,,,,,,116819
031,False,block,,sustained_prepared,,,,5,,2,,,,,,,,,,560356
031,False,progress,,sustained_cold,,11,,,,,fresh_started,,,,,,,,,0
031,False,progress,,sustained_cold,,11,,,,,drivers_started,,,,,,,,,528
031,False,progress,,sustained_cold,,11,,,,,prover_commit_started,,,,,,,,,547
031,False,progress,,sustained_cold,,11,,,,,verifier_commit_started,,,,,,,,,557
031,False,progress,,sustained_cold,,11,,,,,verifier_commit_received,,,,,,,,,575
031,False,progress,,sustained_cold,,12,,,,,fresh_started,,,,,,,,,0
031,False,progress,,sustained_cold,,12,,,,,drivers_started,,,,,,,,,318
031,False,progress,,sustained_cold,,12,,,,,prover_commit_started,,,,,,,,,323
031,False,progress,,sustained_cold,,12,,,,,verifier_commit_started,,,,,,,,,328
031,False,progress,,sustained_cold,,12,,,,,verifier_commit_received,,,,,,,,,334
031,False,progress,,sustained_cold,,11,,,,,verifier_accept_returned,,,,,,,,,232677
031,False,progress,,sustained_cold,,11,,,,,prover_commit_returned,,,,,,,,,234439
031,False,phase,,sustained_cold,prepared,11,,,,,,,,,,,234467,,,
031,False,progress,,sustained_cold,,12,,,,,verifier_accept_returned,,,,,,,,,234421
031,False,progress,,sustained_cold,,12,,,,,prover_commit_returned,,,,,,,,,235344
031,False,phase,,sustained_cold,prepared,12,,,,,,,,,,,235352,,,
031,False,phase,,sustained_cold,verified,11,11,,,,,,,,,,234467,0,117369,
031,False,job,,sustained_cold,,,11,,,,,,,,,,,,,351976
031,False,phase,,sustained_cold,verified,12,12,,,,,,,,,,235352,0,116351,
031,False,job,,sustained_cold,,,12,,,,,,,,,,,,,351866
031,False,block,,sustained_cold,,,,5,,2,,,,,,,,,,353193
031,False,progress,,sustained_cold,,13,,,,,fresh_started,,,,,,,,,0
031,False,progress,,sustained_cold,,13,,,,,drivers_started,,,,,,,,,396
031,False,progress,,sustained_cold,,13,,,,,prover_commit_started,,,,,,,,,401
031,False,progress,,sustained_cold,,13,,,,,verifier_commit_started,,,,,,,,,409
031,False,progress,,sustained_cold,,13,,,,,verifier_commit_received,,,,,,,,,415
031,False,progress,,sustained_cold,,14,,,,,fresh_started,,,,,,,,,0
031,False,progress,,sustained_cold,,14,,,,,drivers_started,,,,,,,,,280
031,False,progress,,sustained_cold,,14,,,,,prover_commit_started,,,,,,,,,289
031,False,progress,,sustained_cold,,14,,,,,verifier_commit_started,,,,,,,,,295
031,False,progress,,sustained_cold,,14,,,,,verifier_commit_received,,,,,,,,,300
031,False,progress,,sustained_cold,,14,,,,,verifier_accept_returned,,,,,,,,,219642
031,False,progress,,sustained_cold,,14,,,,,prover_commit_returned,,,,,,,,,220316
031,False,phase,,sustained_cold,prepared,14,,,,,,,,,,,220330,,,
031,False,progress,,sustained_cold,,13,,,,,verifier_accept_returned,,,,,,,,,242642
031,False,progress,,sustained_cold,,13,,,,,prover_commit_returned,,,,,,,,,242696
031,False,phase,,sustained_cold,prepared,13,,,,,,,,,,,242701,,,
031,False,phase,,sustained_cold,verified,14,14,,,,,,,,,,220330,0,102972,
031,False,job,,sustained_cold,,,14,,,,,,,,,,,,,323795
031,False,phase,,sustained_cold,verified,13,13,,,,,,,,,,242701,0,103030,
031,False,job,,sustained_cold,,,13,,,,,,,,,,,,,345949
031,False,block,,sustained_cold,,,,6,,2,,,,,,,,,,345968
031,False,progress,,sustained_prepared,,13,,,,,fresh_started,,,,,,,,,0
031,False,progress,,sustained_prepared,,13,,,,,drivers_started,,,,,,,,,317
031,False,progress,,sustained_prepared,,13,,,,,prover_commit_started,,,,,,,,,340
031,False,progress,,sustained_prepared,,13,,,,,verifier_commit_started,,,,,,,,,348
031,False,progress,,sustained_prepared,,13,,,,,verifier_commit_received,,,,,,,,,370
031,False,progress,,sustained_prepared,,13,,,,,verifier_accept_returned,,,,,,,,,194094
031,False,progress,,sustained_prepared,,13,,,,,prover_commit_returned,,,,,,,,,194859
031,False,phase,,sustained_prepared,prepared,13,,,,,,,,,,,194876,,,
031,False,progress,,sustained_prepared,,14,,,,,fresh_started,,,,,,,,,0
031,False,progress,,sustained_prepared,,14,,,,,drivers_started,,,,,,,,,343
031,False,progress,,sustained_prepared,,14,,,,,prover_commit_started,,,,,,,,,351
031,False,progress,,sustained_prepared,,14,,,,,verifier_commit_started,,,,,,,,,360
031,False,progress,,sustained_prepared,,14,,,,,verifier_commit_received,,,,,,,,,382
031,False,progress,,sustained_prepared,,14,,,,,verifier_accept_returned,,,,,,,,,197615
031,False,progress,,sustained_prepared,,14,,,,,prover_commit_returned,,,,,,,,,198358
031,False,phase,,sustained_prepared,prepared,14,,,,,,,,,,,198382,,,
031,False,phase,,sustained_prepared,verified,13,13,,,,,,,,,,194876,251428,118439,
031,False,job,,sustained_prepared,,,13,,,,,,,,,,,,,118658
031,False,phase,,sustained_prepared,verified,14,14,,,,,,,,,,198382,53475,119194,
031,False,job,,sustained_prepared,,,14,,,,,,,,,,,,,119367
031,False,block,,sustained_prepared,,,,6,,2,,,,,,,,,,566128
031,False,progress,,sustained_prepared,,15,,,,,fresh_started,,,,,,,,,0
031,False,progress,,sustained_prepared,,15,,,,,drivers_started,,,,,,,,,316
031,False,progress,,sustained_prepared,,15,,,,,prover_commit_started,,,,,,,,,328
031,False,progress,,sustained_prepared,,15,,,,,verifier_commit_started,,,,,,,,,339
031,False,progress,,sustained_prepared,,15,,,,,verifier_commit_received,,,,,,,,,368
031,False,progress,,sustained_prepared,,15,,,,,verifier_accept_returned,,,,,,,,,196738
031,False,progress,,sustained_prepared,,15,,,,,prover_commit_returned,,,,,,,,,197633
031,False,phase,,sustained_prepared,prepared,15,,,,,,,,,,,197641,,,
031,False,progress,,sustained_prepared,,16,,,,,fresh_started,,,,,,,,,0
031,False,progress,,sustained_prepared,,16,,,,,drivers_started,,,,,,,,,343
031,False,progress,,sustained_prepared,,16,,,,,prover_commit_started,,,,,,,,,350
031,False,progress,,sustained_prepared,,16,,,,,verifier_commit_started,,,,,,,,,361
031,False,progress,,sustained_prepared,,16,,,,,verifier_commit_received,,,,,,,,,370
031,False,progress,,sustained_prepared,,16,,,,,verifier_accept_returned,,,,,,,,,196624
031,False,progress,,sustained_prepared,,16,,,,,prover_commit_returned,,,,,,,,,197493
031,False,phase,,sustained_prepared,prepared,16,,,,,,,,,,,197516,,,
031,False,phase,,sustained_prepared,verified,16,16,,,,,,,,,,197516,53429,116911,
031,False,job,,sustained_prepared,,,16,,,,,,,,,,,,,117065
031,False,phase,,sustained_prepared,verified,15,15,,,,,,,,,,197641,250564,118609,
031,False,job,,sustained_prepared,,,15,,,,,,,,,,,,,118783
031,False,block,,sustained_prepared,,,,7,,2,,,,,,,,,,567011
031,False,progress,,sustained_cold,,15,,,,,fresh_started,,,,,,,,,0
031,False,progress,,sustained_cold,,15,,,,,drivers_started,,,,,,,,,359
031,False,progress,,sustained_cold,,15,,,,,prover_commit_started,,,,,,,,,366
031,False,progress,,sustained_cold,,15,,,,,verifier_commit_started,,,,,,,,,374
031,False,progress,,sustained_cold,,15,,,,,verifier_commit_received,,,,,,,,,381
031,False,progress,,sustained_cold,,16,,,,,fresh_started,,,,,,,,,0
031,False,progress,,sustained_cold,,16,,,,,drivers_started,,,,,,,,,285
031,False,progress,,sustained_cold,,16,,,,,prover_commit_started,,,,,,,,,289
031,False,progress,,sustained_cold,,16,,,,,verifier_commit_started,,,,,,,,,295
031,False,progress,,sustained_cold,,16,,,,,verifier_commit_received,,,,,,,,,303
031,False,progress,,sustained_cold,,16,,,,,verifier_accept_returned,,,,,,,,,215360
031,False,progress,,sustained_cold,,16,,,,,prover_commit_returned,,,,,,,,,216105
031,False,phase,,sustained_cold,prepared,16,,,,,,,,,,,216136,,,
031,False,progress,,sustained_cold,,15,,,,,verifier_accept_returned,,,,,,,,,239745
031,False,progress,,sustained_cold,,15,,,,,prover_commit_returned,,,,,,,,,239791
031,False,phase,,sustained_cold,prepared,15,,,,,,,,,,,239797,,,
031,False,phase,,sustained_cold,verified,16,16,,,,,,,,,,216136,1,99291,
031,False,job,,sustained_cold,,,16,,,,,,,,,,,,,315598
031,False,phase,,sustained_cold,verified,15,15,,,,,,,,,,239797,0,98718,
031,False,job,,sustained_cold,,,15,,,,,,,,,,,,,338710
031,False,block,,sustained_cold,,,,7,,2,,,,,,,,,,338730
031,False,progress,,sustained_cold,,17,,,,,fresh_started,,,,,,,,,0
031,False,progress,,sustained_cold,,17,,,,,drivers_started,,,,,,,,,367
031,False,progress,,sustained_cold,,17,,,,,prover_commit_started,,,,,,,,,377
031,False,progress,,sustained_cold,,17,,,,,verifier_commit_started,,,,,,,,,386
031,False,progress,,sustained_cold,,18,,,,,fresh_started,,,,,,,,,0
031,False,progress,,sustained_cold,,18,,,,,drivers_started,,,,,,,,,316
031,False,progress,,sustained_cold,,18,,,,,prover_commit_started,,,,,,,,,320
031,False,progress,,sustained_cold,,18,,,,,verifier_commit_started,,,,,,,,,329
031,False,progress,,sustained_cold,,17,,,,,verifier_commit_received,,,,,,,,,731
031,False,progress,,sustained_cold,,18,,,,,verifier_commit_received,,,,,,,,,2966
031,False,progress,,sustained_cold,,17,,,,,verifier_accept_returned,,,,,,,,,232905
031,False,progress,,sustained_cold,,17,,,,,prover_commit_returned,,,,,,,,,233562
031,False,phase,,sustained_cold,prepared,17,,,,,,,,,,,233585,,,
031,False,progress,,sustained_cold,,18,,,,,prover_commit_returned,,,,,,,,,236235
031,False,progress,,sustained_cold,,18,,,,,verifier_accept_returned,,,,,,,,,236256
031,False,phase,,sustained_cold,prepared,18,,,,,,,,,,,236260,,,
031,False,phase,,sustained_cold,verified,18,18,,,,,,,,,,236260,0,116899,
031,False,job,,sustained_cold,,,18,,,,,,,,,,,,,353262
031,False,phase,,sustained_cold,verified,17,17,,,,,,,,,,233585,0,121002,
031,False,job,,sustained_cold,,,17,,,,,,,,,,,,,354745
031,False,block,,sustained_cold,,,,8,,2,,,,,,,,,,354768
031,False,progress,,sustained_prepared,,17,,,,,fresh_started,,,,,,,,,0
031,False,progress,,sustained_prepared,,17,,,,,drivers_started,,,,,,,,,351
031,False,progress,,sustained_prepared,,17,,,,,prover_commit_started,,,,,,,,,383
031,False,progress,,sustained_prepared,,17,,,,,verifier_commit_started,,,,,,,,,397
031,False,progress,,sustained_prepared,,17,,,,,verifier_commit_received,,,,,,,,,419
031,False,progress,,sustained_prepared,,17,,,,,verifier_accept_returned,,,,,,,,,192603
031,False,progress,,sustained_prepared,,17,,,,,prover_commit_returned,,,,,,,,,193590
031,False,phase,,sustained_prepared,prepared,17,,,,,,,,,,,193616,,,
031,False,progress,,sustained_prepared,,18,,,,,fresh_started,,,,,,,,,0
031,False,progress,,sustained_prepared,,18,,,,,drivers_started,,,,,,,,,321
031,False,progress,,sustained_prepared,,18,,,,,prover_commit_started,,,,,,,,,333
031,False,progress,,sustained_prepared,,18,,,,,verifier_commit_started,,,,,,,,,342
031,False,progress,,sustained_prepared,,18,,,,,verifier_commit_received,,,,,,,,,366
031,False,progress,,sustained_prepared,,18,,,,,verifier_accept_returned,,,,,,,,,191527
031,False,progress,,sustained_prepared,,18,,,,,prover_commit_returned,,,,,,,,,192355
031,False,phase,,sustained_prepared,prepared,18,,,,,,,,,,,192380,,,
031,False,phase,,sustained_prepared,verified,17,17,,,,,,,,,,193616,245436,115270,
031,False,job,,sustained_prepared,,,17,,,,,,,,,,,,,115522
031,False,phase,,sustained_prepared,verified,18,18,,,,,,,,,,192380,54086,115539,
031,False,job,,sustained_prepared,,,18,,,,,,,,,,,,,115705
031,False,block,,sustained_prepared,,,,8,,2,,,,,,,,,,555816
031,False,progress,,sustained_prepared,,19,,,,,fresh_started,,,,,,,,,0
031,False,progress,,sustained_prepared,,19,,,,,drivers_started,,,,,,,,,391
031,False,progress,,sustained_prepared,,19,,,,,prover_commit_started,,,,,,,,,396
031,False,progress,,sustained_prepared,,19,,,,,verifier_commit_started,,,,,,,,,403
031,False,progress,,sustained_prepared,,19,,,,,verifier_commit_received,,,,,,,,,421
031,False,progress,,sustained_prepared,,19,,,,,verifier_accept_returned,,,,,,,,,195547
031,False,progress,,sustained_prepared,,19,,,,,prover_commit_returned,,,,,,,,,196261
031,False,phase,,sustained_prepared,prepared,19,,,,,,,,,,,196276,,,
031,False,progress,,sustained_prepared,,20,,,,,fresh_started,,,,,,,,,0
031,False,progress,,sustained_prepared,,20,,,,,drivers_started,,,,,,,,,367
031,False,progress,,sustained_prepared,,20,,,,,prover_commit_started,,,,,,,,,377
031,False,progress,,sustained_prepared,,20,,,,,verifier_commit_started,,,,,,,,,388
031,False,progress,,sustained_prepared,,20,,,,,verifier_commit_received,,,,,,,,,407
031,False,progress,,sustained_prepared,,20,,,,,verifier_accept_returned,,,,,,,,,201392
031,False,progress,,sustained_prepared,,20,,,,,prover_commit_returned,,,,,,,,,202348
031,False,phase,,sustained_prepared,prepared,20,,,,,,,,,,,202367,,,
031,False,phase,,sustained_prepared,verified,19,19,,,,,,,,,,196276,255235,118556,
031,False,job,,sustained_prepared,,,19,,,,,,,,,,,,,118790
031,False,phase,,sustained_prepared,verified,20,20,,,,,,,,,,202367,53398,119345,
031,False,job,,sustained_prepared,,,20,,,,,,,,,,,,,119504
031,False,block,,sustained_prepared,,,,9,,2,,,,,,,,,,571573
031,False,progress,,sustained_cold,,19,,,,,fresh_started,,,,,,,,,0
031,False,progress,,sustained_cold,,19,,,,,drivers_started,,,,,,,,,296
031,False,progress,,sustained_cold,,19,,,,,prover_commit_started,,,,,,,,,302
031,False,progress,,sustained_cold,,19,,,,,verifier_commit_started,,,,,,,,,310
031,False,progress,,sustained_cold,,20,,,,,fresh_started,,,,,,,,,0
031,False,progress,,sustained_cold,,20,,,,,drivers_started,,,,,,,,,268
031,False,progress,,sustained_cold,,20,,,,,prover_commit_started,,,,,,,,,280
031,False,progress,,sustained_cold,,20,,,,,verifier_commit_started,,,,,,,,,287
031,False,progress,,sustained_cold,,19,,,,,verifier_commit_received,,,,,,,,,612
031,False,progress,,sustained_cold,,20,,,,,verifier_commit_received,,,,,,,,,2730
031,False,progress,,sustained_cold,,20,,,,,verifier_accept_returned,,,,,,,,,251683
031,False,progress,,sustained_cold,,19,,,,,verifier_accept_returned,,,,,,,,,252479
031,False,progress,,sustained_cold,,19,,,,,prover_commit_returned,,,,,,,,,253072
031,False,phase,,sustained_cold,prepared,19,,,,,,,,,,,253083,,,
031,False,progress,,sustained_cold,,20,,,,,prover_commit_returned,,,,,,,,,253157
031,False,phase,,sustained_cold,prepared,20,,,,,,,,,,,253163,,,
031,False,phase,,sustained_cold,verified,20,20,,,,,,,,,,253163,0,122495,
031,False,job,,sustained_cold,,,20,,,,,,,,,,,,,375901
031,False,phase,,sustained_cold,verified,19,19,,,,,,,,,,253083,0,124214,
031,False,job,,sustained_cold,,,19,,,,,,,,,,,,,377427
031,False,block,,sustained_cold,,,,9,,2,,,,,,,,,,377442
031,False,progress,,sustained_cold,,21,,,,,fresh_started,,,,,,,,,0
031,False,progress,,sustained_cold,,21,,,,,drivers_started,,,,,,,,,361
031,False,progress,,sustained_cold,,21,,,,,prover_commit_started,,,,,,,,,367
031,False,progress,,sustained_cold,,21,,,,,verifier_commit_started,,,,,,,,,373
031,False,progress,,sustained_cold,,22,,,,,fresh_started,,,,,,,,,0
031,False,progress,,sustained_cold,,22,,,,,drivers_started,,,,,,,,,312
031,False,progress,,sustained_cold,,22,,,,,prover_commit_started,,,,,,,,,317
031,False,progress,,sustained_cold,,22,,,,,verifier_commit_started,,,,,,,,,326
031,False,progress,,sustained_cold,,21,,,,,verifier_commit_received,,,,,,,,,712
031,False,progress,,sustained_cold,,22,,,,,verifier_commit_received,,,,,,,,,2898
031,False,progress,,sustained_cold,,21,,,,,verifier_accept_returned,,,,,,,,,250397
031,False,progress,,sustained_cold,,22,,,,,verifier_accept_returned,,,,,,,,,250529
031,False,progress,,sustained_cold,,22,,,,,prover_commit_returned,,,,,,,,,250968
031,False,phase,,sustained_cold,prepared,22,,,,,,,,,,,250977,,,
031,False,progress,,sustained_cold,,21,,,,,prover_commit_returned,,,,,,,,,252114
031,False,phase,,sustained_cold,prepared,21,,,,,,,,,,,252120,,,
031,False,phase,,sustained_cold,verified,21,21,,,,,,,,,,252120,0,119357,
031,False,job,,sustained_cold,,,21,,,,,,,,,,,,,371601
031,False,phase,,sustained_cold,verified,22,22,,,,,,,,,,250977,0,121275,
031,False,job,,sustained_cold,,,22,,,,,,,,,,,,,372416
031,False,block,,sustained_cold,,,,10,,2,,,,,,,,,,372818
031,False,progress,,sustained_prepared,,21,,,,,fresh_started,,,,,,,,,0
031,False,progress,,sustained_prepared,,21,,,,,drivers_started,,,,,,,,,342
031,False,progress,,sustained_prepared,,21,,,,,prover_commit_started,,,,,,,,,348
031,False,progress,,sustained_prepared,,21,,,,,verifier_commit_started,,,,,,,,,359
031,False,progress,,sustained_prepared,,21,,,,,verifier_commit_received,,,,,,,,,382
031,False,progress,,sustained_prepared,,21,,,,,verifier_accept_returned,,,,,,,,,218811
031,False,progress,,sustained_prepared,,21,,,,,prover_commit_returned,,,,,,,,,219692
031,False,phase,,sustained_prepared,prepared,21,,,,,,,,,,,219703,,,
031,False,progress,,sustained_prepared,,22,,,,,fresh_started,,,,,,,,,0
031,False,progress,,sustained_prepared,,22,,,,,drivers_started,,,,,,,,,312
031,False,progress,,sustained_prepared,,22,,,,,prover_commit_started,,,,,,,,,318
031,False,progress,,sustained_prepared,,22,,,,,verifier_commit_started,,,,,,,,,326
031,False,progress,,sustained_prepared,,22,,,,,verifier_commit_received,,,,,,,,,343
031,False,progress,,sustained_prepared,,22,,,,,verifier_accept_returned,,,,,,,,,205193
031,False,progress,,sustained_prepared,,22,,,,,prover_commit_returned,,,,,,,,,206058
031,False,phase,,sustained_prepared,prepared,22,,,,,,,,,,,206085,,,
031,False,phase,,sustained_prepared,verified,21,21,,,,,,,,,,219703,259967,120019,
031,False,job,,sustained_prepared,,,21,,,,,,,,,,,,,121370
031,False,phase,,sustained_prepared,verified,22,22,,,,,,,,,,206085,58740,117816,
031,False,job,,sustained_prepared,,,22,,,,,,,,,,,,,117950
031,False,block,,sustained_prepared,,,,10,,2,,,,,,,,,,602507
031,False,progress,,sustained_prepared,,23,,,,,fresh_started,,,,,,,,,0
031,False,progress,,sustained_prepared,,23,,,,,drivers_started,,,,,,,,,306
031,False,progress,,sustained_prepared,,23,,,,,prover_commit_started,,,,,,,,,312
031,False,progress,,sustained_prepared,,23,,,,,verifier_commit_started,,,,,,,,,320
031,False,progress,,sustained_prepared,,23,,,,,verifier_commit_received,,,,,,,,,337
031,False,progress,,sustained_prepared,,23,,,,,verifier_accept_returned,,,,,,,,,204190
031,False,progress,,sustained_prepared,,23,,,,,prover_commit_returned,,,,,,,,,205213
031,False,phase,,sustained_prepared,prepared,23,,,,,,,,,,,205232,,,
031,False,progress,,sustained_prepared,,24,,,,,fresh_started,,,,,,,,,0
031,False,progress,,sustained_prepared,,24,,,,,drivers_started,,,,,,,,,333
031,False,progress,,sustained_prepared,,24,,,,,prover_commit_started,,,,,,,,,341
031,False,progress,,sustained_prepared,,24,,,,,verifier_commit_started,,,,,,,,,354
031,False,progress,,sustained_prepared,,24,,,,,verifier_commit_received,,,,,,,,,362
031,False,progress,,sustained_prepared,,24,,,,,verifier_accept_returned,,,,,,,,,204288
031,False,progress,,sustained_prepared,,24,,,,,prover_commit_returned,,,,,,,,,205641
031,False,phase,,sustained_prepared,prepared,24,,,,,,,,,,,205669,,,
031,False,phase,,sustained_prepared,verified,23,23,,,,,,,,,,205232,258736,118330,
031,False,job,,sustained_prepared,,,23,,,,,,,,,,,,,118471
031,False,phase,,sustained_prepared,verified,24,24,,,,,,,,,,205669,54402,118068,
031,False,job,,sustained_prepared,,,24,,,,,,,,,,,,,118215
031,False,block,,sustained_prepared,,,,11,,2,,,,,,,,,,583549
031,False,progress,,sustained_cold,,23,,,,,fresh_started,,,,,,,,,0
031,False,progress,,sustained_cold,,23,,,,,drivers_started,,,,,,,,,349
031,False,progress,,sustained_cold,,23,,,,,prover_commit_started,,,,,,,,,356
031,False,progress,,sustained_cold,,23,,,,,verifier_commit_started,,,,,,,,,366
031,False,progress,,sustained_cold,,23,,,,,verifier_commit_received,,,,,,,,,372
031,False,progress,,sustained_cold,,24,,,,,fresh_started,,,,,,,,,0
031,False,progress,,sustained_cold,,24,,,,,drivers_started,,,,,,,,,273
031,False,progress,,sustained_cold,,24,,,,,prover_commit_started,,,,,,,,,282
031,False,progress,,sustained_cold,,24,,,,,verifier_commit_started,,,,,,,,,287
031,False,progress,,sustained_cold,,24,,,,,verifier_commit_received,,,,,,,,,295
031,False,progress,,sustained_cold,,23,,,,,verifier_accept_returned,,,,,,,,,233982
031,False,progress,,sustained_cold,,23,,,,,prover_commit_returned,,,,,,,,,237763
031,False,phase,,sustained_cold,prepared,23,,,,,,,,,,,237775,,,
031,False,progress,,sustained_cold,,24,,,,,verifier_accept_returned,,,,,,,,,244246
031,False,progress,,sustained_cold,,24,,,,,prover_commit_returned,,,,,,,,,246744
031,False,phase,,sustained_cold,prepared,24,,,,,,,,,,,246762,,,
031,False,phase,,sustained_cold,verified,23,23,,,,,,,,,,237775,0,111952,
031,False,job,,sustained_cold,,,23,,,,,,,,,,,,,353927
031,False,phase,,sustained_cold,verified,24,24,,,,,,,,,,246762,0,108854,
031,False,job,,sustained_cold,,,24,,,,,,,,,,,,,355872
031,False,block,,sustained_cold,,,,11,,2,,,,,,,,,,357146
031,False,progress,,sustained_cold,,25,,,,,fresh_started,,,,,,,,,0
031,False,progress,,sustained_cold,,25,,,,,drivers_started,,,,,,,,,368
031,False,progress,,sustained_cold,,25,,,,,prover_commit_started,,,,,,,,,378
031,False,progress,,sustained_cold,,25,,,,,verifier_commit_started,,,,,,,,,386
031,False,progress,,sustained_cold,,26,,,,,fresh_started,,,,,,,,,0
031,False,progress,,sustained_cold,,26,,,,,drivers_started,,,,,,,,,317
031,False,progress,,sustained_cold,,26,,,,,prover_commit_started,,,,,,,,,325
031,False,progress,,sustained_cold,,26,,,,,verifier_commit_started,,,,,,,,,331
031,False,progress,,sustained_cold,,26,,,,,verifier_commit_received,,,,,,,,,338
031,False,progress,,sustained_cold,,25,,,,,verifier_commit_received,,,,,,,,,3141
031,False,progress,,sustained_cold,,25,,,,,verifier_accept_returned,,,,,,,,,228944
031,False,progress,,sustained_cold,,25,,,,,prover_commit_returned,,,,,,,,,229582
031,False,phase,,sustained_cold,prepared,25,,,,,,,,,,,229602,,,
031,False,progress,,sustained_cold,,26,,,,,verifier_accept_returned,,,,,,,,,248629
031,False,progress,,sustained_cold,,26,,,,,prover_commit_returned,,,,,,,,,250955
031,False,phase,,sustained_cold,prepared,26,,,,,,,,,,,250976,,,
031,False,phase,,sustained_cold,verified,25,25,,,,,,,,,,229602,0,113260,
031,False,job,,sustained_cold,,,25,,,,,,,,,,,,,343066
031,False,phase,,sustained_cold,verified,26,26,,,,,,,,,,250976,0,100501,
031,False,job,,sustained_cold,,,26,,,,,,,,,,,,,351640
031,False,block,,sustained_cold,,,,12,,2,,,,,,,,,,352059
031,False,progress,,sustained_prepared,,25,,,,,fresh_started,,,,,,,,,0
031,False,progress,,sustained_prepared,,25,,,,,drivers_started,,,,,,,,,397
031,False,progress,,sustained_prepared,,25,,,,,prover_commit_started,,,,,,,,,404
031,False,progress,,sustained_prepared,,25,,,,,verifier_commit_started,,,,,,,,,418
031,False,progress,,sustained_prepared,,25,,,,,verifier_commit_received,,,,,,,,,439
031,False,progress,,sustained_prepared,,25,,,,,verifier_accept_returned,,,,,,,,,189500
031,False,progress,,sustained_prepared,,25,,,,,prover_commit_returned,,,,,,,,,190422
031,False,phase,,sustained_prepared,prepared,25,,,,,,,,,,,190432,,,
031,False,progress,,sustained_prepared,,26,,,,,fresh_started,,,,,,,,,0
031,False,progress,,sustained_prepared,,26,,,,,drivers_started,,,,,,,,,367
031,False,progress,,sustained_prepared,,26,,,,,prover_commit_started,,,,,,,,,372
031,False,progress,,sustained_prepared,,26,,,,,verifier_commit_started,,,,,,,,,379
031,False,progress,,sustained_prepared,,26,,,,,verifier_commit_received,,,,,,,,,395
031,False,progress,,sustained_prepared,,26,,,,,verifier_accept_returned,,,,,,,,,195749
031,False,progress,,sustained_prepared,,26,,,,,prover_commit_returned,,,,,,,,,196590
031,False,phase,,sustained_prepared,prepared,26,,,,,,,,,,,196603,,,
031,False,phase,,sustained_prepared,verified,25,25,,,,,,,,,,190432,249314,113132,
031,False,job,,sustained_prepared,,,25,,,,,,,,,,,,,113347
031,False,phase,,sustained_prepared,verified,26,26,,,,,,,,,,196603,53087,114102,
031,False,job,,sustained_prepared,,,26,,,,,,,,,,,,,114240
031,False,block,,sustained_prepared,,,,12,,2,,,,,,,,,,554385
031,False,progress,,sustained_prepared,,27,,,,,fresh_started,,,,,,,,,0
031,False,progress,,sustained_prepared,,27,,,,,drivers_started,,,,,,,,,414
031,False,progress,,sustained_prepared,,27,,,,,prover_commit_started,,,,,,,,,425
031,False,progress,,sustained_prepared,,27,,,,,verifier_commit_started,,,,,,,,,432
031,False,progress,,sustained_prepared,,27,,,,,verifier_commit_received,,,,,,,,,446
031,False,progress,,sustained_prepared,,27,,,,,verifier_accept_returned,,,,,,,,,195457
031,False,progress,,sustained_prepared,,27,,,,,prover_commit_returned,,,,,,,,,196239
031,False,phase,,sustained_prepared,prepared,27,,,,,,,,,,,196248,,,
031,False,progress,,sustained_prepared,,28,,,,,fresh_started,,,,,,,,,0
031,False,progress,,sustained_prepared,,28,,,,,drivers_started,,,,,,,,,408
031,False,progress,,sustained_prepared,,28,,,,,prover_commit_started,,,,,,,,,416
031,False,progress,,sustained_prepared,,28,,,,,verifier_commit_started,,,,,,,,,423
031,False,progress,,sustained_prepared,,28,,,,,verifier_commit_received,,,,,,,,,439
031,False,progress,,sustained_prepared,,28,,,,,verifier_accept_returned,,,,,,,,,197925
031,False,progress,,sustained_prepared,,28,,,,,prover_commit_returned,,,,,,,,,198779
031,False,phase,,sustained_prepared,prepared,28,,,,,,,,,,,198796,,,
031,False,phase,,sustained_prepared,verified,28,28,,,,,,,,,,198796,52032,117182,
031,False,job,,sustained_prepared,,,28,,,,,,,,,,,,,117451
031,False,phase,,sustained_prepared,verified,27,27,,,,,,,,,,196248,250428,119072,
031,False,job,,sustained_prepared,,,27,,,,,,,,,,,,,119295
031,False,block,,sustained_prepared,,,,13,,2,,,,,,,,,,565992
031,False,progress,,sustained_cold,,27,,,,,fresh_started,,,,,,,,,0
031,False,progress,,sustained_cold,,27,,,,,drivers_started,,,,,,,,,401
031,False,progress,,sustained_cold,,27,,,,,prover_commit_started,,,,,,,,,412
031,False,progress,,sustained_cold,,27,,,,,verifier_commit_started,,,,,,,,,420
031,False,progress,,sustained_cold,,28,,,,,fresh_started,,,,,,,,,0
031,False,progress,,sustained_cold,,28,,,,,drivers_started,,,,,,,,,308
031,False,progress,,sustained_cold,,28,,,,,prover_commit_started,,,,,,,,,313
031,False,progress,,sustained_cold,,28,,,,,verifier_commit_started,,,,,,,,,321
031,False,progress,,sustained_cold,,27,,,,,verifier_commit_received,,,,,,,,,759
031,False,progress,,sustained_cold,,28,,,,,verifier_commit_received,,,,,,,,,2939
031,False,progress,,sustained_cold,,27,,,,,verifier_accept_returned,,,,,,,,,228648
031,False,progress,,sustained_cold,,27,,,,,prover_commit_returned,,,,,,,,,229868
031,False,phase,,sustained_cold,prepared,27,,,,,,,,,,,229876,,,
031,False,progress,,sustained_cold,,28,,,,,verifier_accept_returned,,,,,,,,,249665
031,False,progress,,sustained_cold,,28,,,,,prover_commit_returned,,,,,,,,,252011
031,False,phase,,sustained_cold,prepared,28,,,,,,,,,,,252024,,,
031,False,phase,,sustained_cold,verified,27,27,,,,,,,,,,229876,0,109634,
031,False,job,,sustained_cold,,,27,,,,,,,,,,,,,339685
031,False,phase,,sustained_cold,verified,28,28,,,,,,,,,,252024,0,98762,
031,False,job,,sustained_cold,,,28,,,,,,,,,,,,,350945
031,False,block,,sustained_cold,,,,13,,2,,,,,,,,,,351397
031,False,progress,,sustained_cold,,29,,,,,fresh_started,,,,,,,,,0
031,False,progress,,sustained_cold,,29,,,,,drivers_started,,,,,,,,,345
031,False,progress,,sustained_cold,,29,,,,,prover_commit_started,,,,,,,,,355
031,False,progress,,sustained_cold,,29,,,,,verifier_commit_started,,,,,,,,,363
031,False,progress,,sustained_cold,,30,,,,,fresh_started,,,,,,,,,0
031,False,progress,,sustained_cold,,30,,,,,drivers_started,,,,,,,,,280
031,False,progress,,sustained_cold,,30,,,,,prover_commit_started,,,,,,,,,284
031,False,progress,,sustained_cold,,30,,,,,verifier_commit_started,,,,,,,,,290
031,False,progress,,sustained_cold,,30,,,,,verifier_commit_received,,,,,,,,,295
031,False,progress,,sustained_cold,,29,,,,,verifier_commit_received,,,,,,,,,3249
031,False,progress,,sustained_cold,,29,,,,,verifier_accept_returned,,,,,,,,,235830
031,False,progress,,sustained_cold,,29,,,,,prover_commit_returned,,,,,,,,,236519
031,False,phase,,sustained_cold,prepared,29,,,,,,,,,,,236549,,,
031,False,progress,,sustained_cold,,30,,,,,verifier_accept_returned,,,,,,,,,236685
031,False,progress,,sustained_cold,,30,,,,,prover_commit_returned,,,,,,,,,237644
031,False,phase,,sustained_cold,prepared,30,,,,,,,,,,,237651,,,
031,False,phase,,sustained_cold,verified,29,29,,,,,,,,,,236549,0,113463,
031,False,job,,sustained_cold,,,29,,,,,,,,,,,,,350147
031,False,phase,,sustained_cold,verified,30,30,,,,,,,,,,237651,0,112943,
031,False,job,,sustained_cold,,,30,,,,,,,,,,,,,350728
031,False,block,,sustained_cold,,,,14,,2,,,,,,,,,,351113
031,False,progress,,sustained_prepared,,29,,,,,fresh_started,,,,,,,,,0
031,False,progress,,sustained_prepared,,29,,,,,drivers_started,,,,,,,,,397
031,False,progress,,sustained_prepared,,29,,,,,prover_commit_started,,,,,,,,,408
031,False,progress,,sustained_prepared,,29,,,,,verifier_commit_started,,,,,,,,,416
031,False,progress,,sustained_prepared,,29,,,,,verifier_commit_received,,,,,,,,,425
031,False,progress,,sustained_prepared,,29,,,,,verifier_accept_returned,,,,,,,,,192872
031,False,progress,,sustained_prepared,,29,,,,,prover_commit_returned,,,,,,,,,193647
031,False,phase,,sustained_prepared,prepared,29,,,,,,,,,,,193660,,,
031,False,progress,,sustained_prepared,,30,,,,,fresh_started,,,,,,,,,0
031,False,progress,,sustained_prepared,,30,,,,,drivers_started,,,,,,,,,380
031,False,progress,,sustained_prepared,,30,,,,,prover_commit_started,,,,,,,,,391
031,False,progress,,sustained_prepared,,30,,,,,verifier_commit_started,,,,,,,,,399
031,False,progress,,sustained_prepared,,30,,,,,verifier_commit_received,,,,,,,,,438
031,False,progress,,sustained_prepared,,30,,,,,verifier_accept_returned,,,,,,,,,197263
031,False,progress,,sustained_prepared,,30,,,,,prover_commit_returned,,,,,,,,,198236
031,False,phase,,sustained_prepared,prepared,30,,,,,,,,,,,198260,,,
031,False,phase,,sustained_prepared,verified,29,29,,,,,,,,,,193660,251307,118998,
031,False,job,,sustained_prepared,,,29,,,,,,,,,,,,,119289
031,False,phase,,sustained_prepared,verified,30,30,,,,,,,,,,198260,53407,119797,
031,False,job,,sustained_prepared,,,30,,,,,,,,,,,,,119938
031,False,block,,sustained_prepared,,,,14,,2,,,,,,,,,,565303
031,False,campaign,serial,,,,,,,60,,,,,,,,,,13812720
032-threads64,True,progress,,bounded_burst,,1,,,,,fresh_started,,,,,,,,,0
032-threads64,True,progress,,bounded_burst,,1,,,,,drivers_started,,,,,,,,,424
032-threads64,True,progress,,bounded_burst,,1,,,,,prover_commit_started,,,,,,,,,443
032-threads64,True,progress,,bounded_burst,,1,,,,,verifier_commit_started,,,,,,,,,486
032-threads64,True,progress,,bounded_burst,,1,,,,,verifier_commit_received,,,,,,,,,507
032-threads64,True,progress,,bounded_burst,,1,,,,,verifier_accept_returned,,,,,,,,,252745
032-threads64,True,progress,,bounded_burst,,1,,,,,prover_commit_returned,,,,,,,,,254519
032-threads64,True,phase,,bounded_burst,prepared,1,,,,,,,,,,,254549,,,
032-threads64,True,progress,,bounded_burst,,2,,,,,fresh_started,,,,,,,,,0
032-threads64,True,progress,,bounded_burst,,2,,,,,drivers_started,,,,,,,,,412
032-threads64,True,progress,,bounded_burst,,2,,,,,prover_commit_started,,,,,,,,,421
032-threads64,True,progress,,bounded_burst,,2,,,,,verifier_commit_started,,,,,,,,,430
032-threads64,True,progress,,bounded_burst,,2,,,,,verifier_commit_received,,,,,,,,,450
032-threads64,True,progress,,bounded_burst,,2,,,,,verifier_accept_returned,,,,,,,,,235375
032-threads64,True,progress,,bounded_burst,,2,,,,,prover_commit_returned,,,,,,,,,237041
032-threads64,True,phase,,bounded_burst,prepared,2,,,,,,,,,,,237069,,,
032-threads64,True,phase,,bounded_burst,verified,1,101,,,,,,,,,,254549,290137,119958,
032-threads64,True,phase,,bounded_burst,verified,2,102,,,,,,,,,,237069,53141,121503,
032-threads64,True,progress,,bounded_burst,,3,,,,,fresh_started,,,,,,,,,0
032-threads64,True,progress,,bounded_burst,,3,,,,,drivers_started,,,,,,,,,404
032-threads64,True,progress,,bounded_burst,,3,,,,,prover_commit_started,,,,,,,,,411
032-threads64,True,progress,,bounded_burst,,3,,,,,verifier_commit_started,,,,,,,,,422
032-threads64,True,progress,,bounded_burst,,3,,,,,verifier_commit_received,,,,,,,,,455
032-threads64,True,progress,,bounded_burst,,3,,,,,verifier_accept_returned,,,,,,,,,232648
032-threads64,True,progress,,bounded_burst,,3,,,,,prover_commit_returned,,,,,,,,,234278
032-threads64,True,phase,,bounded_burst,prepared,3,,,,,,,,,,,234309,,,
032-threads64,True,progress,,bounded_burst,,4,,,,,fresh_started,,,,,,,,,0
032-threads64,True,progress,,bounded_burst,,4,,,,,drivers_started,,,,,,,,,398
032-threads64,True,progress,,bounded_burst,,4,,,,,prover_commit_started,,,,,,,,,407
032-threads64,True,progress,,bounded_burst,,4,,,,,verifier_commit_started,,,,,,,,,416
032-threads64,True,progress,,bounded_burst,,4,,,,,verifier_commit_received,,,,,,,,,439
032-threads64,True,progress,,bounded_burst,,4,,,,,verifier_accept_returned,,,,,,,,,239357
032-threads64,True,progress,,bounded_burst,,4,,,,,prover_commit_returned,,,,,,,,,240706
032-threads64,True,phase,,bounded_burst,prepared,4,,,,,,,,,,,240721,,,
032-threads64,True,progress,,pending_cancel,,1,,,,,fresh_started,,,,,,,,,0
032-threads64,True,progress,,pending_cancel,,1,,,,,drivers_started,,,,,,,,,339
032-threads64,True,progress,,pending_cancel,,1,,,,,prover_commit_started,,,,,,,,,347
032-threads64,True,progress,,pending_cancel,,1,,,,,verifier_commit_started,,,,,,,,,356
032-threads64,True,progress,,pending_cancel,,1,,,,,verifier_commit_received,,,,,,,,,369
032-threads64,True,progress,,pending_cancel,,2,,,,,fresh_started,,,,,,,,,0
032-threads64,True,progress,,pending_cancel,,2,,,,,drivers_started,,,,,,,,,361
032-threads64,True,progress,,pending_cancel,,2,,,,,prover_commit_started,,,,,,,,,368
032-threads64,True,progress,,pending_cancel,,2,,,,,verifier_commit_started,,,,,,,,,377
032-threads64,True,progress,,pending_cancel,,2,,,,,verifier_commit_received,,,,,,,,,395
032-threads64,True,progress,,pending_cancel,,2,,,,,verifier_accept_returned,,,,,,,,,232271
032-threads64,True,progress,,pending_cancel,,2,,,,,prover_commit_returned,,,,,,,,,233450
032-threads64,True,phase,,pending_cancel,prepared,2,,,,,,,,,,,233474,,,
032-threads64,True,phase,,pending_cancel,verified,2,301,,,,,,,,,,233474,16,72955,
032-threads64,True,progress,,expiry_cancel,,1,,,,,fresh_started,,,,,,,,,0
032-threads64,True,progress,,expiry_cancel,,1,,,,,drivers_started,,,,,,,,,370
032-threads64,True,progress,,expiry_cancel,,1,,,,,prover_commit_started,,,,,,,,,376
032-threads64,True,progress,,expiry_cancel,,1,,,,,verifier_commit_started,,,,,,,,,382
032-threads64,True,progress,,expiry_cancel,,1,,,,,verifier_commit_received,,,,,,,,,400
032-threads64,True,progress,,expiry_cancel,,1,,,,,verifier_accept_returned,,,,,,,,,241430
032-threads64,True,progress,,expiry_cancel,,1,,,,,prover_commit_returned,,,,,,,,,242866
032-threads64,True,phase,,expiry_cancel,prepared,1,,,,,,,,,,,242875,,,
032-threads64,True,progress,,expiry_cancel,,2,,,,,fresh_started,,,,,,,,,0
032-threads64,True,progress,,expiry_cancel,,2,,,,,drivers_started,,,,,,,,,425
032-threads64,True,progress,,expiry_cancel,,2,,,,,prover_commit_started,,,,,,,,,432
032-threads64,True,progress,,expiry_cancel,,2,,,,,verifier_commit_started,,,,,,,,,442
032-threads64,True,progress,,expiry_cancel,,2,,,,,verifier_commit_received,,,,,,,,,460
032-threads64,True,progress,,expiry_cancel,,2,,,,,verifier_accept_returned,,,,,,,,,230379
032-threads64,True,progress,,expiry_cancel,,2,,,,,prover_commit_returned,,,,,,,,,232009
032-threads64,True,phase,,expiry_cancel,prepared,2,,,,,,,,,,,232019,,,
032-threads64,True,progress,,expiry_cancel,,3,,,,,fresh_started,,,,,,,,,0
032-threads64,True,progress,,expiry_cancel,,3,,,,,drivers_started,,,,,,,,,427
032-threads64,True,progress,,expiry_cancel,,3,,,,,prover_commit_started,,,,,,,,,439
032-threads64,True,progress,,expiry_cancel,,3,,,,,verifier_commit_started,,,,,,,,,449
032-threads64,True,progress,,expiry_cancel,,3,,,,,verifier_commit_received,,,,,,,,,482
032-threads64,True,progress,,expiry_cancel,,3,,,,,verifier_accept_returned,,,,,,,,,223530
032-threads64,True,progress,,expiry_cancel,,3,,,,,prover_commit_returned,,,,,,,,,225215
032-threads64,True,phase,,expiry_cancel,prepared,3,,,,,,,,,,,225240,,,
032-threads64,True,progress,,expiry_cancel,,4,,,,,fresh_started,,,,,,,,,0
032-threads64,True,progress,,expiry_cancel,,4,,,,,drivers_started,,,,,,,,,423
032-threads64,True,progress,,expiry_cancel,,4,,,,,prover_commit_started,,,,,,,,,433
032-threads64,True,progress,,expiry_cancel,,4,,,,,verifier_commit_started,,,,,,,,,446
032-threads64,True,progress,,expiry_cancel,,4,,,,,verifier_commit_received,,,,,,,,,470
032-threads64,True,progress,,expiry_cancel,,4,,,,,verifier_accept_returned,,,,,,,,,224561
032-threads64,True,progress,,expiry_cancel,,4,,,,,prover_commit_returned,,,,,,,,,226204
032-threads64,True,phase,,expiry_cancel,prepared,4,,,,,,,,,,,226225,,,
032-threads64,True,progress,,expiry_cancel,,5,,,,,fresh_started,,,,,,,,,0
032-threads64,True,progress,,expiry_cancel,,5,,,,,drivers_started,,,,,,,,,385
032-threads64,True,progress,,expiry_cancel,,5,,,,,prover_commit_started,,,,,,,,,392
032-threads64,True,progress,,expiry_cancel,,5,,,,,verifier_commit_started,,,,,,,,,400
032-threads64,True,progress,,expiry_cancel,,5,,,,,verifier_commit_received,,,,,,,,,407
032-threads64,True,progress,,expiry_cancel,,5,,,,,verifier_accept_returned,,,,,,,,,235365
032-threads64,True,progress,,expiry_cancel,,5,,,,,prover_commit_returned,,,,,,,,,237025
032-threads64,True,phase,,expiry_cancel,prepared,5,,,,,,,,,,,237036,,,
032-threads64,True,phase,,expiry_cancel,verified,5,201,,,,,,,,,,237036,1,74482,
032-threads64,True,progress,,parallel_cold,,1,,,,,fresh_started,,,,,,,,,0
032-threads64,True,progress,,parallel_cold,,1,,,,,drivers_started,,,,,,,,,350
032-threads64,True,progress,,parallel_cold,,1,,,,,prover_commit_started,,,,,,,,,356
032-threads64,True,progress,,parallel_cold,,1,,,,,verifier_commit_started,,,,,,,,,365
032-threads64,True,progress,,parallel_cold,,1,,,,,verifier_commit_received,,,,,,,,,371
032-threads64,True,progress,,parallel_cold,,2,,,,,fresh_started,,,,,,,,,0
032-threads64,True,progress,,parallel_cold,,2,,,,,drivers_started,,,,,,,,,317
032-threads64,True,progress,,parallel_cold,,2,,,,,prover_commit_started,,,,,,,,,322
032-threads64,True,progress,,parallel_cold,,2,,,,,verifier_commit_started,,,,,,,,,327
032-threads64,True,progress,,parallel_cold,,2,,,,,verifier_commit_received,,,,,,,,,331
032-threads64,True,progress,,parallel_cold,,1,,,,,verifier_accept_returned,,,,,,,,,246301
032-threads64,True,progress,,parallel_cold,,1,,,,,prover_commit_returned,,,,,,,,,247923
032-threads64,True,phase,,parallel_cold,prepared,1,,,,,,,,,,,247937,,,
032-threads64,True,progress,,parallel_cold,,2,,,,,verifier_accept_returned,,,,,,,,,291027
032-threads64,True,progress,,parallel_cold,,2,,,,,prover_commit_returned,,,,,,,,,293535
032-threads64,True,phase,,parallel_cold,prepared,2,,,,,,,,,,,293559,,,
032-threads64,True,phase,,parallel_cold,verified,1,1,,,,,,,,,,247937,12,111937,
032-threads64,True,job,,parallel_cold,,,1,,,,,,,,,,,,,360048
032-threads64,True,phase,,parallel_cold,verified,2,2,,,,,,,,,,293559,0,100717,
032-threads64,True,job,,parallel_cold,,,2,,,,,,,,,,,,,394457
032-threads64,True,block,,parallel_cold,,,,0,,2,,,,,,,,,,395680
032-threads64,True,progress,,parallel_prepared,,1,,,,,fresh_started,,,,,,,,,0
032-threads64,True,progress,,parallel_prepared,,1,,,,,drivers_started,,,,,,,,,376
032-threads64,True,progress,,parallel_prepared,,1,,,,,prover_commit_started,,,,,,,,,384
032-threads64,True,progress,,parallel_prepared,,1,,,,,verifier_commit_started,,,,,,,,,393
032-threads64,True,progress,,parallel_prepared,,2,,,,,fresh_started,,,,,,,,,0
032-threads64,True,progress,,parallel_prepared,,2,,,,,drivers_started,,,,,,,,,311
032-threads64,True,progress,,parallel_prepared,,2,,,,,prover_commit_started,,,,,,,,,316
032-threads64,True,progress,,parallel_prepared,,2,,,,,verifier_commit_started,,,,,,,,,323
032-threads64,True,progress,,parallel_prepared,,2,,,,,verifier_commit_received,,,,,,,,,329
032-threads64,True,progress,,parallel_prepared,,1,,,,,verifier_commit_received,,,,,,,,,1524
032-threads64,True,progress,,parallel_prepared,,2,,,,,verifier_accept_returned,,,,,,,,,283986
032-threads64,True,progress,,parallel_prepared,,2,,,,,prover_commit_returned,,,,,,,,,285080
032-threads64,True,phase,,parallel_prepared,prepared,2,,,,,,,,,,,285113,,,
032-threads64,True,progress,,parallel_prepared,,1,,,,,verifier_accept_returned,,,,,,,,,287381
032-threads64,True,progress,,parallel_prepared,,1,,,,,prover_commit_returned,,,,,,,,,289109
032-threads64,True,phase,,parallel_prepared,prepared,1,,,,,,,,,,,289123,,,
032-threads64,True,phase,,parallel_prepared,verified,1,1,,,,,,,,,,289123,51693,136396,
032-threads64,True,job,,parallel_prepared,,,1,,,,,,,,,,,,,136635
032-threads64,True,phase,,parallel_prepared,verified,2,2,,,,,,,,,,285113,57443,136215,
032-threads64,True,job,,parallel_prepared,,,2,,,,,,,,,,,,,136348
032-threads64,True,block,,parallel_prepared,,,,0,,2,,,,,,,,,,479336
032-threads64,True,progress,,parallel_prepared,,3,,,,,fresh_started,,,,,,,,,0
032-threads64,True,progress,,parallel_prepared,,3,,,,,drivers_started,,,,,,,,,322
032-threads64,True,progress,,parallel_prepared,,3,,,,,prover_commit_started,,,,,,,,,329
032-threads64,True,progress,,parallel_prepared,,3,,,,,verifier_commit_started,,,,,,,,,336
032-threads64,True,progress,,parallel_prepared,,3,,,,,verifier_commit_received,,,,,,,,,343
032-threads64,True,progress,,parallel_prepared,,4,,,,,fresh_started,,,,,,,,,0
032-threads64,True,progress,,parallel_prepared,,4,,,,,drivers_started,,,,,,,,,294
032-threads64,True,progress,,parallel_prepared,,4,,,,,prover_commit_started,,,,,,,,,299
032-threads64,True,progress,,parallel_prepared,,4,,,,,verifier_commit_started,,,,,,,,,304
032-threads64,True,progress,,parallel_prepared,,4,,,,,verifier_commit_received,,,,,,,,,308
032-threads64,True,progress,,parallel_prepared,,3,,,,,verifier_accept_returned,,,,,,,,,281407
032-threads64,True,progress,,parallel_prepared,,3,,,,,prover_commit_returned,,,,,,,,,282073
032-threads64,True,phase,,parallel_prepared,prepared,3,,,,,,,,,,,282095,,,
032-threads64,True,progress,,parallel_prepared,,4,,,,,verifier_accept_returned,,,,,,,,,281526
032-threads64,True,progress,,parallel_prepared,,4,,,,,prover_commit_returned,,,,,,,,,282341
032-threads64,True,phase,,parallel_prepared,prepared,4,,,,,,,,,,,282349,,,
032-threads64,True,phase,,parallel_prepared,verified,3,3,,,,,,,,,,282095,54428,126815,
032-threads64,True,job,,parallel_prepared,,,3,,,,,,,,,,,,,127055
032-threads64,True,phase,,parallel_prepared,verified,4,4,,,,,,,,,,282349,53437,128192,
032-threads64,True,job,,parallel_prepared,,,4,,,,,,,,,,,,,128364
032-threads64,True,block,,parallel_prepared,,,,1,,2,,,,,,,,,,465294
032-threads64,True,progress,,parallel_cold,,3,,,,,fresh_started,,,,,,,,,0
032-threads64,True,progress,,parallel_cold,,3,,,,,drivers_started,,,,,,,,,401
032-threads64,True,progress,,parallel_cold,,3,,,,,prover_commit_started,,,,,,,,,413
032-threads64,True,progress,,parallel_cold,,3,,,,,verifier_commit_started,,,,,,,,,424
032-threads64,True,progress,,parallel_cold,,4,,,,,fresh_started,,,,,,,,,0
032-threads64,True,progress,,parallel_cold,,4,,,,,drivers_started,,,,,,,,,299
032-threads64,True,progress,,parallel_cold,,4,,,,,prover_commit_started,,,,,,,,,304
032-threads64,True,progress,,parallel_cold,,4,,,,,verifier_commit_started,,,,,,,,,309
032-threads64,True,progress,,parallel_cold,,4,,,,,verifier_commit_received,,,,,,,,,316
032-threads64,True,progress,,parallel_cold,,3,,,,,verifier_commit_received,,,,,,,,,3183
032-threads64,True,progress,,parallel_cold,,3,,,,,verifier_accept_returned,,,,,,,,,275640
032-threads64,True,progress,,parallel_cold,,3,,,,,prover_commit_returned,,,,,,,,,276288
032-threads64,True,phase,,parallel_cold,prepared,3,,,,,,,,,,,276298,,,
032-threads64,True,progress,,parallel_cold,,4,,,,,prover_commit_returned,,,,,,,,,293530
032-threads64,True,progress,,parallel_cold,,4,,,,,verifier_accept_returned,,,,,,,,,293550
032-threads64,True,phase,,parallel_cold,prepared,4,,,,,,,,,,,293554,,,
032-threads64,True,phase,,parallel_cold,verified,3,3,,,,,,,,,,276298,0,113224,
032-threads64,True,job,,parallel_cold,,,3,,,,,,,,,,,,,389767
032-threads64,True,phase,,parallel_cold,verified,4,4,,,,,,,,,,293554,0,106248,
032-threads64,True,job,,parallel_cold,,,4,,,,,,,,,,,,,400011
032-threads64,True,block,,parallel_cold,,,,1,,2,,,,,,,,,,400471
032-threads64,True,progress,,parallel_cold,,5,,,,,fresh_started,,,,,,,,,0
032-threads64,True,progress,,parallel_cold,,5,,,,,drivers_started,,,,,,,,,498
032-threads64,True,progress,,parallel_cold,,5,,,,,prover_commit_started,,,,,,,,,510
032-threads64,True,progress,,parallel_cold,,5,,,,,verifier_commit_started,,,,,,,,,519
032-threads64,True,progress,,parallel_cold,,5,,,,,verifier_commit_received,,,,,,,,,525
032-threads64,True,progress,,parallel_cold,,6,,,,,fresh_started,,,,,,,,,0
032-threads64,True,progress,,parallel_cold,,6,,,,,drivers_started,,,,,,,,,337
032-threads64,True,progress,,parallel_cold,,6,,,,,prover_commit_started,,,,,,,,,368
032-threads64,True,progress,,parallel_cold,,6,,,,,verifier_commit_started,,,,,,,,,377
032-threads64,True,progress,,parallel_cold,,6,,,,,verifier_commit_received,,,,,,,,,392
032-threads64,True,progress,,parallel_cold,,6,,,,,verifier_accept_returned,,,,,,,,,287096
032-threads64,True,progress,,parallel_cold,,6,,,,,prover_commit_returned,,,,,,,,,288053
032-threads64,True,phase,,parallel_cold,prepared,6,,,,,,,,,,,288073,,,
032-threads64,True,progress,,parallel_cold,,5,,,,,verifier_accept_returned,,,,,,,,,290620
032-threads64,True,progress,,parallel_cold,,5,,,,,prover_commit_returned,,,,,,,,,296489
032-threads64,True,phase,,parallel_cold,prepared,5,,,,,,,,,,,296513,,,
032-threads64,True,phase,,parallel_cold,verified,6,6,,,,,,,,,,288073,0,130193,
032-threads64,True,job,,parallel_cold,,,6,,,,,,,,,,,,,418384
032-threads64,True,phase,,parallel_cold,verified,5,5,,,,,,,,,,296513,0,124358,
032-threads64,True,job,,parallel_cold,,,5,,,,,,,,,,,,,421008
032-threads64,True,block,,parallel_cold,,,,2,,2,,,,,,,,,,421026
032-threads64,True,progress,,parallel_prepared,,5,,,,,fresh_started,,,,,,,,,0
032-threads64,True,progress,,parallel_prepared,,5,,,,,drivers_started,,,,,,,,,395
032-threads64,True,progress,,parallel_prepared,,5,,,,,prover_commit_started,,,,,,,,,407
032-threads64,True,progress,,parallel_prepared,,5,,,,,verifier_commit_started,,,,,,,,,429
032-threads64,True,progress,,parallel_prepared,,6,,,,,fresh_started,,,,,,,,,0
032-threads64,True,progress,,parallel_prepared,,6,,,,,drivers_started,,,,,,,,,300
032-threads64,True,progress,,parallel_prepared,,6,,,,,prover_commit_started,,,,,,,,,305
032-threads64,True,progress,,parallel_prepared,,6,,,,,verifier_commit_started,,,,,,,,,309
032-threads64,True,progress,,parallel_prepared,,5,,,,,verifier_commit_received,,,,,,,,,751
032-threads64,True,progress,,parallel_prepared,,6,,,,,verifier_commit_received,,,,,,,,,2875
032-threads64,True,progress,,parallel_prepared,,5,,,,,verifier_accept_returned,,,,,,,,,276351
032-threads64,True,progress,,parallel_prepared,,5,,,,,prover_commit_returned,,,,,,,,,277953
032-threads64,True,phase,,parallel_prepared,prepared,5,,,,,,,,,,,277973,,,
032-threads64,True,progress,,parallel_prepared,,6,,,,,verifier_accept_returned,,,,,,,,,279486
032-threads64,True,progress,,parallel_prepared,,6,,,,,prover_commit_returned,,,,,,,,,281015
032-threads64,True,phase,,parallel_prepared,prepared,6,,,,,,,,,,,281029,,,
032-threads64,True,phase,,parallel_prepared,verified,6,6,,,,,,,,,,281029,53425,124170,
032-threads64,True,job,,parallel_prepared,,,6,,,,,,,,,,,,,124309
032-threads64,True,phase,,parallel_prepared,verified,5,5,,,,,,,,,,277973,56530,126193,
032-threads64,True,job,,parallel_prepared,,,5,,,,,,,,,,,,,126345
032-threads64,True,block,,parallel_prepared,,,,2,,2,,,,,,,,,,460876
032-threads64,True,progress,,parallel_prepared,,7,,,,,fresh_started,,,,,,,,,0
032-threads64,True,progress,,parallel_prepared,,7,,,,,drivers_started,,,,,,,,,413
032-threads64,True,progress,,parallel_prepared,,7,,,,,prover_commit_started,,,,,,,,,420
032-threads64,True,progress,,parallel_prepared,,7,,,,,verifier_commit_started,,,,,,,,,427
032-threads64,True,progress,,parallel_prepared,,7,,,,,verifier_commit_received,,,,,,,,,433
032-threads64,True,progress,,parallel_prepared,,8,,,,,fresh_started,,,,,,,,,0
032-threads64,True,progress,,parallel_prepared,,8,,,,,drivers_started,,,,,,,,,343
032-threads64,True,progress,,parallel_prepared,,8,,,,,prover_commit_started,,,,,,,,,362
032-threads64,True,progress,,parallel_prepared,,8,,,,,verifier_commit_started,,,,,,,,,373
032-threads64,True,progress,,parallel_prepared,,8,,,,,verifier_commit_received,,,,,,,,,1938
032-threads64,True,progress,,parallel_prepared,,7,,,,,verifier_accept_returned,,,,,,,,,297775
032-threads64,True,progress,,parallel_prepared,,7,,,,,prover_commit_returned,,,,,,,,,298572
032-threads64,True,phase,,parallel_prepared,prepared,7,,,,,,,,,,,298598,,,
032-threads64,True,progress,,parallel_prepared,,8,,,,,verifier_accept_returned,,,,,,,,,299022
032-threads64,True,progress,,parallel_prepared,,8,,,,,prover_commit_returned,,,,,,,,,300140
032-threads64,True,phase,,parallel_prepared,prepared,8,,,,,,,,,,,300154,,,
032-threads64,True,phase,,parallel_prepared,verified,8,8,,,,,,,,,,300154,53459,122124,
032-threads64,True,job,,parallel_prepared,,,8,,,,,,,,,,,,,122254
032-threads64,True,phase,,parallel_prepared,verified,7,7,,,,,,,,,,298598,55927,123792,
032-threads64,True,job,,parallel_prepared,,,7,,,,,,,,,,,,,123942
032-threads64,True,block,,parallel_prepared,,,,3,,2,,,,,,,,,,478499
032-threads64,True,progress,,parallel_cold,,7,,,,,fresh_started,,,,,,,,,0
032-threads64,True,progress,,parallel_cold,,7,,,,,drivers_started,,,,,,,,,377
032-threads64,True,progress,,parallel_cold,,7,,,,,prover_commit_started,,,,,,,,,383
032-threads64,True,progress,,parallel_cold,,7,,,,,verifier_commit_started,,,,,,,,,390
032-threads64,True,progress,,parallel_cold,,7,,,,,verifier_commit_received,,,,,,,,,396
032-threads64,True,progress,,parallel_cold,,8,,,,,fresh_started,,,,,,,,,0
032-threads64,True,progress,,parallel_cold,,8,,,,,drivers_started,,,,,,,,,345
032-threads64,True,progress,,parallel_cold,,8,,,,,prover_commit_started,,,,,,,,,350
032-threads64,True,progress,,parallel_cold,,8,,,,,verifier_commit_started,,,,,,,,,358
032-threads64,True,progress,,parallel_cold,,8,,,,,verifier_commit_received,,,,,,,,,2030
032-threads64,True,progress,,parallel_cold,,8,,,,,verifier_accept_returned,,,,,,,,,277370
032-threads64,True,progress,,parallel_cold,,7,,,,,verifier_accept_returned,,,,,,,,,278591
032-threads64,True,progress,,parallel_cold,,7,,,,,prover_commit_returned,,,,,,,,,280596
032-threads64,True,phase,,parallel_cold,prepared,7,,,,,,,,,,,280615,,,
032-threads64,True,progress,,parallel_cold,,8,,,,,prover_commit_returned,,,,,,,,,279804
032-threads64,True,phase,,parallel_cold,prepared,8,,,,,,,,,,,279810,,,
032-threads64,True,phase,,parallel_cold,verified,7,7,,,,,,,,,,280615,0,123719,
032-threads64,True,job,,parallel_cold,,,7,,,,,,,,,,,,,404541
032-threads64,True,phase,,parallel_cold,verified,8,8,,,,,,,,,,279810,0,125113,
032-threads64,True,job,,parallel_cold,,,8,,,,,,,,,,,,,405032
032-threads64,True,block,,parallel_cold,,,,3,,2,,,,,,,,,,406225
032-threads64,True,progress,,parallel_cold,,9,,,,,fresh_started,,,,,,,,,0
032-threads64,True,progress,,parallel_cold,,9,,,,,drivers_started,,,,,,,,,499
032-threads64,True,progress,,parallel_cold,,9,,,,,prover_commit_started,,,,,,,,,519
032-threads64,True,progress,,parallel_cold,,9,,,,,verifier_commit_started,,,,,,,,,532
032-threads64,True,progress,,parallel_cold,,10,,,,,fresh_started,,,,,,,,,0
032-threads64,True,progress,,parallel_cold,,10,,,,,drivers_started,,,,,,,,,331
032-threads64,True,progress,,parallel_cold,,10,,,,,prover_commit_started,,,,,,,,,339
032-threads64,True,progress,,parallel_cold,,10,,,,,verifier_commit_started,,,,,,,,,344
032-threads64,True,progress,,parallel_cold,,10,,,,,verifier_commit_received,,,,,,,,,350
032-threads64,True,progress,,parallel_cold,,9,,,,,verifier_commit_received,,,,,,,,,3373
032-threads64,True,progress,,parallel_cold,,9,,,,,verifier_accept_returned,,,,,,,,,279740
032-threads64,True,progress,,parallel_cold,,9,,,,,prover_commit_returned,,,,,,,,,280773
032-threads64,True,phase,,parallel_cold,prepared,9,,,,,,,,,,,280805,,,
032-threads64,True,progress,,parallel_cold,,10,,,,,verifier_accept_returned,,,,,,,,,280667
032-threads64,True,progress,,parallel_cold,,10,,,,,prover_commit_returned,,,,,,,,,281318
032-threads64,True,phase,,parallel_cold,prepared,10,,,,,,,,,,,281325,,,
032-threads64,True,phase,,parallel_cold,verified,9,9,,,,,,,,,,280805,0,118293,
032-threads64,True,phase,,parallel_cold,verified,10,10,,,,,,,,,,281325,0,117318,
032-threads64,True,job,,parallel_cold,,,9,,,,,,,,,,,,,399293
032-threads64,True,job,,parallel_cold,,,10,,,,,,,,,,,,,398845
032-threads64,True,block,,parallel_cold,,,,4,,2,,,,,,,,,,399400
032-threads64,True,progress,,parallel_prepared,,9,,,,,fresh_started,,,,,,,,,0
032-threads64,True,progress,,parallel_prepared,,9,,,,,drivers_started,,,,,,,,,758
032-threads64,True,progress,,parallel_prepared,,9,,,,,prover_commit_started,,,,,,,,,786
032-threads64,True,progress,,parallel_prepared,,9,,,,,verifier_commit_started,,,,,,,,,799
032-threads64,True,progress,,parallel_prepared,,10,,,,,fresh_started,,,,,,,,,0
032-threads64,True,progress,,parallel_prepared,,10,,,,,drivers_started,,,,,,,,,301
032-threads64,True,progress,,parallel_prepared,,10,,,,,prover_commit_started,,,,,,,,,310
032-threads64,True,progress,,parallel_prepared,,10,,,,,verifier_commit_started,,,,,,,,,316
032-threads64,True,progress,,parallel_prepared,,10,,,,,verifier_commit_received,,,,,,,,,323
032-threads64,True,progress,,parallel_prepared,,9,,,,,verifier_commit_received,,,,,,,,,1901
032-threads64,True,progress,,parallel_prepared,,10,,,,,verifier_accept_returned,,,,,,,,,255546
032-threads64,True,progress,,parallel_prepared,,10,,,,,prover_commit_returned,,,,,,,,,257130
032-threads64,True,phase,,parallel_prepared,prepared,10,,,,,,,,,,,257142,,,
032-threads64,True,progress,,parallel_prepared,,9,,,,,verifier_accept_returned,,,,,,,,,260867
032-threads64,True,progress,,parallel_prepared,,9,,,,,prover_commit_returned,,,,,,,,,262436
032-threads64,True,phase,,parallel_prepared,prepared,9,,,,,,,,,,,262446,,,
032-threads64,True,phase,,parallel_prepared,verified,9,9,,,,,,,,,,262446,53038,121715,
032-threads64,True,job,,parallel_prepared,,,9,,,,,,,,,,,,,121976
032-threads64,True,phase,,parallel_prepared,verified,10,10,,,,,,,,,,257142,57917,122989,
032-threads64,True,job,,parallel_prepared,,,10,,,,,,,,,,,,,123140
032-threads64,True,block,,parallel_prepared,,,,4,,2,,,,,,,,,,439035
032-threads64,True,progress,,parallel_prepared,,11,,,,,fresh_started,,,,,,,,,0
032-threads64,True,progress,,parallel_prepared,,11,,,,,drivers_started,,,,,,,,,425
032-threads64,True,progress,,parallel_prepared,,11,,,,,prover_commit_started,,,,,,,,,431
032-threads64,True,progress,,parallel_prepared,,11,,,,,verifier_commit_started,,,,,,,,,438
032-threads64,True,progress,,parallel_prepared,,12,,,,,fresh_started,,,,,,,,,0
032-threads64,True,progress,,parallel_prepared,,12,,,,,drivers_started,,,,,,,,,333
032-threads64,True,progress,,parallel_prepared,,12,,,,,prover_commit_started,,,,,,,,,337
032-threads64,True,progress,,parallel_prepared,,12,,,,,verifier_commit_started,,,,,,,,,346
032-threads64,True,progress,,parallel_prepared,,11,,,,,verifier_commit_received,,,,,,,,,796
032-threads64,True,progress,,parallel_prepared,,12,,,,,verifier_commit_received,,,,,,,,,2888
032-threads64,True,progress,,parallel_prepared,,12,,,,,verifier_accept_returned,,,,,,,,,257834
032-threads64,True,progress,,parallel_prepared,,11,,,,,verifier_accept_returned,,,,,,,,,258788
032-threads64,True,progress,,parallel_prepared,,11,,,,,prover_commit_returned,,,,,,,,,259826
032-threads64,True,phase,,parallel_prepared,prepared,11,,,,,,,,,,,259841,,,
032-threads64,True,progress,,parallel_prepared,,12,,,,,prover_commit_returned,,,,,,,,,259790
032-threads64,True,phase,,parallel_prepared,prepared,12,,,,,,,,,,,259803,,,
032-threads64,True,phase,,parallel_prepared,verified,11,11,,,,,,,,,,259841,53956,144252,
032-threads64,True,job,,parallel_prepared,,,11,,,,,,,,,,,,,144549
032-threads64,True,phase,,parallel_prepared,verified,12,12,,,,,,,,,,259803,53916,146906,
032-threads64,True,job,,parallel_prepared,,,12,,,,,,,,,,,,,147078
032-threads64,True,block,,parallel_prepared,,,,5,,2,,,,,,,,,,461282
032-threads64,True,progress,,parallel_cold,,11,,,,,fresh_started,,,,,,,,,0
032-threads64,True,progress,,parallel_cold,,11,,,,,drivers_started,,,,,,,,,1145
032-threads64,True,progress,,parallel_cold,,11,,,,,prover_commit_started,,,,,,,,,1174
032-threads64,True,progress,,parallel_cold,,11,,,,,verifier_commit_started,,,,,,,,,1187
032-threads64,True,progress,,parallel_cold,,12,,,,,fresh_started,,,,,,,,,0
032-threads64,True,progress,,parallel_cold,,12,,,,,drivers_started,,,,,,,,,326
032-threads64,True,progress,,parallel_cold,,12,,,,,prover_commit_started,,,,,,,,,336
032-threads64,True,progress,,parallel_cold,,12,,,,,verifier_commit_started,,,,,,,,,342
032-threads64,True,progress,,parallel_cold,,11,,,,,verifier_commit_received,,,,,,,,,1547
032-threads64,True,progress,,parallel_cold,,12,,,,,verifier_commit_received,,,,,,,,,2975
032-threads64,True,progress,,parallel_cold,,11,,,,,verifier_accept_returned,,,,,,,,,307797
032-threads64,True,progress,,parallel_cold,,11,,,,,prover_commit_returned,,,,,,,,,309372
032-threads64,True,phase,,parallel_cold,prepared,11,,,,,,,,,,,309396,,,
032-threads64,True,progress,,parallel_cold,,12,,,,,prover_commit_returned,,,,,,,,,315239
032-threads64,True,progress,,parallel_cold,,12,,,,,verifier_accept_returned,,,,,,,,,315263
032-threads64,True,phase,,parallel_cold,prepared,12,,,,,,,,,,,315268,,,
032-threads64,True,phase,,parallel_cold,verified,11,11,,,,,,,,,,309396,0,117959,
032-threads64,True,job,,parallel_cold,,,11,,,,,,,,,,,,,427584
032-threads64,True,phase,,parallel_cold,verified,12,12,,,,,,,,,,315268,0,112618,
032-threads64,True,job,,parallel_cold,,,12,,,,,,,,,,,,,427997
032-threads64,True,block,,parallel_cold,,,,5,,2,,,,,,,,,,429221
032-threads64,True,progress,,parallel_cold,,13,,,,,fresh_started,,,,,,,,,0
032-threads64,True,progress,,parallel_cold,,13,,,,,drivers_started,,,,,,,,,405
032-threads64,True,progress,,parallel_cold,,13,,,,,prover_commit_started,,,,,,,,,410
032-threads64,True,progress,,parallel_cold,,13,,,,,verifier_commit_started,,,,,,,,,418
032-threads64,True,progress,,parallel_cold,,13,,,,,verifier_commit_received,,,,,,,,,425
032-threads64,True,progress,,parallel_cold,,14,,,,,fresh_started,,,,,,,,,0
032-threads64,True,progress,,parallel_cold,,14,,,,,drivers_started,,,,,,,,,369
032-threads64,True,progress,,parallel_cold,,14,,,,,prover_commit_started,,,,,,,,,385
032-threads64,True,progress,,parallel_cold,,14,,,,,verifier_commit_started,,,,,,,,,391
032-threads64,True,progress,,parallel_cold,,14,,,,,verifier_commit_received,,,,,,,,,1974
032-threads64,True,progress,,parallel_cold,,13,,,,,verifier_accept_returned,,,,,,,,,263324
032-threads64,True,progress,,parallel_cold,,13,,,,,prover_commit_returned,,,,,,,,,265004
032-threads64,True,phase,,parallel_cold,prepared,13,,,,,,,,,,,265015,,,
032-threads64,True,progress,,parallel_cold,,14,,,,,verifier_accept_returned,,,,,,,,,287694
032-threads64,True,progress,,parallel_cold,,14,,,,,prover_commit_returned,,,,,,,,,293809
032-threads64,True,phase,,parallel_cold,prepared,14,,,,,,,,,,,293837,,,
032-threads64,True,phase,,parallel_cold,verified,13,13,,,,,,,,,,265015,0,98673,
032-threads64,True,job,,parallel_cold,,,13,,,,,,,,,,,,,364774
032-threads64,True,phase,,parallel_cold,verified,14,14,,,,,,,,,,293837,0,99619,
032-threads64,True,job,,parallel_cold,,,14,,,,,,,,,,,,,393637
032-threads64,True,block,,parallel_cold,,,,6,,2,,,,,,,,,,394939
032-threads64,True,progress,,parallel_prepared,,13,,,,,fresh_started,,,,,,,,,0
032-threads64,True,progress,,parallel_prepared,,13,,,,,drivers_started,,,,,,,,,458
032-threads64,True,progress,,parallel_prepared,,13,,,,,prover_commit_started,,,,,,,,,467
032-threads64,True,progress,,parallel_prepared,,13,,,,,verifier_commit_started,,,,,,,,,474
032-threads64,True,progress,,parallel_prepared,,13,,,,,verifier_commit_received,,,,,,,,,481
032-threads64,True,progress,,parallel_prepared,,14,,,,,fresh_started,,,,,,,,,0
032-threads64,True,progress,,parallel_prepared,,14,,,,,drivers_started,,,,,,,,,341
032-threads64,True,progress,,parallel_prepared,,14,,,,,prover_commit_started,,,,,,,,,345
032-threads64,True,progress,,parallel_prepared,,14,,,,,verifier_commit_started,,,,,,,,,350
032-threads64,True,progress,,parallel_prepared,,14,,,,,verifier_commit_received,,,,,,,,,354
032-threads64,True,progress,,parallel_prepared,,14,,,,,verifier_accept_returned,,,,,,,,,249059
032-threads64,True,progress,,parallel_prepared,,14,,,,,prover_commit_returned,,,,,,,,,250092
032-threads64,True,phase,,parallel_prepared,prepared,14,,,,,,,,,,,250100,,,
032-threads64,True,progress,,parallel_prepared,,13,,,,,verifier_accept_returned,,,,,,,,,264256
032-threads64,True,progress,,parallel_prepared,,13,,,,,prover_commit_returned,,,,,,,,,265982
032-threads64,True,phase,,parallel_prepared,prepared,13,,,,,,,,,,,266009,,,
032-threads64,True,phase,,parallel_prepared,verified,13,13,,,,,,,,,,266009,52512,123105,
032-threads64,True,job,,parallel_prepared,,,13,,,,,,,,,,,,,125230
032-threads64,True,phase,,parallel_prepared,verified,14,14,,,,,,,,,,250100,67540,126338,
032-threads64,True,job,,parallel_prepared,,,14,,,,,,,,,,,,,126542
032-threads64,True,block,,parallel_prepared,,,,6,,2,,,,,,,,,,445518
032-threads64,True,progress,,parallel_prepared,,15,,,,,fresh_started,,,,,,,,,0
032-threads64,True,progress,,parallel_prepared,,15,,,,,drivers_started,,,,,,,,,336
032-threads64,True,progress,,parallel_prepared,,15,,,,,prover_commit_started,,,,,,,,,341
032-threads64,True,progress,,parallel_prepared,,15,,,,,verifier_commit_started,,,,,,,,,347
032-threads64,True,progress,,parallel_prepared,,16,,,,,fresh_started,,,,,,,,,0
032-threads64,True,progress,,parallel_prepared,,16,,,,,drivers_started,,,,,,,,,333
032-threads64,True,progress,,parallel_prepared,,16,,,,,prover_commit_started,,,,,,,,,337
032-threads64,True,progress,,parallel_prepared,,16,,,,,verifier_commit_started,,,,,,,,,342
032-threads64,True,progress,,parallel_prepared,,15,,,,,verifier_commit_received,,,,,,,,,700
032-threads64,True,progress,,parallel_prepared,,16,,,,,verifier_commit_received,,,,,,,,,2732
032-threads64,True,progress,,parallel_prepared,,16,,,,,verifier_accept_returned,,,,,,,,,263150
032-threads64,True,progress,,parallel_prepared,,16,,,,,prover_commit_returned,,,,,,,,,267020
032-threads64,True,phase,,parallel_prepared,prepared,16,,,,,,,,,,,267032,,,
032-threads64,True,progress,,parallel_prepared,,15,,,,,verifier_accept_returned,,,,,,,,,269211
032-threads64,True,progress,,parallel_prepared,,15,,,,,prover_commit_returned,,,,,,,,,270403
032-threads64,True,phase,,parallel_prepared,prepared,15,,,,,,,,,,,270415,,,
032-threads64,True,phase,,parallel_prepared,verified,16,16,,,,,,,,,,267032,55988,118923,
032-threads64,True,job,,parallel_prepared,,,16,,,,,,,,,,,,,119071
032-threads64,True,phase,,parallel_prepared,verified,15,15,,,,,,,,,,270415,52582,120733,
032-threads64,True,job,,parallel_prepared,,,15,,,,,,,,,,,,,120862
032-threads64,True,block,,parallel_prepared,,,,7,,2,,,,,,,,,,443881
032-threads64,True,progress,,parallel_cold,,15,,,,,fresh_started,,,,,,,,,0
032-threads64,True,progress,,parallel_cold,,15,,,,,drivers_started,,,,,,,,,376
032-threads64,True,progress,,parallel_cold,,15,,,,,prover_commit_started,,,,,,,,,381
032-threads64,True,progress,,parallel_cold,,15,,,,,verifier_commit_started,,,,,,,,,388
032-threads64,True,progress,,parallel_cold,,15,,,,,verifier_commit_received,,,,,,,,,393
032-threads64,True,progress,,parallel_cold,,16,,,,,fresh_started,,,,,,,,,0
032-threads64,True,progress,,parallel_cold,,16,,,,,drivers_started,,,,,,,,,321
032-threads64,True,progress,,parallel_cold,,16,,,,,prover_commit_started,,,,,,,,,326
032-threads64,True,progress,,parallel_cold,,16,,,,,verifier_commit_started,,,,,,,,,333
032-threads64,True,progress,,parallel_cold,,16,,,,,verifier_commit_received,,,,,,,,,2044
032-threads64,True,progress,,parallel_cold,,15,,,,,verifier_accept_returned,,,,,,,,,283590
032-threads64,True,progress,,parallel_cold,,15,,,,,prover_commit_returned,,,,,,,,,284768
032-threads64,True,phase,,parallel_cold,prepared,15,,,,,,,,,,,284777,,,
032-threads64,True,progress,,parallel_cold,,16,,,,,verifier_accept_returned,,,,,,,,,288060
032-threads64,True,progress,,parallel_cold,,16,,,,,prover_commit_returned,,,,,,,,,290451
032-threads64,True,phase,,parallel_cold,prepared,16,,,,,,,,,,,290484,,,
032-threads64,True,phase,,parallel_cold,verified,15,15,,,,,,,,,,284777,0,116865,
032-threads64,True,job,,parallel_cold,,,15,,,,,,,,,,,,,401767
032-threads64,True,phase,,parallel_cold,verified,16,16,,,,,,,,,,290484,0,114018,
032-threads64,True,job,,parallel_cold,,,16,,,,,,,,,,,,,404692
032-threads64,True,block,,parallel_cold,,,,7,,2,,,,,,,,,,405995
032-threads64,True,progress,,parallel_cold,,17,,,,,fresh_started,,,,,,,,,0
032-threads64,True,progress,,parallel_cold,,17,,,,,drivers_started,,,,,,,,,452
032-threads64,True,progress,,parallel_cold,,17,,,,,prover_commit_started,,,,,,,,,465
032-threads64,True,progress,,parallel_cold,,17,,,,,verifier_commit_started,,,,,,,,,473
032-threads64,True,progress,,parallel_cold,,18,,,,,fresh_started,,,,,,,,,0
032-threads64,True,progress,,parallel_cold,,18,,,,,drivers_started,,,,,,,,,343
032-threads64,True,progress,,parallel_cold,,18,,,,,prover_commit_started,,,,,,,,,348
032-threads64,True,progress,,parallel_cold,,18,,,,,verifier_commit_started,,,,,,,,,353
032-threads64,True,progress,,parallel_cold,,17,,,,,verifier_commit_received,,,,,,,,,839
032-threads64,True,progress,,parallel_cold,,18,,,,,verifier_commit_received,,,,,,,,,2725
032-threads64,True,progress,,parallel_cold,,17,,,,,verifier_accept_returned,,,,,,,,,261342
032-threads64,True,progress,,parallel_cold,,17,,,,,prover_commit_returned,,,,,,,,,263220
032-threads64,True,phase,,parallel_cold,prepared,17,,,,,,,,,,,263242,,,
032-threads64,True,progress,,parallel_cold,,18,,,,,verifier_accept_returned,,,,,,,,,287085
032-threads64,True,progress,,parallel_cold,,18,,,,,prover_commit_returned,,,,,,,,,289419
032-threads64,True,phase,,parallel_cold,prepared,18,,,,,,,,,,,289431,,,
032-threads64,True,phase,,parallel_cold,verified,17,17,,,,,,,,,,263242,0,108839,
032-threads64,True,job,,parallel_cold,,,17,,,,,,,,,,,,,377709
032-threads64,True,phase,,parallel_cold,verified,18,18,,,,,,,,,,289431,0,103593,
032-threads64,True,job,,parallel_cold,,,18,,,,,,,,,,,,,393191
032-threads64,True,block,,parallel_cold,,,,8,,2,,,,,,,,,,393685
032-threads64,True,progress,,parallel_prepared,,17,,,,,fresh_started,,,,,,,,,0
032-threads64,True,progress,,parallel_prepared,,17,,,,,drivers_started,,,,,,,,,378
032-threads64,True,progress,,parallel_prepared,,17,,,,,prover_commit_started,,,,,,,,,395
032-threads64,True,progress,,parallel_prepared,,17,,,,,verifier_commit_started,,,,,,,,,401
032-threads64,True,progress,,parallel_prepared,,18,,,,,fresh_started,,,,,,,,,0
032-threads64,True,progress,,parallel_prepared,,18,,,,,drivers_started,,,,,,,,,318
032-threads64,True,progress,,parallel_prepared,,18,,,,,prover_commit_started,,,,,,,,,322
032-threads64,True,progress,,parallel_prepared,,18,,,,,verifier_commit_started,,,,,,,,,325
032-threads64,True,progress,,parallel_prepared,,18,,,,,verifier_commit_received,,,,,,,,,331
032-threads64,True,progress,,parallel_prepared,,17,,,,,verifier_commit_received,,,,,,,,,1614
032-threads64,True,progress,,parallel_prepared,,17,,,,,verifier_accept_returned,,,,,,,,,256858
032-threads64,True,progress,,parallel_prepared,,17,,,,,prover_commit_returned,,,,,,,,,257464
032-threads64,True,phase,,parallel_prepared,prepared,17,,,,,,,,,,,257487,,,
032-threads64,True,progress,,parallel_prepared,,18,,,,,verifier_accept_returned,,,,,,,,,275988
032-threads64,True,progress,,parallel_prepared,,18,,,,,prover_commit_returned,,,,,,,,,277504
032-threads64,True,phase,,parallel_prepared,prepared,18,,,,,,,,,,,277516,,,
032-threads64,True,phase,,parallel_prepared,verified,17,17,,,,,,,,,,257487,73485,120912,
032-threads64,True,job,,parallel_prepared,,,17,,,,,,,,,,,,,122557
032-threads64,True,phase,,parallel_prepared,verified,18,18,,,,,,,,,,277516,53421,123832,
032-threads64,True,job,,parallel_prepared,,,18,,,,,,,,,,,,,123950
032-threads64,True,block,,parallel_prepared,,,,8,,2,,,,,,,,,,455321
032-threads64,True,progress,,parallel_prepared,,19,,,,,fresh_started,,,,,,,,,0
032-threads64,True,progress,,parallel_prepared,,19,,,,,drivers_started,,,,,,,,,377
032-threads64,True,progress,,parallel_prepared,,19,,,,,prover_commit_started,,,,,,,,,383
032-threads64,True,progress,,parallel_prepared,,19,,,,,verifier_commit_started,,,,,,,,,389
032-threads64,True,progress,,parallel_prepared,,20,,,,,fresh_started,,,,,,,,,0
032-threads64,True,progress,,parallel_prepared,,20,,,,,drivers_started,,,,,,,,,320
032-threads64,True,progress,,parallel_prepared,,20,,,,,prover_commit_started,,,,,,,,,324
032-threads64,True,progress,,parallel_prepared,,20,,,,,verifier_commit_started,,,,,,,,,328
032-threads64,True,progress,,parallel_prepared,,19,,,,,verifier_commit_received,,,,,,,,,729
032-threads64,True,progress,,parallel_prepared,,20,,,,,verifier_commit_received,,,,,,,,,2626
032-threads64,True,progress,,parallel_prepared,,20,,,,,verifier_accept_returned,,,,,,,,,267953
032-threads64,True,progress,,parallel_prepared,,20,,,,,prover_commit_returned,,,,,,,,,269449
032-threads64,True,phase,,parallel_prepared,prepared,20,,,,,,,,,,,269464,,,
032-threads64,True,progress,,parallel_prepared,,19,,,,,verifier_accept_returned,,,,,,,,,286313
032-threads64,True,progress,,parallel_prepared,,19,,,,,prover_commit_returned,,,,,,,,,287875
032-threads64,True,phase,,parallel_prepared,prepared,19,,,,,,,,,,,287883,,,
032-threads64,True,phase,,parallel_prepared,verified,20,20,,,,,,,,,,269464,70677,119129,
032-threads64,True,job,,parallel_prepared,,,20,,,,,,,,,,,,,119315
032-threads64,True,phase,,parallel_prepared,verified,19,19,,,,,,,,,,287883,52291,120965,
032-threads64,True,job,,parallel_prepared,,,19,,,,,,,,,,,,,121166
032-threads64,True,block,,parallel_prepared,,,,9,,2,,,,,,,,,,461364
032-threads64,True,progress,,parallel_cold,,19,,,,,fresh_started,,,,,,,,,0
032-threads64,True,progress,,parallel_cold,,19,,,,,drivers_started,,,,,,,,,371
032-threads64,True,progress,,parallel_cold,,19,,,,,prover_commit_started,,,,,,,,,375
032-threads64,True,progress,,parallel_cold,,19,,,,,verifier_commit_started,,,,,,,,,382
032-threads64,True,progress,,parallel_cold,,19,,,,,verifier_commit_received,,,,,,,,,388
032-threads64,True,progress,,parallel_cold,,20,,,,,fresh_started,,,,,,,,,0
032-threads64,True,progress,,parallel_cold,,20,,,,,drivers_started,,,,,,,,,377
032-threads64,True,progress,,parallel_cold,,20,,,,,prover_commit_started,,,,,,,,,396
032-threads64,True,progress,,parallel_cold,,20,,,,,verifier_commit_started,,,,,,,,,405
032-threads64,True,progress,,parallel_cold,,20,,,,,verifier_commit_received,,,,,,,,,426
032-threads64,True,progress,,parallel_cold,,19,,,,,verifier_accept_returned,,,,,,,,,257303
032-threads64,True,progress,,parallel_cold,,19,,,,,prover_commit_returned,,,,,,,,,258936
032-threads64,True,phase,,parallel_cold,prepared,19,,,,,,,,,,,258950,,,
032-threads64,True,progress,,parallel_cold,,20,,,,,verifier_accept_returned,,,,,,,,,290011
032-threads64,True,progress,,parallel_cold,,20,,,,,prover_commit_returned,,,,,,,,,290191
032-threads64,True,phase,,parallel_cold,prepared,20,,,,,,,,,,,290216,,,
032-threads64,True,phase,,parallel_cold,verified,19,19,,,,,,,,,,258950,0,115238,
032-threads64,True,job,,parallel_cold,,,19,,,,,,,,,,,,,374603
032-threads64,True,phase,,parallel_cold,verified,20,20,,,,,,,,,,290216,0,105311,
032-threads64,True,job,,parallel_cold,,,20,,,,,,,,,,,,,395668
032-threads64,True,block,,parallel_cold,,,,9,,2,,,,,,,,,,396918
032-threads64,True,progress,,parallel_cold,,21,,,,,fresh_started,,,,,,,,,0
032-threads64,True,progress,,parallel_cold,,21,,,,,drivers_started,,,,,,,,,384
032-threads64,True,progress,,parallel_cold,,21,,,,,prover_commit_started,,,,,,,,,388
032-threads64,True,progress,,parallel_cold,,21,,,,,verifier_commit_started,,,,,,,,,395
032-threads64,True,progress,,parallel_cold,,21,,,,,verifier_commit_received,,,,,,,,,401
032-threads64,True,progress,,parallel_cold,,22,,,,,fresh_started,,,,,,,,,0
032-threads64,True,progress,,parallel_cold,,22,,,,,drivers_started,,,,,,,,,308
032-threads64,True,progress,,parallel_cold,,22,,,,,prover_commit_started,,,,,,,,,312
032-threads64,True,progress,,parallel_cold,,22,,,,,verifier_commit_started,,,,,,,,,316
032-threads64,True,progress,,parallel_cold,,22,,,,,verifier_commit_received,,,,,,,,,322
032-threads64,True,progress,,parallel_cold,,21,,,,,verifier_accept_returned,,,,,,,,,256755
032-threads64,True,progress,,parallel_cold,,21,,,,,prover_commit_returned,,,,,,,,,257675
032-threads64,True,phase,,parallel_cold,prepared,21,,,,,,,,,,,257699,,,
032-threads64,True,progress,,parallel_cold,,22,,,,,prover_commit_returned,,,,,,,,,274106
032-threads64,True,progress,,parallel_cold,,22,,,,,verifier_accept_returned,,,,,,,,,274140
032-threads64,True,phase,,parallel_cold,prepared,22,,,,,,,,,,,274145,,,
032-threads64,True,phase,,parallel_cold,verified,21,21,,,,,,,,,,257699,0,113246,
032-threads64,True,job,,parallel_cold,,,21,,,,,,,,,,,,,371330
032-threads64,True,phase,,parallel_cold,verified,22,22,,,,,,,,,,274145,0,106967,
032-threads64,True,job,,parallel_cold,,,22,,,,,,,,,,,,,381287
032-threads64,True,block,,parallel_cold,,,,10,,2,,,,,,,,,,382460
032-threads64,True,progress,,parallel_prepared,,21,,,,,fresh_started,,,,,,,,,0
032-threads64,True,progress,,parallel_prepared,,21,,,,,drivers_started,,,,,,,,,396
032-threads64,True,progress,,parallel_prepared,,21,,,,,prover_commit_started,,,,,,,,,412
032-threads64,True,progress,,parallel_prepared,,21,,,,,verifier_commit_started,,,,,,,,,427
032-threads64,True,progress,,parallel_prepared,,22,,,,,fresh_started,,,,,,,,,0
032-threads64,True,progress,,parallel_prepared,,22,,,,,drivers_started,,,,,,,,,334
032-threads64,True,progress,,parallel_prepared,,22,,,,,prover_commit_started,,,,,,,,,345
032-threads64,True,progress,,parallel_prepared,,22,,,,,verifier_commit_started,,,,,,,,,353
032-threads64,True,progress,,parallel_prepared,,21,,,,,verifier_commit_received,,,,,,,,,794
032-threads64,True,progress,,parallel_prepared,,22,,,,,verifier_commit_received,,,,,,,,,2690
032-threads64,True,progress,,parallel_prepared,,22,,,,,verifier_accept_returned,,,,,,,,,262877
032-threads64,True,progress,,parallel_prepared,,22,,,,,prover_commit_returned,,,,,,,,,263948
032-threads64,True,phase,,parallel_prepared,prepared,22,,,,,,,,,,,263970,,,
032-threads64,True,progress,,parallel_prepared,,21,,,,,verifier_accept_returned,,,,,,,,,270311
032-threads64,True,progress,,parallel_prepared,,21,,,,,prover_commit_returned,,,,,,,,,271959
032-threads64,True,phase,,parallel_prepared,prepared,21,,,,,,,,,,,271969,,,
032-threads64,True,phase,,parallel_prepared,verified,21,21,,,,,,,,,,271969,53042,122050,
032-threads64,True,job,,parallel_prepared,,,21,,,,,,,,,,,,,122314
032-threads64,True,phase,,parallel_prepared,verified,22,22,,,,,,,,,,263970,61006,123258,
032-threads64,True,job,,parallel_prepared,,,22,,,,,,,,,,,,,123376
032-threads64,True,block,,parallel_prepared,,,,10,,2,,,,,,,,,,448809
032-threads64,True,progress,,parallel_prepared,,23,,,,,fresh_started,,,,,,,,,0
032-threads64,True,progress,,parallel_prepared,,23,,,,,drivers_started,,,,,,,,,373
032-threads64,True,progress,,parallel_prepared,,23,,,,,prover_commit_started,,,,,,,,,378
032-threads64,True,progress,,parallel_prepared,,23,,,,,verifier_commit_started,,,,,,,,,384
032-threads64,True,progress,,parallel_prepared,,24,,,,,fresh_started,,,,,,,,,0
032-threads64,True,progress,,parallel_prepared,,24,,,,,drivers_started,,,,,,,,,338
032-threads64,True,progress,,parallel_prepared,,24,,,,,prover_commit_started,,,,,,,,,342
032-threads64,True,progress,,parallel_prepared,,24,,,,,verifier_commit_started,,,,,,,,,346
032-threads64,True,progress,,parallel_prepared,,23,,,,,verifier_commit_received,,,,,,,,,740
032-threads64,True,progress,,parallel_prepared,,24,,,,,verifier_commit_received,,,,,,,,,2685
032-threads64,True,progress,,parallel_prepared,,24,,,,,verifier_accept_returned,,,,,,,,,250510
032-threads64,True,progress,,parallel_prepared,,23,,,,,verifier_accept_returned,,,,,,,,,252065
032-threads64,True,progress,,parallel_prepared,,24,,,,,prover_commit_returned,,,,,,,,,251782
032-threads64,True,phase,,parallel_prepared,prepared,24,,,,,,,,,,,251792,,,
032-threads64,True,progress,,parallel_prepared,,23,,,,,prover_commit_returned,,,,,,,,,253208
032-threads64,True,phase,,parallel_prepared,prepared,23,,,,,,,,,,,253221,,,
032-threads64,True,phase,,parallel_prepared,verified,23,23,,,,,,,,,,253221,53057,120477,
032-threads64,True,job,,parallel_prepared,,,23,,,,,,,,,,,,,120719
032-threads64,True,phase,,parallel_prepared,verified,24,24,,,,,,,,,,251792,54502,121865,
032-threads64,True,job,,parallel_prepared,,,24,,,,,,,,,,,,,122001
032-threads64,True,block,,parallel_prepared,,,,11,,2,,,,,,,,,,428713
032-threads64,True,progress,,parallel_cold,,23,,,,,fresh_started,,,,,,,,,0
032-threads64,True,progress,,parallel_cold,,23,,,,,drivers_started,,,,,,,,,385
032-threads64,True,progress,,parallel_cold,,23,,,,,prover_commit_started,,,,,,,,,391
032-threads64,True,progress,,parallel_cold,,23,,,,,verifier_commit_started,,,,,,,,,398
032-threads64,True,progress,,parallel_cold,,24,,,,,fresh_started,,,,,,,,,0
032-threads64,True,progress,,parallel_cold,,24,,,,,drivers_started,,,,,,,,,361
032-threads64,True,progress,,parallel_cold,,24,,,,,prover_commit_started,,,,,,,,,365
032-threads64,True,progress,,parallel_cold,,24,,,,,verifier_commit_started,,,,,,,,,368
032-threads64,True,progress,,parallel_cold,,23,,,,,verifier_commit_received,,,,,,,,,777
032-threads64,True,progress,,parallel_cold,,24,,,,,verifier_commit_received,,,,,,,,,2854
032-threads64,True,progress,,parallel_cold,,23,,,,,verifier_accept_returned,,,,,,,,,273618
032-threads64,True,progress,,parallel_cold,,24,,,,,verifier_accept_returned,,,,,,,,,273487
032-threads64,True,progress,,parallel_cold,,24,,,,,prover_commit_returned,,,,,,,,,274600
032-threads64,True,phase,,parallel_cold,prepared,24,,,,,,,,,,,274625,,,
032-threads64,True,progress,,parallel_cold,,23,,,,,prover_commit_returned,,,,,,,,,275417
032-threads64,True,phase,,parallel_cold,prepared,23,,,,,,,,,,,275427,,,
032-threads64,True,phase,,parallel_cold,verified,24,24,,,,,,,,,,274625,0,116801,
032-threads64,True,job,,parallel_cold,,,24,,,,,,,,,,,,,391578
032-threads64,True,phase,,parallel_cold,verified,23,23,,,,,,,,,,275427,0,117646,
032-threads64,True,job,,parallel_cold,,,23,,,,,,,,,,,,,393437
032-threads64,True,block,,parallel_cold,,,,11,,2,,,,,,,,,,393457
032-threads64,True,progress,,parallel_cold,,25,,,,,fresh_started,,,,,,,,,0
032-threads64,True,progress,,parallel_cold,,25,,,,,drivers_started,,,,,,,,,389
032-threads64,True,progress,,parallel_cold,,25,,,,,prover_commit_started,,,,,,,,,395
032-threads64,True,progress,,parallel_cold,,25,,,,,verifier_commit_started,,,,,,,,,401
032-threads64,True,progress,,parallel_cold,,26,,,,,fresh_started,,,,,,,,,0
032-threads64,True,progress,,parallel_cold,,26,,,,,drivers_started,,,,,,,,,302
032-threads64,True,progress,,parallel_cold,,26,,,,,prover_commit_started,,,,,,,,,306
032-threads64,True,progress,,parallel_cold,,26,,,,,verifier_commit_started,,,,,,,,,309
032-threads64,True,progress,,parallel_cold,,25,,,,,verifier_commit_received,,,,,,,,,722
032-threads64,True,progress,,parallel_cold,,26,,,,,verifier_commit_received,,,,,,,,,2614
032-threads64,True,progress,,parallel_cold,,25,,,,,verifier_accept_returned,,,,,,,,,259986
032-threads64,True,progress,,parallel_cold,,25,,,,,prover_commit_returned,,,,,,,,,261530
032-threads64,True,phase,,parallel_cold,prepared,25,,,,,,,,,,,261542,,,
032-threads64,True,progress,,parallel_cold,,26,,,,,verifier_accept_returned,,,,,,,,,261507
032-threads64,True,progress,,parallel_cold,,26,,,,,prover_commit_returned,,,,,,,,,265619
032-threads64,True,phase,,parallel_cold,prepared,26,,,,,,,,,,,265650,,,
032-threads64,True,phase,,parallel_cold,verified,26,26,,,,,,,,,,265650,0,122509,
032-threads64,True,job,,parallel_cold,,,26,,,,,,,,,,,,,388287
032-threads64,True,phase,,parallel_cold,verified,25,25,,,,,,,,,,261542,0,128415,
032-threads64,True,job,,parallel_cold,,,25,,,,,,,,,,,,,390094
032-threads64,True,block,,parallel_cold,,,,12,,2,,,,,,,,,,390115
032-threads64,True,progress,,parallel_prepared,,25,,,,,fresh_started,,,,,,,,,0
032-threads64,True,progress,,parallel_prepared,,25,,,,,drivers_started,,,,,,,,,382
032-threads64,True,progress,,parallel_prepared,,25,,,,,prover_commit_started,,,,,,,,,389
032-threads64,True,progress,,parallel_prepared,,25,,,,,verifier_commit_started,,,,,,,,,400
032-threads64,True,progress,,parallel_prepared,,26,,,,,fresh_started,,,,,,,,,0
032-threads64,True,progress,,parallel_prepared,,26,,,,,drivers_started,,,,,,,,,279
032-threads64,True,progress,,parallel_prepared,,26,,,,,prover_commit_started,,,,,,,,,284
032-threads64,True,progress,,parallel_prepared,,26,,,,,verifier_commit_started,,,,,,,,,289
032-threads64,True,progress,,parallel_prepared,,25,,,,,verifier_commit_received,,,,,,,,,700
032-threads64,True,progress,,parallel_prepared,,26,,,,,verifier_commit_received,,,,,,,,,2735
032-threads64,True,progress,,parallel_prepared,,25,,,,,verifier_accept_returned,,,,,,,,,268627
032-threads64,True,progress,,parallel_prepared,,25,,,,,prover_commit_returned,,,,,,,,,269536
032-threads64,True,phase,,parallel_prepared,prepared,25,,,,,,,,,,,269561,,,
032-threads64,True,progress,,parallel_prepared,,26,,,,,verifier_accept_returned,,,,,,,,,286371
032-threads64,True,progress,,parallel_prepared,,26,,,,,prover_commit_returned,,,,,,,,,288103
032-threads64,True,phase,,parallel_prepared,prepared,26,,,,,,,,,,,288115,,,
032-threads64,True,phase,,parallel_prepared,verified,25,25,,,,,,,,,,269561,71760,122774,
032-threads64,True,job,,parallel_prepared,,,25,,,,,,,,,,,,,123003
032-threads64,True,phase,,parallel_prepared,verified,26,26,,,,,,,,,,288115,53181,124116,
032-threads64,True,job,,parallel_prepared,,,26,,,,,,,,,,,,,124252
032-threads64,True,block,,parallel_prepared,,,,12,,2,,,,,,,,,,465977
032-threads64,True,progress,,parallel_prepared,,27,,,,,fresh_started,,,,,,,,,0
032-threads64,True,progress,,parallel_prepared,,27,,,,,drivers_started,,,,,,,,,361
032-threads64,True,progress,,parallel_prepared,,27,,,,,prover_commit_started,,,,,,,,,367
032-threads64,True,progress,,parallel_prepared,,27,,,,,verifier_commit_started,,,,,,,,,373
032-threads64,True,progress,,parallel_prepared,,28,,,,,fresh_started,,,,,,,,,0
032-threads64,True,progress,,parallel_prepared,,28,,,,,drivers_started,,,,,,,,,280
032-threads64,True,progress,,parallel_prepared,,28,,,,,prover_commit_started,,,,,,,,,284
032-threads64,True,progress,,parallel_prepared,,28,,,,,verifier_commit_started,,,,,,,,,288
032-threads64,True,progress,,parallel_prepared,,27,,,,,verifier_commit_received,,,,,,,,,672
032-threads64,True,progress,,parallel_prepared,,28,,,,,verifier_commit_received,,,,,,,,,2684
032-threads64,True,progress,,parallel_prepared,,28,,,,,verifier_accept_returned,,,,,,,,,284722
032-threads64,True,progress,,parallel_prepared,,28,,,,,prover_commit_returned,,,,,,,,,290440
032-threads64,True,phase,,parallel_prepared,prepared,28,,,,,,,,,,,290474,,,
032-threads64,True,progress,,parallel_prepared,,27,,,,,verifier_accept_returned,,,,,,,,,296261
032-threads64,True,progress,,parallel_prepared,,27,,,,,prover_commit_returned,,,,,,,,,297434
032-threads64,True,phase,,parallel_prepared,prepared,27,,,,,,,,,,,297460,,,
032-threads64,True,phase,,parallel_prepared,verified,27,27,,,,,,,,,,297460,53033,130271,
032-threads64,True,job,,parallel_prepared,,,27,,,,,,,,,,,,,130465
032-threads64,True,phase,,parallel_prepared,verified,28,28,,,,,,,,,,290474,60013,131440,
032-threads64,True,job,,parallel_prepared,,,28,,,,,,,,,,,,,131564
032-threads64,True,block,,parallel_prepared,,,,13,,2,,,,,,,,,,482458
032-threads64,True,progress,,parallel_cold,,27,,,,,fresh_started,,,,,,,,,0
032-threads64,True,progress,,parallel_cold,,27,,,,,drivers_started,,,,,,,,,351
032-threads64,True,progress,,parallel_cold,,27,,,,,prover_commit_started,,,,,,,,,357
032-threads64,True,progress,,parallel_cold,,27,,,,,verifier_commit_started,,,,,,,,,365
032-threads64,True,progress,,parallel_cold,,27,,,,,verifier_commit_received,,,,,,,,,371
032-threads64,True,progress,,parallel_cold,,28,,,,,fresh_started,,,,,,,,,0
032-threads64,True,progress,,parallel_cold,,28,,,,,drivers_started,,,,,,,,,351
032-threads64,True,progress,,parallel_cold,,28,,,,,prover_commit_started,,,,,,,,,358
032-threads64,True,progress,,parallel_cold,,28,,,,,verifier_commit_started,,,,,,,,,366
032-threads64,True,progress,,parallel_cold,,28,,,,,verifier_commit_received,,,,,,,,,372
032-threads64,True,progress,,parallel_cold,,28,,,,,verifier_accept_returned,,,,,,,,,268471
032-threads64,True,progress,,parallel_cold,,28,,,,,prover_commit_returned,,,,,,,,,269150
032-threads64,True,phase,,parallel_cold,prepared,28,,,,,,,,,,,269172,,,
032-threads64,True,progress,,parallel_cold,,27,,,,,verifier_accept_returned,,,,,,,,,270995
032-threads64,True,progress,,parallel_cold,,27,,,,,prover_commit_returned,,,,,,,,,274821
032-threads64,True,phase,,parallel_cold,prepared,27,,,,,,,,,,,274840,,,
032-threads64,True,phase,,parallel_cold,verified,27,27,,,,,,,,,,274840,0,117645,
032-threads64,True,job,,parallel_cold,,,27,,,,,,,,,,,,,392606
032-threads64,True,phase,,parallel_cold,verified,28,28,,,,,,,,,,269172,0,123729,
032-threads64,True,job,,parallel_cold,,,28,,,,,,,,,,,,,393284
032-threads64,True,block,,parallel_cold,,,,13,,2,,,,,,,,,,394490
032-threads64,True,progress,,parallel_cold,,29,,,,,fresh_started,,,,,,,,,0
032-threads64,True,progress,,parallel_cold,,29,,,,,drivers_started,,,,,,,,,384
032-threads64,True,progress,,parallel_cold,,29,,,,,prover_commit_started,,,,,,,,,400
032-threads64,True,progress,,parallel_cold,,29,,,,,verifier_commit_started,,,,,,,,,411
032-threads64,True,progress,,parallel_cold,,30,,,,,fresh_started,,,,,,,,,0
032-threads64,True,progress,,parallel_cold,,30,,,,,drivers_started,,,,,,,,,307
032-threads64,True,progress,,parallel_cold,,30,,,,,prover_commit_started,,,,,,,,,312
032-threads64,True,progress,,parallel_cold,,30,,,,,verifier_commit_started,,,,,,,,,318
032-threads64,True,progress,,parallel_cold,,29,,,,,verifier_commit_received,,,,,,,,,744
032-threads64,True,progress,,parallel_cold,,30,,,,,verifier_commit_received,,,,,,,,,2731
032-threads64,True,progress,,parallel_cold,,29,,,,,verifier_accept_returned,,,,,,,,,279041
032-threads64,True,progress,,parallel_cold,,30,,,,,verifier_accept_returned,,,,,,,,,278693
032-threads64,True,progress,,parallel_cold,,30,,,,,prover_commit_returned,,,,,,,,,280283
032-threads64,True,phase,,parallel_cold,prepared,30,,,,,,,,,,,280292,,,
032-threads64,True,progress,,parallel_cold,,29,,,,,prover_commit_returned,,,,,,,,,281068
032-threads64,True,phase,,parallel_cold,prepared,29,,,,,,,,,,,281072,,,
032-threads64,True,phase,,parallel_cold,verified,29,29,,,,,,,,,,281072,0,122451,
032-threads64,True,job,,parallel_cold,,,29,,,,,,,,,,,,,403824
032-threads64,True,phase,,parallel_cold,verified,30,30,,,,,,,,,,280292,0,124194,
032-threads64,True,job,,parallel_cold,,,30,,,,,,,,,,,,,404837
032-threads64,True,block,,parallel_cold,,,,14,,2,,,,,,,,,,405271
032-threads64,True,progress,,parallel_prepared,,29,,,,,fresh_started,,,,,,,,,0
032-threads64,True,progress,,parallel_prepared,,29,,,,,drivers_started,,,,,,,,,377
032-threads64,True,progress,,parallel_prepared,,29,,,,,prover_commit_started,,,,,,,,,383
032-threads64,True,progress,,parallel_prepared,,29,,,,,verifier_commit_started,,,,,,,,,394
032-threads64,True,progress,,parallel_prepared,,30,,,,,fresh_started,,,,,,,,,0
032-threads64,True,progress,,parallel_prepared,,30,,,,,drivers_started,,,,,,,,,307
032-threads64,True,progress,,parallel_prepared,,30,,,,,prover_commit_started,,,,,,,,,311
032-threads64,True,progress,,parallel_prepared,,30,,,,,verifier_commit_started,,,,,,,,,315
032-threads64,True,progress,,parallel_prepared,,29,,,,,verifier_commit_received,,,,,,,,,724
032-threads64,True,progress,,parallel_prepared,,30,,,,,verifier_commit_received,,,,,,,,,2716
032-threads64,True,progress,,parallel_prepared,,30,,,,,verifier_accept_returned,,,,,,,,,270025
032-threads64,True,progress,,parallel_prepared,,30,,,,,prover_commit_returned,,,,,,,,,271022
032-threads64,True,phase,,parallel_prepared,prepared,30,,,,,,,,,,,271039,,,
032-threads64,True,progress,,parallel_prepared,,29,,,,,verifier_accept_returned,,,,,,,,,273730
032-threads64,True,progress,,parallel_prepared,,29,,,,,prover_commit_returned,,,,,,,,,275070
032-threads64,True,phase,,parallel_prepared,prepared,29,,,,,,,,,,,275078,,,
032-threads64,True,phase,,parallel_prepared,verified,29,29,,,,,,,,,,275078,53059,124891,
032-threads64,True,job,,parallel_prepared,,,29,,,,,,,,,,,,,125158
032-threads64,True,phase,,parallel_prepared,verified,30,30,,,,,,,,,,271039,57056,126140,
032-threads64,True,job,,parallel_prepared,,,30,,,,,,,,,,,,,126264
032-threads64,True,block,,parallel_prepared,,,,14,,2,,,,,,,,,,454793
032-threads64,True,campaign,parallel,,,,,,,60,,,,,,,,,,12880783
032-threads64,True,progress,,sustained_cold,,1,,,,,fresh_started,,,,,,,,,0
032-threads64,True,progress,,sustained_cold,,1,,,,,drivers_started,,,,,,,,,326
032-threads64,True,progress,,sustained_cold,,1,,,,,prover_commit_started,,,,,,,,,333
032-threads64,True,progress,,sustained_cold,,1,,,,,verifier_commit_started,,,,,,,,,340
032-threads64,True,progress,,sustained_cold,,1,,,,,verifier_commit_received,,,,,,,,,346
032-threads64,True,progress,,sustained_cold,,2,,,,,fresh_started,,,,,,,,,0
032-threads64,True,progress,,sustained_cold,,2,,,,,drivers_started,,,,,,,,,284
032-threads64,True,progress,,sustained_cold,,2,,,,,prover_commit_started,,,,,,,,,289
032-threads64,True,progress,,sustained_cold,,2,,,,,verifier_commit_started,,,,,,,,,294
032-threads64,True,progress,,sustained_cold,,2,,,,,verifier_commit_received,,,,,,,,,299
032-threads64,True,progress,,sustained_cold,,1,,,,,verifier_accept_returned,,,,,,,,,293187
032-threads64,True,progress,,sustained_cold,,1,,,,,prover_commit_returned,,,,,,,,,293989
032-threads64,True,phase,,sustained_cold,prepared,1,,,,,,,,,,,294011,,,
032-threads64,True,progress,,sustained_cold,,2,,,,,verifier_accept_returned,,,,,,,,,305202
032-threads64,True,progress,,sustained_cold,,2,,,,,prover_commit_returned,,,,,,,,,310043
032-threads64,True,phase,,sustained_cold,prepared,2,,,,,,,,,,,310066,,,
032-threads64,True,phase,,sustained_cold,verified,1,1,,,,,,,,,,294011,10,103535,
032-threads64,True,job,,sustained_cold,,,1,,,,,,,,,,,,,397668
032-threads64,True,phase,,sustained_cold,verified,2,2,,,,,,,,,,310066,0,113166,
032-threads64,True,job,,sustained_cold,,,2,,,,,,,,,,,,,423398
032-threads64,True,block,,sustained_cold,,,,0,,2,,,,,,,,,,424562
032-threads64,True,progress,,sustained_prepared,,1,,,,,fresh_started,,,,,,,,,0
032-threads64,True,progress,,sustained_prepared,,1,,,,,drivers_started,,,,,,,,,369
032-threads64,True,progress,,sustained_prepared,,1,,,,,prover_commit_started,,,,,,,,,375
032-threads64,True,progress,,sustained_prepared,,1,,,,,verifier_commit_started,,,,,,,,,382
032-threads64,True,progress,,sustained_prepared,,1,,,,,verifier_commit_received,,,,,,,,,388
032-threads64,True,progress,,sustained_prepared,,1,,,,,verifier_accept_returned,,,,,,,,,245091
032-threads64,True,progress,,sustained_prepared,,1,,,,,prover_commit_returned,,,,,,,,,246248
032-threads64,True,phase,,sustained_prepared,prepared,1,,,,,,,,,,,246257,,,
032-threads64,True,progress,,sustained_prepared,,2,,,,,fresh_started,,,,,,,,,0
032-threads64,True,progress,,sustained_prepared,,2,,,,,drivers_started,,,,,,,,,396
032-threads64,True,progress,,sustained_prepared,,2,,,,,prover_commit_started,,,,,,,,,401
032-threads64,True,progress,,sustained_prepared,,2,,,,,verifier_commit_started,,,,,,,,,408
032-threads64,True,progress,,sustained_prepared,,2,,,,,verifier_commit_received,,,,,,,,,434
032-threads64,True,progress,,sustained_prepared,,2,,,,,verifier_accept_returned,,,,,,,,,238184
032-threads64,True,progress,,sustained_prepared,,2,,,,,prover_commit_returned,,,,,,,,,239767
032-threads64,True,phase,,sustained_prepared,prepared,2,,,,,,,,,,,239787,,,
032-threads64,True,phase,,sustained_prepared,verified,2,2,,,,,,,,,,239787,52398,123090,
032-threads64,True,job,,sustained_prepared,,,2,,,,,,,,,,,,,123230
032-threads64,True,phase,,sustained_prepared,verified,1,1,,,,,,,,,,246257,291834,124967,
032-threads64,True,job,,sustained_prepared,,,1,,,,,,,,,,,,,125120
032-threads64,True,block,,sustained_prepared,,,,0,,2,,,,,,,,,,663230
032-threads64,True,progress,,sustained_prepared,,3,,,,,fresh_started,,,,,,,,,0
032-threads64,True,progress,,sustained_prepared,,3,,,,,drivers_started,,,,,,,,,444
032-threads64,True,progress,,sustained_prepared,,3,,,,,prover_commit_started,,,,,,,,,458
032-threads64,True,progress,,sustained_prepared,,3,,,,,verifier_commit_started,,,,,,,,,471
032-threads64,True,progress,,sustained_prepared,,3,,,,,verifier_commit_received,,,,,,,,,497
032-threads64,True,progress,,sustained_prepared,,3,,,,,verifier_accept_returned,,,,,,,,,248471
032-threads64,True,progress,,sustained_prepared,,3,,,,,prover_commit_returned,,,,,,,,,250012
032-threads64,True,phase,,sustained_prepared,prepared,3,,,,,,,,,,,250024,,,
032-threads64,True,progress,,sustained_prepared,,4,,,,,fresh_started,,,,,,,,,0
032-threads64,True,progress,,sustained_prepared,,4,,,,,drivers_started,,,,,,,,,395
032-threads64,True,progress,,sustained_prepared,,4,,,,,prover_commit_started,,,,,,,,,402
032-threads64,True,progress,,sustained_prepared,,4,,,,,verifier_commit_started,,,,,,,,,409
032-threads64,True,progress,,sustained_prepared,,4,,,,,verifier_commit_received,,,,,,,,,416
032-threads64,True,progress,,sustained_prepared,,4,,,,,verifier_accept_returned,,,,,,,,,245330
032-threads64,True,progress,,sustained_prepared,,4,,,,,prover_commit_returned,,,,,,,,,247052
032-threads64,True,phase,,sustained_prepared,prepared,4,,,,,,,,,,,247076,,,
032-threads64,True,phase,,sustained_prepared,verified,3,3,,,,,,,,,,250024,300134,120208,
032-threads64,True,phase,,sustained_prepared,verified,4,4,,,,,,,,,,247076,53433,119908,
032-threads64,True,job,,sustained_prepared,,,3,,,,,,,,,,,,,120390
032-threads64,True,job,,sustained_prepared,,,4,,,,,,,,,,,,,120083
032-threads64,True,block,,sustained_prepared,,,,1,,2,,,,,,,,,,670638
032-threads64,True,progress,,sustained_cold,,3,,,,,fresh_started,,,,,,,,,0
032-threads64,True,progress,,sustained_cold,,3,,,,,drivers_started,,,,,,,,,470
032-threads64,True,progress,,sustained_cold,,3,,,,,prover_commit_started,,,,,,,,,495
032-threads64,True,progress,,sustained_cold,,3,,,,,verifier_commit_started,,,,,,,,,506
032-threads64,True,progress,,sustained_cold,,4,,,,,fresh_started,,,,,,,,,0
032-threads64,True,progress,,sustained_cold,,4,,,,,drivers_started,,,,,,,,,299
032-threads64,True,progress,,sustained_cold,,4,,,,,prover_commit_started,,,,,,,,,307
032-threads64,True,progress,,sustained_cold,,4,,,,,verifier_commit_started,,,,,,,,,311
032-threads64,True,progress,,sustained_cold,,4,,,,,verifier_commit_received,,,,,,,,,318
032-threads64,True,progress,,sustained_cold,,3,,,,,verifier_commit_received,,,,,,,,,3329
032-threads64,True,progress,,sustained_cold,,4,,,,,verifier_accept_returned,,,,,,,,,268074
032-threads64,True,progress,,sustained_cold,,4,,,,,prover_commit_returned,,,,,,,,,268652
032-threads64,True,phase,,sustained_cold,prepared,4,,,,,,,,,,,268676,,,
032-threads64,True,progress,,sustained_cold,,3,,,,,verifier_accept_returned,,,,,,,,,273562
032-threads64,True,progress,,sustained_cold,,3,,,,,prover_commit_returned,,,,,,,,,273595
032-threads64,True,phase,,sustained_cold,prepared,3,,,,,,,,,,,273600,,,
032-threads64,True,phase,,sustained_cold,verified,4,4,,,,,,,,,,268676,0,119409,
032-threads64,True,job,,sustained_cold,,,4,,,,,,,,,,,,,388351
032-threads64,True,phase,,sustained_cold,verified,3,3,,,,,,,,,,273600,0,116737,
032-threads64,True,job,,sustained_cold,,,3,,,,,,,,,,,,,390660
032-threads64,True,block,,sustained_cold,,,,1,,2,,,,,,,,,,390681
032-threads64,True,progress,,sustained_cold,,5,,,,,fresh_started,,,,,,,,,0
032-threads64,True,progress,,sustained_cold,,5,,,,,drivers_started,,,,,,,,,359
032-threads64,True,progress,,sustained_cold,,5,,,,,prover_commit_started,,,,,,,,,365
032-threads64,True,progress,,sustained_cold,,5,,,,,verifier_commit_started,,,,,,,,,372
032-threads64,True,progress,,sustained_cold,,6,,,,,fresh_started,,,,,,,,,0
032-threads64,True,progress,,sustained_cold,,6,,,,,drivers_started,,,,,,,,,352
032-threads64,True,progress,,sustained_cold,,6,,,,,prover_commit_started,,,,,,,,,356
032-threads64,True,progress,,sustained_cold,,6,,,,,verifier_commit_started,,,,,,,,,360
032-threads64,True,progress,,sustained_cold,,6,,,,,verifier_commit_received,,,,,,,,,371
032-threads64,True,progress,,sustained_cold,,5,,,,,verifier_commit_received,,,,,,,,,3276
032-threads64,True,progress,,sustained_cold,,6,,,,,verifier_accept_returned,,,,,,,,,270386
032-threads64,True,progress,,sustained_cold,,6,,,,,prover_commit_returned,,,,,,,,,271657
032-threads64,True,phase,,sustained_cold,prepared,6,,,,,,,,,,,271684,,,
032-threads64,True,progress,,sustained_cold,,5,,,,,verifier_accept_returned,,,,,,,,,273201
032-threads64,True,progress,,sustained_cold,,5,,,,,prover_commit_returned,,,,,,,,,276783
032-threads64,True,phase,,sustained_cold,prepared,5,,,,,,,,,,,276792,,,
032-threads64,True,phase,,sustained_cold,verified,6,6,,,,,,,,,,271684,0,118125,
032-threads64,True,job,,sustained_cold,,,6,,,,,,,,,,,,,389981
032-threads64,True,phase,,sustained_cold,verified,5,5,,,,,,,,,,276792,0,114927,
032-threads64,True,job,,sustained_cold,,,5,,,,,,,,,,,,,391968
032-threads64,True,block,,sustained_cold,,,,2,,2,,,,,,,,,,391993
032-threads64,True,progress,,sustained_prepared,,5,,,,,fresh_started,,,,,,,,,0
032-threads64,True,progress,,sustained_prepared,,5,,,,,drivers_started,,,,,,,,,373
032-threads64,True,progress,,sustained_prepared,,5,,,,,prover_commit_started,,,,,,,,,381
032-threads64,True,progress,,sustained_prepared,,5,,,,,verifier_commit_started,,,,,,,,,389
032-threads64,True,progress,,sustained_prepared,,5,,,,,verifier_commit_received,,,,,,,,,405
032-threads64,True,progress,,sustained_prepared,,5,,,,,verifier_accept_returned,,,,,,,,,225858
032-threads64,True,progress,,sustained_prepared,,5,,,,,prover_commit_returned,,,,,,,,,227319
032-threads64,True,phase,,sustained_prepared,prepared,5,,,,,,,,,,,227327,,,
032-threads64,True,progress,,sustained_prepared,,6,,,,,fresh_started,,,,,,,,,0
032-threads64,True,progress,,sustained_prepared,,6,,,,,drivers_started,,,,,,,,,386
032-threads64,True,progress,,sustained_prepared,,6,,,,,prover_commit_started,,,,,,,,,391
032-threads64,True,progress,,sustained_prepared,,6,,,,,verifier_commit_started,,,,,,,,,398
032-threads64,True,progress,,sustained_prepared,,6,,,,,verifier_commit_received,,,,,,,,,404
032-threads64,True,progress,,sustained_prepared,,6,,,,,verifier_accept_returned,,,,,,,,,235678
032-threads64,True,progress,,sustained_prepared,,6,,,,,prover_commit_returned,,,,,,,,,237222
032-threads64,True,phase,,sustained_prepared,prepared,6,,,,,,,,,,,237234,,,
032-threads64,True,phase,,sustained_prepared,verified,5,5,,,,,,,,,,227327,290046,122532,
032-threads64,True,job,,sustained_prepared,,,5,,,,,,,,,,,,,122810
032-threads64,True,phase,,sustained_prepared,verified,6,6,,,,,,,,,,237234,53216,123854,
032-threads64,True,job,,sustained_prepared,,,6,,,,,,,,,,,,,124046
032-threads64,True,block,,sustained_prepared,,,,2,,2,,,,,,,,,,641845
032-threads64,True,progress,,sustained_prepared,,7,,,,,fresh_started,,,,,,,,,0
032-threads64,True,progress,,sustained_prepared,,7,,,,,drivers_started,,,,,,,,,396
032-threads64,True,progress,,sustained_prepared,,7,,,,,prover_commit_started,,,,,,,,,402
032-threads64,True,progress,,sustained_prepared,,7,,,,,verifier_commit_started,,,,,,,,,410
032-threads64,True,progress,,sustained_prepared,,7,,,,,verifier_commit_received,,,,,,,,,443
032-threads64,True,progress,,sustained_prepared,,7,,,,,verifier_accept_returned,,,,,,,,,227160
032-threads64,True,progress,,sustained_prepared,,7,,,,,prover_commit_returned,,,,,,,,,228436
032-threads64,True,phase,,sustained_prepared,prepared,7,,,,,,,,,,,228449,,,
032-threads64,True,progress,,sustained_prepared,,8,,,,,fresh_started,,,,,,,,,0
032-threads64,True,progress,,sustained_prepared,,8,,,,,drivers_started,,,,,,,,,439
032-threads64,True,progress,,sustained_prepared,,8,,,,,prover_commit_started,,,,,,,,,445
032-threads64,True,progress,,sustained_prepared,,8,,,,,verifier_commit_started,,,,,,,,,452
032-threads64,True,progress,,sustained_prepared,,8,,,,,verifier_commit_received,,,,,,,,,488
032-threads64,True,progress,,sustained_prepared,,8,,,,,verifier_accept_returned,,,,,,,,,245977
032-threads64,True,progress,,sustained_prepared,,8,,,,,prover_commit_returned,,,,,,,,,247820
032-threads64,True,phase,,sustained_prepared,prepared,8,,,,,,,,,,,247846,,,
032-threads64,True,phase,,sustained_prepared,verified,8,8,,,,,,,,,,247846,53430,120394,
032-threads64,True,job,,sustained_prepared,,,8,,,,,,,,,,,,,120551
032-threads64,True,phase,,sustained_prepared,verified,7,7,,,,,,,,,,228449,300888,122261,
032-threads64,True,job,,sustained_prepared,,,7,,,,,,,,,,,,,122400
032-threads64,True,block,,sustained_prepared,,,,3,,2,,,,,,,,,,651760
032-threads64,True,progress,,sustained_cold,,7,,,,,fresh_started,,,,,,,,,0
032-threads64,True,progress,,sustained_cold,,7,,,,,drivers_started,,,,,,,,,396
032-threads64,True,progress,,sustained_cold,,7,,,,,prover_commit_started,,,,,,,,,401
032-threads64,True,progress,,sustained_cold,,7,,,,,verifier_commit_started,,,,,,,,,408
032-threads64,True,progress,,sustained_cold,,7,,,,,verifier_commit_received,,,,,,,,,414
032-threads64,True,progress,,sustained_cold,,8,,,,,fresh_started,,,,,,,,,0
032-threads64,True,progress,,sustained_cold,,8,,,,,drivers_started,,,,,,,,,356
032-threads64,True,progress,,sustained_cold,,8,,,,,prover_commit_started,,,,,,,,,373
032-threads64,True,progress,,sustained_cold,,8,,,,,verifier_commit_started,,,,,,,,,384
032-threads64,True,progress,,sustained_cold,,8,,,,,verifier_commit_received,,,,,,,,,1946
032-threads64,True,progress,,sustained_cold,,7,,,,,verifier_accept_returned,,,,,,,,,266830
032-threads64,True,progress,,sustained_cold,,7,,,,,prover_commit_returned,,,,,,,,,267976
032-threads64,True,phase,,sustained_cold,prepared,7,,,,,,,,,,,267995,,,
032-threads64,True,progress,,sustained_cold,,8,,,,,verifier_accept_returned,,,,,,,,,276556
032-threads64,True,progress,,sustained_cold,,8,,,,,prover_commit_returned,,,,,,,,,284454
032-threads64,True,phase,,sustained_cold,prepared,8,,,,,,,,,,,284481,,,
032-threads64,True,phase,,sustained_cold,verified,7,7,,,,,,,,,,267995,0,116478,
032-threads64,True,job,,sustained_cold,,,7,,,,,,,,,,,,,388629
032-threads64,True,phase,,sustained_cold,verified,8,8,,,,,,,,,,284481,0,106937,
032-threads64,True,job,,sustained_cold,,,8,,,,,,,,,,,,,391558
032-threads64,True,block,,sustained_cold,,,,3,,2,,,,,,,,,,392890
032-threads64,True,progress,,sustained_cold,,9,,,,,fresh_started,,,,,,,,,0
032-threads64,True,progress,,sustained_cold,,9,,,,,drivers_started,,,,,,,,,425
032-threads64,True,progress,,sustained_cold,,9,,,,,prover_commit_started,,,,,,,,,438
032-threads64,True,progress,,sustained_cold,,9,,,,,verifier_commit_started,,,,,,,,,450
032-threads64,True,progress,,sustained_cold,,10,,,,,fresh_started,,,,,,,,,0
032-threads64,True,progress,,sustained_cold,,10,,,,,drivers_started,,,,,,,,,318
032-threads64,True,progress,,sustained_cold,,10,,,,,prover_commit_started,,,,,,,,,323
032-threads64,True,progress,,sustained_cold,,10,,,,,verifier_commit_started,,,,,,,,,327
032-threads64,True,progress,,sustained_cold,,9,,,,,verifier_commit_received,,,,,,,,,791
032-threads64,True,progress,,sustained_cold,,10,,,,,verifier_commit_received,,,,,,,,,2678
032-threads64,True,progress,,sustained_cold,,9,,,,,verifier_accept_returned,,,,,,,,,267292
032-threads64,True,progress,,sustained_cold,,9,,,,,prover_commit_returned,,,,,,,,,268881
032-threads64,True,phase,,sustained_cold,prepared,9,,,,,,,,,,,268906,,,
032-threads64,True,progress,,sustained_cold,,10,,,,,prover_commit_returned,,,,,,,,,301526
032-threads64,True,progress,,sustained_cold,,10,,,,,verifier_accept_returned,,,,,,,,,301561
032-threads64,True,phase,,sustained_cold,prepared,10,,,,,,,,,,,301566,,,
032-threads64,True,phase,,sustained_cold,verified,9,9,,,,,,,,,,268906,0,105308,
032-threads64,True,job,,sustained_cold,,,9,,,,,,,,,,,,,374354
032-threads64,True,phase,,sustained_cold,verified,10,10,,,,,,,,,,301566,0,104340,
032-threads64,True,job,,sustained_cold,,,10,,,,,,,,,,,,,406067
032-threads64,True,block,,sustained_cold,,,,4,,2,,,,,,,,,,406545
032-threads64,True,progress,,sustained_prepared,,9,,,,,fresh_started,,,,,,,,,0
032-threads64,True,progress,,sustained_prepared,,9,,,,,drivers_started,,,,,,,,,417
032-threads64,True,progress,,sustained_prepared,,9,,,,,prover_commit_started,,,,,,,,,423
032-threads64,True,progress,,sustained_prepared,,9,,,,,verifier_commit_started,,,,,,,,,431
032-threads64,True,progress,,sustained_prepared,,9,,,,,verifier_commit_received,,,,,,,,,479
032-threads64,True,progress,,sustained_prepared,,9,,,,,verifier_accept_returned,,,,,,,,,244213
032-threads64,True,progress,,sustained_prepared,,9,,,,,prover_commit_returned,,,,,,,,,245735
032-threads64,True,phase,,sustained_prepared,prepared,9,,,,,,,,,,,245759,,,
032-threads64,True,progress,,sustained_prepared,,10,,,,,fresh_started,,,,,,,,,0
032-threads64,True,progress,,sustained_prepared,,10,,,,,drivers_started,,,,,,,,,413
032-threads64,True,progress,,sustained_prepared,,10,,,,,prover_commit_started,,,,,,,,,422
032-threads64,True,progress,,sustained_prepared,,10,,,,,verifier_commit_started,,,,,,,,,430
032-threads64,True,progress,,sustained_prepared,,10,,,,,verifier_commit_received,,,,,,,,,440
032-threads64,True,progress,,sustained_prepared,,10,,,,,verifier_accept_returned,,,,,,,,,226707
032-threads64,True,progress,,sustained_prepared,,10,,,,,prover_commit_returned,,,,,,,,,228067
032-threads64,True,phase,,sustained_prepared,prepared,10,,,,,,,,,,,228078,,,
032-threads64,True,phase,,sustained_prepared,verified,9,9,,,,,,,,,,245759,279735,118370,
032-threads64,True,job,,sustained_prepared,,,9,,,,,,,,,,,,,118629
032-threads64,True,phase,,sustained_prepared,verified,10,10,,,,,,,,,,228078,52149,119593,
032-threads64,True,job,,sustained_prepared,,,10,,,,,,,,,,,,,119758
032-threads64,True,block,,sustained_prepared,,,,4,,2,,,,,,,,,,645773
032-threads64,True,progress,,sustained_prepared,,11,,,,,fresh_started,,,,,,,,,0
032-threads64,True,progress,,sustained_prepared,,11,,,,,drivers_started,,,,,,,,,367
032-threads64,True,progress,,sustained_prepared,,11,,,,,prover_commit_started,,,,,,,,,374
032-threads64,True,progress,,sustained_prepared,,11,,,,,verifier_commit_started,,,,,,,,,382
032-threads64,True,progress,,sustained_prepared,,11,,,,,verifier_commit_received,,,,,,,,,402
032-threads64,True,progress,,sustained_prepared,,11,,,,,verifier_accept_returned,,,,,,,,,234013
032-threads64,True,progress,,sustained_prepared,,11,,,,,prover_commit_returned,,,,,,,,,235508
032-threads64,True,phase,,sustained_prepared,prepared,11,,,,,,,,,,,235530,,,
032-threads64,True,progress,,sustained_prepared,,12,,,,,fresh_started,,,,,,,,,0
032-threads64,True,progress,,sustained_prepared,,12,,,,,drivers_started,,,,,,,,,452
032-threads64,True,progress,,sustained_prepared,,12,,,,,prover_commit_started,,,,,,,,,462
032-threads64,True,progress,,sustained_prepared,,12,,,,,verifier_commit_started,,,,,,,,,472
032-threads64,True,progress,,sustained_prepared,,12,,,,,verifier_commit_received,,,,,,,,,490
032-threads64,True,progress,,sustained_prepared,,12,,,,,verifier_accept_returned,,,,,,,,,222260
032-threads64,True,progress,,sustained_prepared,,12,,,,,prover_commit_returned,,,,,,,,,223659
032-threads64,True,phase,,sustained_prepared,prepared,12,,,,,,,,,,,223684,,,
032-threads64,True,phase,,sustained_prepared,verified,11,11,,,,,,,,,,235530,276743,119749,
032-threads64,True,phase,,sustained_prepared,verified,12,12,,,,,,,,,,223684,53503,119366,
032-threads64,True,job,,sustained_prepared,,,11,,,,,,,,,,,,,119928
032-threads64,True,job,,sustained_prepared,,,12,,,,,,,,,,,,,119576
032-threads64,True,block,,sustained_prepared,,,,5,,2,,,,,,,,,,632314
032-threads64,True,progress,,sustained_cold,,11,,,,,fresh_started,,,,,,,,,0
032-threads64,True,progress,,sustained_cold,,11,,,,,drivers_started,,,,,,,,,467
032-threads64,True,progress,,sustained_cold,,11,,,,,prover_commit_started,,,,,,,,,475
032-threads64,True,progress,,sustained_cold,,11,,,,,verifier_commit_started,,,,,,,,,482
032-threads64,True,progress,,sustained_cold,,12,,,,,fresh_started,,,,,,,,,0
032-threads64,True,progress,,sustained_cold,,12,,,,,drivers_started,,,,,,,,,369
032-threads64,True,progress,,sustained_cold,,12,,,,,prover_commit_started,,,,,,,,,376
032-threads64,True,progress,,sustained_cold,,12,,,,,verifier_commit_started,,,,,,,,,380
032-threads64,True,progress,,sustained_cold,,12,,,,,verifier_commit_received,,,,,,,,,386
032-threads64,True,progress,,sustained_cold,,11,,,,,verifier_commit_received,,,,,,,,,3282
032-threads64,True,progress,,sustained_cold,,11,,,,,verifier_accept_returned,,,,,,,,,259899
032-threads64,True,progress,,sustained_cold,,11,,,,,prover_commit_returned,,,,,,,,,261045
032-threads64,True,phase,,sustained_cold,prepared,11,,,,,,,,,,,261055,,,
032-threads64,True,progress,,sustained_cold,,12,,,,,verifier_accept_returned,,,,,,,,,260942
032-threads64,True,progress,,sustained_cold,,12,,,,,prover_commit_returned,,,,,,,,,261867
032-threads64,True,phase,,sustained_cold,prepared,12,,,,,,,,,,,261874,,,
032-threads64,True,phase,,sustained_cold,verified,12,12,,,,,,,,,,261874,0,123633,
032-threads64,True,job,,sustained_cold,,,12,,,,,,,,,,,,,385671
032-threads64,True,phase,,sustained_cold,verified,11,11,,,,,,,,,,261055,0,126635,
032-threads64,True,job,,sustained_cold,,,11,,,,,,,,,,,,,387847
032-threads64,True,block,,sustained_cold,,,,5,,2,,,,,,,,,,387869
032-threads64,True,progress,,sustained_cold,,13,,,,,fresh_started,,,,,,,,,0
032-threads64,True,progress,,sustained_cold,,13,,,,,drivers_started,,,,,,,,,413
032-threads64,True,progress,,sustained_cold,,13,,,,,prover_commit_started,,,,,,,,,419
032-threads64,True,progress,,sustained_cold,,13,,,,,verifier_commit_started,,,,,,,,,427
032-threads64,True,progress,,sustained_cold,,14,,,,,fresh_started,,,,,,,,,0
032-threads64,True,progress,,sustained_cold,,14,,,,,drivers_started,,,,,,,,,367
032-threads64,True,progress,,sustained_cold,,14,,,,,prover_commit_started,,,,,,,,,395
032-threads64,True,progress,,sustained_cold,,14,,,,,verifier_commit_started,,,,,,,,,403
032-threads64,True,progress,,sustained_cold,,13,,,,,verifier_commit_received,,,,,,,,,853
032-threads64,True,progress,,sustained_cold,,14,,,,,verifier_commit_received,,,,,,,,,2937
032-threads64,True,progress,,sustained_cold,,14,,,,,verifier_accept_returned,,,,,,,,,265885
032-threads64,True,progress,,sustained_cold,,14,,,,,prover_commit_returned,,,,,,,,,267302
032-threads64,True,phase,,sustained_cold,prepared,14,,,,,,,,,,,267316,,,
032-threads64,True,progress,,sustained_cold,,13,,,,,verifier_accept_returned,,,,,,,,,272215
032-threads64,True,progress,,sustained_cold,,13,,,,,prover_commit_returned,,,,,,,,,272251
032-threads64,True,phase,,sustained_cold,prepared,13,,,,,,,,,,,272257,,,
032-threads64,True,phase,,sustained_cold,verified,13,13,,,,,,,,,,272257,0,116687,
032-threads64,True,job,,sustained_cold,,,13,,,,,,,,,,,,,389110
032-threads64,True,phase,,sustained_cold,verified,14,14,,,,,,,,,,267316,0,122897,
032-threads64,True,job,,sustained_cold,,,14,,,,,,,,,,,,,390350
032-threads64,True,block,,sustained_cold,,,,6,,2,,,,,,,,,,390812
032-threads64,True,progress,,sustained_prepared,,13,,,,,fresh_started,,,,,,,,,0
032-threads64,True,progress,,sustained_prepared,,13,,,,,drivers_started,,,,,,,,,435
032-threads64,True,progress,,sustained_prepared,,13,,,,,prover_commit_started,,,,,,,,,442
032-threads64,True,progress,,sustained_prepared,,13,,,,,verifier_commit_started,,,,,,,,,452
032-threads64,True,progress,,sustained_prepared,,13,,,,,verifier_commit_received,,,,,,,,,488
032-threads64,True,progress,,sustained_prepared,,13,,,,,verifier_accept_returned,,,,,,,,,222306
032-threads64,True,progress,,sustained_prepared,,13,,,,,prover_commit_returned,,,,,,,,,224272
032-threads64,True,phase,,sustained_prepared,prepared,13,,,,,,,,,,,224295,,,
032-threads64,True,progress,,sustained_prepared,,14,,,,,fresh_started,,,,,,,,,0
032-threads64,True,progress,,sustained_prepared,,14,,,,,drivers_started,,,,,,,,,370
032-threads64,True,progress,,sustained_prepared,,14,,,,,prover_commit_started,,,,,,,,,384
032-threads64,True,progress,,sustained_prepared,,14,,,,,verifier_commit_started,,,,,,,,,392
032-threads64,True,progress,,sustained_prepared,,14,,,,,verifier_commit_received,,,,,,,,,407
032-threads64,True,progress,,sustained_prepared,,14,,,,,verifier_accept_returned,,,,,,,,,226750
032-threads64,True,progress,,sustained_prepared,,14,,,,,prover_commit_returned,,,,,,,,,228203
032-threads64,True,phase,,sustained_prepared,prepared,14,,,,,,,,,,,228229,,,
032-threads64,True,phase,,sustained_prepared,verified,14,14,,,,,,,,,,228229,53424,122650,
032-threads64,True,job,,sustained_prepared,,,14,,,,,,,,,,,,,122794
032-threads64,True,phase,,sustained_prepared,verified,13,13,,,,,,,,,,224295,281282,124206,
032-threads64,True,job,,sustained_prepared,,,13,,,,,,,,,,,,,124353
032-threads64,True,block,,sustained_prepared,,,,6,,2,,,,,,,,,,629956
032-threads64,True,progress,,sustained_prepared,,15,,,,,fresh_started,,,,,,,,,0
032-threads64,True,progress,,sustained_prepared,,15,,,,,drivers_started,,,,,,,,,386
032-threads64,True,progress,,sustained_prepared,,15,,,,,prover_commit_started,,,,,,,,,393
032-threads64,True,progress,,sustained_prepared,,15,,,,,verifier_commit_started,,,,,,,,,400
032-threads64,True,progress,,sustained_prepared,,15,,,,,verifier_commit_received,,,,,,,,,406
032-threads64,True,progress,,sustained_prepared,,15,,,,,verifier_accept_returned,,,,,,,,,230259
032-threads64,True,progress,,sustained_prepared,,15,,,,,prover_commit_returned,,,,,,,,,232318
032-threads64,True,phase,,sustained_prepared,prepared,15,,,,,,,,,,,232330,,,
032-threads64,True,progress,,sustained_prepared,,16,,,,,fresh_started,,,,,,,,,0
032-threads64,True,progress,,sustained_prepared,,16,,,,,drivers_started,,,,,,,,,376
032-threads64,True,progress,,sustained_prepared,,16,,,,,prover_commit_started,,,,,,,,,382
032-threads64,True,progress,,sustained_prepared,,16,,,,,verifier_commit_started,,,,,,,,,389
032-threads64,True,progress,,sustained_prepared,,16,,,,,verifier_commit_received,,,,,,,,,396
032-threads64,True,progress,,sustained_prepared,,16,,,,,verifier_accept_returned,,,,,,,,,231294
032-threads64,True,progress,,sustained_prepared,,16,,,,,prover_commit_returned,,,,,,,,,232747
032-threads64,True,phase,,sustained_prepared,prepared,16,,,,,,,,,,,232757,,,
032-threads64,True,phase,,sustained_prepared,verified,15,15,,,,,,,,,,232330,286462,118735,
032-threads64,True,job,,sustained_prepared,,,15,,,,,,,,,,,,,118976
032-threads64,True,phase,,sustained_prepared,verified,16,16,,,,,,,,,,232757,54083,120195,
032-threads64,True,job,,sustained_prepared,,,16,,,,,,,,,,,,,120349
032-threads64,True,block,,sustained_prepared,,,,7,,2,,,,,,,,,,639543
032-threads64,True,progress,,sustained_cold,,15,,,,,fresh_started,,,,,,,,,0
032-threads64,True,progress,,sustained_cold,,15,,,,,drivers_started,,,,,,,,,402
032-threads64,True,progress,,sustained_cold,,15,,,,,prover_commit_started,,,,,,,,,408
032-threads64,True,progress,,sustained_cold,,15,,,,,verifier_commit_started,,,,,,,,,416
032-threads64,True,progress,,sustained_cold,,16,,,,,fresh_started,,,,,,,,,0
032-threads64,True,progress,,sustained_cold,,16,,,,,drivers_started,,,,,,,,,290
032-threads64,True,progress,,sustained_cold,,16,,,,,prover_commit_started,,,,,,,,,295
032-threads64,True,progress,,sustained_cold,,16,,,,,verifier_commit_started,,,,,,,,,300
032-threads64,True,progress,,sustained_cold,,16,,,,,verifier_commit_received,,,,,,,,,306
032-threads64,True,progress,,sustained_cold,,15,,,,,verifier_commit_received,,,,,,,,,3119
032-threads64,True,progress,,sustained_cold,,16,,,,,verifier_accept_returned,,,,,,,,,270534
032-threads64,True,progress,,sustained_cold,,16,,,,,prover_commit_returned,,,,,,,,,271855
032-threads64,True,phase,,sustained_cold,prepared,16,,,,,,,,,,,271878,,,
032-threads64,True,progress,,sustained_cold,,15,,,,,verifier_accept_returned,,,,,,,,,276686
032-threads64,True,progress,,sustained_cold,,15,,,,,prover_commit_returned,,,,,,,,,279223
032-threads64,True,phase,,sustained_cold,prepared,15,,,,,,,,,,,279238,,,
032-threads64,True,phase,,sustained_cold,verified,16,16,,,,,,,,,,271878,0,113474,
032-threads64,True,job,,sustained_cold,,,16,,,,,,,,,,,,,385583
032-threads64,True,phase,,sustained_cold,verified,15,15,,,,,,,,,,279238,0,117926,
032-threads64,True,job,,sustained_cold,,,15,,,,,,,,,,,,,397324
032-threads64,True,block,,sustained_cold,,,,7,,2,,,,,,,,,,397359
032-threads64,True,progress,,sustained_cold,,17,,,,,fresh_started,,,,,,,,,0
032-threads64,True,progress,,sustained_cold,,17,,,,,drivers_started,,,,,,,,,434
032-threads64,True,progress,,sustained_cold,,17,,,,,prover_commit_started,,,,,,,,,442
032-threads64,True,progress,,sustained_cold,,17,,,,,verifier_commit_started,,,,,,,,,449
032-threads64,True,progress,,sustained_cold,,18,,,,,fresh_started,,,,,,,,,0
032-threads64,True,progress,,sustained_cold,,18,,,,,drivers_started,,,,,,,,,352
032-threads64,True,progress,,sustained_cold,,18,,,,,prover_commit_started,,,,,,,,,357
032-threads64,True,progress,,sustained_cold,,18,,,,,verifier_commit_started,,,,,,,,,361
032-threads64,True,progress,,sustained_cold,,18,,,,,verifier_commit_received,,,,,,,,,368
032-threads64,True,progress,,sustained_cold,,17,,,,,verifier_commit_received,,,,,,,,,3192
032-threads64,True,progress,,sustained_cold,,18,,,,,verifier_accept_returned,,,,,,,,,293801
032-threads64,True,progress,,sustained_cold,,18,,,,,prover_commit_returned,,,,,,,,,294787
032-threads64,True,phase,,sustained_cold,prepared,18,,,,,,,,,,,294805,,,
032-threads64,True,progress,,sustained_cold,,17,,,,,verifier_accept_returned,,,,,,,,,295636
032-threads64,True,progress,,sustained_cold,,17,,,,,prover_commit_returned,,,,,,,,,296629
032-threads64,True,phase,,sustained_cold,prepared,17,,,,,,,,,,,296649,,,
032-threads64,True,phase,,sustained_cold,verified,18,18,,,,,,,,,,294805,0,126063,
032-threads64,True,phase,,sustained_cold,verified,17,17,,,,,,,,,,296649,0,124743,
032-threads64,True,job,,sustained_cold,,,18,,,,,,,,,,,,,421054
032-threads64,True,job,,sustained_cold,,,17,,,,,,,,,,,,,421580
032-threads64,True,block,,sustained_cold,,,,8,,2,,,,,,,,,,421593
032-threads64,True,progress,,sustained_prepared,,17,,,,,fresh_started,,,,,,,,,0
032-threads64,True,progress,,sustained_prepared,,17,,,,,drivers_started,,,,,,,,,449
032-threads64,True,progress,,sustained_prepared,,17,,,,,prover_commit_started,,,,,,,,,462
032-threads64,True,progress,,sustained_prepared,,17,,,,,verifier_commit_started,,,,,,,,,474
032-threads64,True,progress,,sustained_prepared,,17,,,,,verifier_commit_received,,,,,,,,,503
032-threads64,True,progress,,sustained_prepared,,17,,,,,verifier_accept_returned,,,,,,,,,233065
032-threads64,True,progress,,sustained_prepared,,17,,,,,prover_commit_returned,,,,,,,,,234657
032-threads64,True,phase,,sustained_prepared,prepared,17,,,,,,,,,,,234670,,,
032-threads64,True,progress,,sustained_prepared,,18,,,,,fresh_started,,,,,,,,,0
032-threads64,True,progress,,sustained_prepared,,18,,,,,drivers_started,,,,,,,,,421
032-threads64,True,progress,,sustained_prepared,,18,,,,,prover_commit_started,,,,,,,,,428
032-threads64,True,progress,,sustained_prepared,,18,,,,,verifier_commit_started,,,,,,,,,438
032-threads64,True,progress,,sustained_prepared,,18,,,,,verifier_commit_received,,,,,,,,,447
032-threads64,True,progress,,sustained_prepared,,18,,,,,verifier_accept_returned,,,,,,,,,247402
032-threads64,True,progress,,sustained_prepared,,18,,,,,prover_commit_returned,,,,,,,,,248930
032-threads64,True,phase,,sustained_prepared,prepared,18,,,,,,,,,,,248945,,,
032-threads64,True,phase,,sustained_prepared,verified,17,17,,,,,,,,,,234670,301999,123787,
032-threads64,True,job,,sustained_prepared,,,17,,,,,,,,,,,,,124020
032-threads64,True,phase,,sustained_prepared,verified,18,18,,,,,,,,,,248945,53422,124858,
032-threads64,True,job,,sustained_prepared,,,18,,,,,,,,,,,,,124982
032-threads64,True,block,,sustained_prepared,,,,8,,2,,,,,,,,,,662060
032-threads64,True,progress,,sustained_prepared,,19,,,,,fresh_started,,,,,,,,,0
032-threads64,True,progress,,sustained_prepared,,19,,,,,drivers_started,,,,,,,,,392
032-threads64,True,progress,,sustained_prepared,,19,,,,,prover_commit_started,,,,,,,,,401
032-threads64,True,progress,,sustained_prepared,,19,,,,,verifier_commit_started,,,,,,,,,412
032-threads64,True,progress,,sustained_prepared,,19,,,,,verifier_commit_received,,,,,,,,,443
032-threads64,True,progress,,sustained_prepared,,19,,,,,verifier_accept_returned,,,,,,,,,241953
032-threads64,True,progress,,sustained_prepared,,19,,,,,prover_commit_returned,,,,,,,,,243401
032-threads64,True,phase,,sustained_prepared,prepared,19,,,,,,,,,,,243412,,,
032-threads64,True,progress,,sustained_prepared,,20,,,,,fresh_started,,,,,,,,,0
032-threads64,True,progress,,sustained_prepared,,20,,,,,drivers_started,,,,,,,,,402
032-threads64,True,progress,,sustained_prepared,,20,,,,,prover_commit_started,,,,,,,,,409
032-threads64,True,progress,,sustained_prepared,,20,,,,,verifier_commit_started,,,,,,,,,419
032-threads64,True,progress,,sustained_prepared,,20,,,,,verifier_commit_received,,,,,,,,,459
032-threads64,True,progress,,sustained_prepared,,20,,,,,verifier_accept_returned,,,,,,,,,250301
032-threads64,True,progress,,sustained_prepared,,20,,,,,prover_commit_returned,,,,,,,,,251998
032-threads64,True,phase,,sustained_prepared,prepared,20,,,,,,,,,,,252013,,,
032-threads64,True,phase,,sustained_prepared,verified,19,19,,,,,,,,,,243412,303579,120664,
032-threads64,True,job,,sustained_prepared,,,19,,,,,,,,,,,,,120902
032-threads64,True,phase,,sustained_prepared,verified,20,20,,,,,,,,,,252013,51956,121969,
032-threads64,True,job,,sustained_prepared,,,20,,,,,,,,,,,,,122106
032-threads64,True,block,,sustained_prepared,,,,9,,2,,,,,,,,,,669516
032-threads64,True,progress,,sustained_cold,,19,,,,,fresh_started,,,,,,,,,0
032-threads64,True,progress,,sustained_cold,,19,,,,,drivers_started,,,,,,,,,418
032-threads64,True,progress,,sustained_cold,,19,,,,,prover_commit_started,,,,,,,,,424
032-threads64,True,progress,,sustained_cold,,19,,,,,verifier_commit_started,,,,,,,,,432
032-threads64,True,progress,,sustained_cold,,19,,,,,verifier_commit_received,,,,,,,,,438
032-threads64,True,progress,,sustained_cold,,20,,,,,fresh_started,,,,,,,,,0
032-threads64,True,progress,,sustained_cold,,20,,,,,drivers_started,,,,,,,,,356
032-threads64,True,progress,,sustained_cold,,20,,,,,prover_commit_started,,,,,,,,,360
032-threads64,True,progress,,sustained_cold,,20,,,,,verifier_commit_started,,,,,,,,,365
032-threads64,True,progress,,sustained_cold,,20,,,,,verifier_commit_received,,,,,,,,,1907
032-threads64,True,progress,,sustained_cold,,20,,,,,verifier_accept_returned,,,,,,,,,247910
032-threads64,True,progress,,sustained_cold,,20,,,,,prover_commit_returned,,,,,,,,,254173
032-threads64,True,phase,,sustained_cold,prepared,20,,,,,,,,,,,254201,,,
032-threads64,True,progress,,sustained_cold,,19,,,,,verifier_accept_returned,,,,,,,,,267631
032-threads64,True,progress,,sustained_cold,,19,,,,,prover_commit_returned,,,,,,,,,267668
032-threads64,True,phase,,sustained_cold,prepared,19,,,,,,,,,,,267673,,,
032-threads64,True,phase,,sustained_cold,verified,20,20,,,,,,,,,,254201,0,124827,
032-threads64,True,job,,sustained_cold,,,20,,,,,,,,,,,,,379204
032-threads64,True,phase,,sustained_cold,verified,19,19,,,,,,,,,,267673,0,113831,
032-threads64,True,job,,sustained_cold,,,19,,,,,,,,,,,,,381644
032-threads64,True,block,,sustained_cold,,,,9,,2,,,,,,,,,,381674
032-threads64,True,progress,,sustained_cold,,21,,,,,fresh_started,,,,,,,,,0
032-threads64,True,progress,,sustained_cold,,21,,,,,drivers_started,,,,,,,,,387
032-threads64,True,progress,,sustained_cold,,21,,,,,prover_commit_started,,,,,,,,,393
032-threads64,True,progress,,sustained_cold,,21,,,,,verifier_commit_started,,,,,,,,,400
032-threads64,True,progress,,sustained_cold,,22,,,,,fresh_started,,,,,,,,,0
032-threads64,True,progress,,sustained_cold,,22,,,,,drivers_started,,,,,,,,,308
032-threads64,True,progress,,sustained_cold,,22,,,,,prover_commit_started,,,,,,,,,318
032-threads64,True,progress,,sustained_cold,,22,,,,,verifier_commit_started,,,,,,,,,328
032-threads64,True,progress,,sustained_cold,,21,,,,,verifier_commit_received,,,,,,,,,742
032-threads64,True,progress,,sustained_cold,,22,,,,,verifier_commit_received,,,,,,,,,2721
032-threads64,True,progress,,sustained_cold,,22,,,,,verifier_accept_returned,,,,,,,,,265210
032-threads64,True,progress,,sustained_cold,,22,,,,,prover_commit_returned,,,,,,,,,266696
032-threads64,True,phase,,sustained_cold,prepared,22,,,,,,,,,,,266710,,,
032-threads64,True,progress,,sustained_cold,,21,,,,,verifier_accept_returned,,,,,,,,,267757
032-threads64,True,progress,,sustained_cold,,21,,,,,prover_commit_returned,,,,,,,,,271587
032-threads64,True,phase,,sustained_cold,prepared,21,,,,,,,,,,,271599,,,
032-threads64,True,phase,,sustained_cold,verified,22,22,,,,,,,,,,266710,0,119523,
032-threads64,True,job,,sustained_cold,,,22,,,,,,,,,,,,,386497
032-threads64,True,phase,,sustained_cold,verified,21,21,,,,,,,,,,271599,0,116929,
032-threads64,True,job,,sustained_cold,,,21,,,,,,,,,,,,,388676
032-threads64,True,block,,sustained_cold,,,,10,,2,,,,,,,,,,388697
032-threads64,True,progress,,sustained_prepared,,21,,,,,fresh_started,,,,,,,,,0
032-threads64,True,progress,,sustained_prepared,,21,,,,,drivers_started,,,,,,,,,375
032-threads64,True,progress,,sustained_prepared,,21,,,,,prover_commit_started,,,,,,,,,382
032-threads64,True,progress,,sustained_prepared,,21,,,,,verifier_commit_started,,,,,,,,,389
032-threads64,True,progress,,sustained_prepared,,21,,,,,verifier_commit_received,,,,,,,,,406
032-threads64,True,progress,,sustained_prepared,,21,,,,,verifier_accept_returned,,,,,,,,,238793
032-threads64,True,progress,,sustained_prepared,,21,,,,,prover_commit_returned,,,,,,,,,240766
032-threads64,True,phase,,sustained_prepared,prepared,21,,,,,,,,,,,240787,,,
032-threads64,True,progress,,sustained_prepared,,22,,,,,fresh_started,,,,,,,,,0
032-threads64,True,progress,,sustained_prepared,,22,,,,,drivers_started,,,,,,,,,425
032-threads64,True,progress,,sustained_prepared,,22,,,,,prover_commit_started,,,,,,,,,435
032-threads64,True,progress,,sustained_prepared,,22,,,,,verifier_commit_started,,,,,,,,,443
032-threads64,True,progress,,sustained_prepared,,22,,,,,verifier_commit_received,,,,,,,,,457
032-threads64,True,progress,,sustained_prepared,,22,,,,,verifier_accept_returned,,,,,,,,,242121
032-threads64,True,progress,,sustained_prepared,,22,,,,,prover_commit_returned,,,,,,,,,243888
032-threads64,True,phase,,sustained_prepared,prepared,22,,,,,,,,,,,243904,,,
032-threads64,True,phase,,sustained_prepared,verified,21,21,,,,,,,,,,240787,296837,118415,
032-threads64,True,job,,sustained_prepared,,,21,,,,,,,,,,,,,118531
032-threads64,True,phase,,sustained_prepared,verified,22,22,,,,,,,,,,243904,53309,119509,
032-threads64,True,job,,sustained_prepared,,,22,,,,,,,,,,,,,119858
032-threads64,True,block,,sustained_prepared,,,,10,,2,,,,,,,,,,657897
032-threads64,True,progress,,sustained_prepared,,23,,,,,fresh_started,,,,,,,,,0
032-threads64,True,progress,,sustained_prepared,,23,,,,,drivers_started,,,,,,,,,361
032-threads64,True,progress,,sustained_prepared,,23,,,,,prover_commit_started,,,,,,,,,367
032-threads64,True,progress,,sustained_prepared,,23,,,,,verifier_commit_started,,,,,,,,,375
032-threads64,True,progress,,sustained_prepared,,23,,,,,verifier_commit_received,,,,,,,,,397
032-threads64,True,progress,,sustained_prepared,,23,,,,,verifier_accept_returned,,,,,,,,,239306
032-threads64,True,progress,,sustained_prepared,,23,,,,,prover_commit_returned,,,,,,,,,240872
032-threads64,True,phase,,sustained_prepared,prepared,23,,,,,,,,,,,240898,,,
032-threads64,True,progress,,sustained_prepared,,24,,,,,fresh_started,,,,,,,,,0
032-threads64,True,progress,,sustained_prepared,,24,,,,,drivers_started,,,,,,,,,396
032-threads64,True,progress,,sustained_prepared,,24,,,,,prover_commit_started,,,,,,,,,404
032-threads64,True,progress,,sustained_prepared,,24,,,,,verifier_commit_started,,,,,,,,,414
032-threads64,True,progress,,sustained_prepared,,24,,,,,verifier_commit_received,,,,,,,,,441
032-threads64,True,progress,,sustained_prepared,,24,,,,,verifier_accept_returned,,,,,,,,,228220
032-threads64,True,progress,,sustained_prepared,,24,,,,,prover_commit_returned,,,,,,,,,230156
032-threads64,True,phase,,sustained_prepared,prepared,24,,,,,,,,,,,230178,,,
032-threads64,True,phase,,sustained_prepared,verified,23,23,,,,,,,,,,240898,283243,128838,
032-threads64,True,job,,sustained_prepared,,,23,,,,,,,,,,,,,129072
032-threads64,True,phase,,sustained_prepared,verified,24,24,,,,,,,,,,230178,53428,130245,
032-threads64,True,job,,sustained_prepared,,,24,,,,,,,,,,,,,130691
032-threads64,True,block,,sustained_prepared,,,,11,,2,,,,,,,,,,655235
032-threads64,True,progress,,sustained_cold,,23,,,,,fresh_started,,,,,,,,,0
032-threads64,True,progress,,sustained_cold,,23,,,,,drivers_started,,,,,,,,,363
032-threads64,True,progress,,sustained_cold,,23,,,,,prover_commit_started,,,,,,,,,373
032-threads64,True,progress,,sustained_cold,,23,,,,,verifier_commit_started,,,,,,,,,384
032-threads64,True,progress,,sustained_cold,,24,,,,,fresh_started,,,,,,,,,0
032-threads64,True,progress,,sustained_cold,,24,,,,,drivers_started,,,,,,,,,292
032-threads64,True,progress,,sustained_cold,,24,,,,,prover_commit_started,,,,,,,,,297
032-threads64,True,progress,,sustained_cold,,24,,,,,verifier_commit_started,,,,,,,,,301
032-threads64,True,progress,,sustained_cold,,24,,,,,verifier_commit_received,,,,,,,,,308
032-threads64,True,progress,,sustained_cold,,23,,,,,verifier_commit_received,,,,,,,,,3151
032-threads64,True,progress,,sustained_cold,,24,,,,,verifier_accept_returned,,,,,,,,,272479
032-threads64,True,progress,,sustained_cold,,24,,,,,prover_commit_returned,,,,,,,,,274185
032-threads64,True,phase,,sustained_cold,prepared,24,,,,,,,,,,,274206,,,
032-threads64,True,progress,,sustained_cold,,23,,,,,verifier_accept_returned,,,,,,,,,274991
032-threads64,True,progress,,sustained_cold,,23,,,,,prover_commit_returned,,,,,,,,,279042
032-threads64,True,phase,,sustained_cold,prepared,23,,,,,,,,,,,279058,,,
032-threads64,True,phase,,sustained_cold,verified,24,24,,,,,,,,,,274206,0,122719,
032-threads64,True,job,,sustained_cold,,,24,,,,,,,,,,,,,397060
032-threads64,True,phase,,sustained_cold,verified,23,23,,,,,,,,,,279058,0,119807,
032-threads64,True,job,,sustained_cold,,,23,,,,,,,,,,,,,399188
032-threads64,True,block,,sustained_cold,,,,11,,2,,,,,,,,,,399211
032-threads64,True,progress,,sustained_cold,,25,,,,,fresh_started,,,,,,,,,0
032-threads64,True,progress,,sustained_cold,,25,,,,,drivers_started,,,,,,,,,433
032-threads64,True,progress,,sustained_cold,,25,,,,,prover_commit_started,,,,,,,,,441
032-threads64,True,progress,,sustained_cold,,25,,,,,verifier_commit_started,,,,,,,,,448
032-threads64,True,progress,,sustained_cold,,26,,,,,fresh_started,,,,,,,,,0
032-threads64,True,progress,,sustained_cold,,26,,,,,drivers_started,,,,,,,,,298
032-threads64,True,progress,,sustained_cold,,26,,,,,prover_commit_started,,,,,,,,,302
032-threads64,True,progress,,sustained_cold,,26,,,,,verifier_commit_started,,,,,,,,,307
032-threads64,True,progress,,sustained_cold,,26,,,,,verifier_commit_received,,,,,,,,,313
032-threads64,True,progress,,sustained_cold,,25,,,,,verifier_commit_received,,,,,,,,,3112
032-threads64,True,progress,,sustained_cold,,26,,,,,verifier_accept_returned,,,,,,,,,279665
032-threads64,True,progress,,sustained_cold,,26,,,,,prover_commit_returned,,,,,,,,,280603
032-threads64,True,phase,,sustained_cold,prepared,26,,,,,,,,,,,280633,,,
032-threads64,True,progress,,sustained_cold,,25,,,,,verifier_accept_returned,,,,,,,,,281517
032-threads64,True,progress,,sustained_cold,,25,,,,,prover_commit_returned,,,,,,,,,285637
032-threads64,True,phase,,sustained_cold,prepared,25,,,,,,,,,,,285655,,,
032-threads64,True,phase,,sustained_cold,verified,26,26,,,,,,,,,,280633,0,117447,
032-threads64,True,job,,sustained_cold,,,26,,,,,,,,,,,,,398230
032-threads64,True,phase,,sustained_cold,verified,25,25,,,,,,,,,,285655,0,114474,
032-threads64,True,job,,sustained_cold,,,25,,,,,,,,,,,,,400312
032-threads64,True,block,,sustained_cold,,,,12,,2,,,,,,,,,,400328
032-threads64,True,progress,,sustained_prepared,,25,,,,,fresh_started,,,,,,,,,0
032-threads64,True,progress,,sustained_prepared,,25,,,,,drivers_started,,,,,,,,,388
032-threads64,True,progress,,sustained_prepared,,25,,,,,prover_commit_started,,,,,,,,,393
032-threads64,True,progress,,sustained_prepared,,25,,,,,verifier_commit_started,,,,,,,,,400
032-threads64,True,progress,,sustained_prepared,,25,,,,,verifier_commit_received,,,,,,,,,407
032-threads64,True,progress,,sustained_prepared,,25,,,,,verifier_accept_returned,,,,,,,,,235278
032-threads64,True,progress,,sustained_prepared,,25,,,,,prover_commit_returned,,,,,,,,,236914
032-threads64,True,phase,,sustained_prepared,prepared,25,,,,,,,,,,,236929,,,
032-threads64,True,progress,,sustained_prepared,,26,,,,,fresh_started,,,,,,,,,0
032-threads64,True,progress,,sustained_prepared,,26,,,,,drivers_started,,,,,,,,,434
032-threads64,True,progress,,sustained_prepared,,26,,,,,prover_commit_started,,,,,,,,,441
032-threads64,True,progress,,sustained_prepared,,26,,,,,verifier_commit_started,,,,,,,,,449
032-threads64,True,progress,,sustained_prepared,,26,,,,,verifier_commit_received,,,,,,,,,458
032-threads64,True,progress,,sustained_prepared,,26,,,,,verifier_accept_returned,,,,,,,,,237837
032-threads64,True,progress,,sustained_prepared,,26,,,,,prover_commit_returned,,,,,,,,,238904
032-threads64,True,phase,,sustained_prepared,prepared,26,,,,,,,,,,,238916,,,
032-threads64,True,phase,,sustained_prepared,verified,25,25,,,,,,,,,,236929,291964,121639,
032-threads64,True,job,,sustained_prepared,,,25,,,,,,,,,,,,,121827
032-threads64,True,phase,,sustained_prepared,verified,26,26,,,,,,,,,,238916,53420,124591,
032-threads64,True,job,,sustained_prepared,,,26,,,,,,,,,,,,,125036
032-threads64,True,block,,sustained_prepared,,,,12,,2,,,,,,,,,,654324
032-threads64,True,progress,,sustained_prepared,,27,,,,,fresh_started,,,,,,,,,0
032-threads64,True,progress,,sustained_prepared,,27,,,,,drivers_started,,,,,,,,,327
032-threads64,True,progress,,sustained_prepared,,27,,,,,prover_commit_started,,,,,,,,,334
032-threads64,True,progress,,sustained_prepared,,27,,,,,verifier_commit_started,,,,,,,,,341
032-threads64,True,progress,,sustained_prepared,,27,,,,,verifier_commit_received,,,,,,,,,348
032-threads64,True,progress,,sustained_prepared,,27,,,,,verifier_accept_returned,,,,,,,,,242315
032-threads64,True,progress,,sustained_prepared,,27,,,,,prover_commit_returned,,,,,,,,,243914
032-threads64,True,phase,,sustained_prepared,prepared,27,,,,,,,,,,,243928,,,
032-threads64,True,progress,,sustained_prepared,,28,,,,,fresh_started,,,,,,,,,0
032-threads64,True,progress,,sustained_prepared,,28,,,,,drivers_started,,,,,,,,,423
032-threads64,True,progress,,sustained_prepared,,28,,,,,prover_commit_started,,,,,,,,,429
032-threads64,True,progress,,sustained_prepared,,28,,,,,verifier_commit_started,,,,,,,,,436
032-threads64,True,progress,,sustained_prepared,,28,,,,,verifier_commit_received,,,,,,,,,442
032-threads64,True,progress,,sustained_prepared,,28,,,,,verifier_accept_returned,,,,,,,,,232573
032-threads64,True,progress,,sustained_prepared,,28,,,,,prover_commit_returned,,,,,,,,,234632
032-threads64,True,phase,,sustained_prepared,prepared,28,,,,,,,,,,,234649,,,
032-threads64,True,phase,,sustained_prepared,verified,28,28,,,,,,,,,,234649,54207,120657,
032-threads64,True,job,,sustained_prepared,,,28,,,,,,,,,,,,,120798
032-threads64,True,phase,,sustained_prepared,verified,27,27,,,,,,,,,,243928,288477,122695,
032-threads64,True,job,,sustained_prepared,,,27,,,,,,,,,,,,,122825
032-threads64,True,block,,sustained_prepared,,,,13,,2,,,,,,,,,,655267
032-threads64,True,progress,,sustained_cold,,27,,,,,fresh_started,,,,,,,,,0
032-threads64,True,progress,,sustained_cold,,27,,,,,drivers_started,,,,,,,,,387
032-threads64,True,progress,,sustained_cold,,27,,,,,prover_commit_started,,,,,,,,,396
032-threads64,True,progress,,sustained_cold,,27,,,,,verifier_commit_started,,,,,,,,,406
032-threads64,True,progress,,sustained_cold,,28,,,,,fresh_started,,,,,,,,,0
032-threads64,True,progress,,sustained_cold,,28,,,,,drivers_started,,,,,,,,,288
032-threads64,True,progress,,sustained_cold,,28,,,,,prover_commit_started,,,,,,,,,293
032-threads64,True,progress,,sustained_cold,,28,,,,,verifier_commit_started,,,,,,,,,302
032-threads64,True,progress,,sustained_cold,,27,,,,,verifier_commit_received,,,,,,,,,720
032-threads64,True,progress,,sustained_cold,,28,,,,,verifier_commit_received,,,,,,,,,2960
032-threads64,True,progress,,sustained_cold,,27,,,,,verifier_accept_returned,,,,,,,,,253937
032-threads64,True,progress,,sustained_cold,,27,,,,,prover_commit_returned,,,,,,,,,255096
032-threads64,True,phase,,sustained_cold,prepared,27,,,,,,,,,,,255113,,,
032-threads64,True,progress,,sustained_cold,,28,,,,,prover_commit_returned,,,,,,,,,284675
032-threads64,True,progress,,sustained_cold,,28,,,,,verifier_accept_returned,,,,,,,,,284724
032-threads64,True,phase,,sustained_cold,prepared,28,,,,,,,,,,,284728,,,
032-threads64,True,phase,,sustained_cold,verified,27,27,,,,,,,,,,255113,0,139098,
032-threads64,True,job,,sustained_cold,,,27,,,,,,,,,,,,,394386
032-threads64,True,phase,,sustained_cold,verified,28,28,,,,,,,,,,284728,0,112624,
032-threads64,True,job,,sustained_cold,,,28,,,,,,,,,,,,,397500
032-threads64,True,block,,sustained_cold,,,,13,,2,,,,,,,,,,397932
032-threads64,True,progress,,sustained_cold,,29,,,,,fresh_started,,,,,,,,,0
032-threads64,True,progress,,sustained_cold,,29,,,,,drivers_started,,,,,,,,,369
032-threads64,True,progress,,sustained_cold,,29,,,,,prover_commit_started,,,,,,,,,375
032-threads64,True,progress,,sustained_cold,,29,,,,,verifier_commit_started,,,,,,,,,383
032-threads64,True,progress,,sustained_cold,,30,,,,,fresh_started,,,,,,,,,0
032-threads64,True,progress,,sustained_cold,,30,,,,,drivers_started,,,,,,,,,323
032-threads64,True,progress,,sustained_cold,,30,,,,,prover_commit_started,,,,,,,,,329
032-threads64,True,progress,,sustained_cold,,30,,,,,verifier_commit_started,,,,,,,,,335
032-threads64,True,progress,,sustained_cold,,30,,,,,verifier_commit_received,,,,,,,,,346
032-threads64,True,progress,,sustained_cold,,29,,,,,verifier_commit_received,,,,,,,,,3243
032-threads64,True,progress,,sustained_cold,,30,,,,,verifier_accept_returned,,,,,,,,,260212
032-threads64,True,progress,,sustained_cold,,30,,,,,prover_commit_returned,,,,,,,,,263673
032-threads64,True,phase,,sustained_cold,prepared,30,,,,,,,,,,,263702,,,
032-threads64,True,progress,,sustained_cold,,29,,,,,verifier_accept_returned,,,,,,,,,277697
032-threads64,True,progress,,sustained_cold,,29,,,,,prover_commit_returned,,,,,,,,,277733
032-threads64,True,phase,,sustained_cold,prepared,29,,,,,,,,,,,277738,,,
032-threads64,True,phase,,sustained_cold,verified,30,30,,,,,,,,,,263702,0,113918,
032-threads64,True,job,,sustained_cold,,,30,,,,,,,,,,,,,377920
032-threads64,True,phase,,sustained_cold,verified,29,29,,,,,,,,,,277738,0,109743,
032-threads64,True,job,,sustained_cold,,,29,,,,,,,,,,,,,387677
032-threads64,True,block,,sustained_cold,,,,14,,2,,,,,,,,,,387694
032-threads64,True,progress,,sustained_prepared,,29,,,,,fresh_started,,,,,,,,,0
032-threads64,True,progress,,sustained_prepared,,29,,,,,drivers_started,,,,,,,,,396
032-threads64,True,progress,,sustained_prepared,,29,,,,,prover_commit_started,,,,,,,,,402
032-threads64,True,progress,,sustained_prepared,,29,,,,,verifier_commit_started,,,,,,,,,409
032-threads64,True,progress,,sustained_prepared,,29,,,,,verifier_commit_received,,,,,,,,,416
032-threads64,True,progress,,sustained_prepared,,29,,,,,verifier_accept_returned,,,,,,,,,228172
032-threads64,True,progress,,sustained_prepared,,29,,,,,prover_commit_returned,,,,,,,,,229906
032-threads64,True,phase,,sustained_prepared,prepared,29,,,,,,,,,,,229932,,,
032-threads64,True,progress,,sustained_prepared,,30,,,,,fresh_started,,,,,,,,,0
032-threads64,True,progress,,sustained_prepared,,30,,,,,drivers_started,,,,,,,,,411
032-threads64,True,progress,,sustained_prepared,,30,,,,,prover_commit_started,,,,,,,,,420
032-threads64,True,progress,,sustained_prepared,,30,,,,,verifier_commit_started,,,,,,,,,430
032-threads64,True,progress,,sustained_prepared,,30,,,,,verifier_commit_received,,,,,,,,,453
032-threads64,True,progress,,sustained_prepared,,30,,,,,verifier_accept_returned,,,,,,,,,221850
032-threads64,True,progress,,sustained_prepared,,30,,,,,prover_commit_returned,,,,,,,,,223244
032-threads64,True,phase,,sustained_prepared,prepared,30,,,,,,,,,,,223268,,,
032-threads64,True,phase,,sustained_prepared,verified,29,29,,,,,,,,,,229932,276321,119857,
032-threads64,True,job,,sustained_prepared,,,29,,,,,,,,,,,,,120093
032-threads64,True,phase,,sustained_prepared,verified,30,30,,,,,,,,,,223268,53576,121093,
032-threads64,True,job,,sustained_prepared,,,30,,,,,,,,,,,,,121259
032-threads64,True,block,,sustained_prepared,,,,14,,2,,,,,,,,,,628061
032-threads64,True,campaign,serial,,,,,,,60,,,,,,,,,,15717380
033-threads64,True,progress,,bounded_burst,,1,,,,,fresh_started,,,,,,,,,0
033-threads64,True,progress,,bounded_burst,,1,,,,,drivers_started,,,,,,,,,329
033-threads64,True,progress,,bounded_burst,,1,,,,,prover_commit_started,,,,,,,,,341
033-threads64,True,progress,,bounded_burst,,1,,,,,verifier_commit_started,,,,,,,,,371
033-threads64,True,progress,,bounded_burst,,1,,,,,verifier_commit_received,,,,,,,,,395
033-threads64,True,progress,,bounded_burst,,1,,,,,verifier_accept_returned,,,,,,,,,257461
033-threads64,True,progress,,bounded_burst,,1,,,,,prover_commit_returned,,,,,,,,,258971
033-threads64,True,phase,,bounded_burst,prepared,1,,,,,,,,,,,258983,,,
033-threads64,True,progress,,bounded_burst,,2,,,,,fresh_started,,,,,,,,,0
033-threads64,True,progress,,bounded_burst,,2,,,,,drivers_started,,,,,,,,,394
033-threads64,True,progress,,bounded_burst,,2,,,,,prover_commit_started,,,,,,,,,400
033-threads64,True,progress,,bounded_burst,,2,,,,,verifier_commit_started,,,,,,,,,408
033-threads64,True,progress,,bounded_burst,,2,,,,,verifier_commit_received,,,,,,,,,438
033-threads64,True,progress,,bounded_burst,,2,,,,,verifier_accept_returned,,,,,,,,,240399
033-threads64,True,progress,,bounded_burst,,2,,,,,prover_commit_returned,,,,,,,,,242008
033-threads64,True,phase,,bounded_burst,prepared,2,,,,,,,,,,,242027,,,
033-threads64,True,phase,,bounded_burst,verified,1,101,,,,,,,,,,258983,295216,174638,
033-threads64,True,phase,,bounded_burst,verified,2,102,,,,,,,,,,242027,53297,178157,
033-threads64,True,progress,,bounded_burst,,3,,,,,fresh_started,,,,,,,,,0
033-threads64,True,progress,,bounded_burst,,3,,,,,drivers_started,,,,,,,,,436
033-threads64,True,progress,,bounded_burst,,3,,,,,prover_commit_started,,,,,,,,,444
033-threads64,True,progress,,bounded_burst,,3,,,,,verifier_commit_started,,,,,,,,,453
033-threads64,True,progress,,bounded_burst,,3,,,,,verifier_commit_received,,,,,,,,,472
033-threads64,True,progress,,bounded_burst,,3,,,,,verifier_accept_returned,,,,,,,,,241064
033-threads64,True,progress,,bounded_burst,,3,,,,,prover_commit_returned,,,,,,,,,243170
033-threads64,True,phase,,bounded_burst,prepared,3,,,,,,,,,,,243184,,,
033-threads64,True,progress,,bounded_burst,,4,,,,,fresh_started,,,,,,,,,0
033-threads64,True,progress,,bounded_burst,,4,,,,,drivers_started,,,,,,,,,396
033-threads64,True,progress,,bounded_burst,,4,,,,,prover_commit_started,,,,,,,,,401
033-threads64,True,progress,,bounded_burst,,4,,,,,verifier_commit_started,,,,,,,,,408
033-threads64,True,progress,,bounded_burst,,4,,,,,verifier_commit_received,,,,,,,,,417
033-threads64,True,progress,,bounded_burst,,4,,,,,verifier_accept_returned,,,,,,,,,236896
033-threads64,True,progress,,bounded_burst,,4,,,,,prover_commit_returned,,,,,,,,,238431
033-threads64,True,phase,,bounded_burst,prepared,4,,,,,,,,,,,238447,,,
033-threads64,True,progress,,pending_cancel,,1,,,,,fresh_started,,,,,,,,,0
033-threads64,True,progress,,pending_cancel,,1,,,,,drivers_started,,,,,,,,,431
033-threads64,True,progress,,pending_cancel,,1,,,,,prover_commit_started,,,,,,,,,442
033-threads64,True,progress,,pending_cancel,,1,,,,,verifier_commit_started,,,,,,,,,453
033-threads64,True,progress,,pending_cancel,,1,,,,,verifier_commit_received,,,,,,,,,471
033-threads64,True,progress,,pending_cancel,,2,,,,,fresh_started,,,,,,,,,0
033-threads64,True,progress,,pending_cancel,,2,,,,,drivers_started,,,,,,,,,363
033-threads64,True,progress,,pending_cancel,,2,,,,,prover_commit_started,,,,,,,,,369
033-threads64,True,progress,,pending_cancel,,2,,,,,verifier_commit_started,,,,,,,,,377
033-threads64,True,progress,,pending_cancel,,2,,,,,verifier_commit_received,,,,,,,,,395
033-threads64,True,progress,,pending_cancel,,2,,,,,verifier_accept_returned,,,,,,,,,217891
033-threads64,True,progress,,pending_cancel,,2,,,,,prover_commit_returned,,,,,,,,,219307
033-threads64,True,phase,,pending_cancel,prepared,2,,,,,,,,,,,219320,,,
033-threads64,True,phase,,pending_cancel,verified,2,301,,,,,,,,,,219320,6,73771,
033-threads64,True,progress,,expiry_cancel,,1,,,,,fresh_started,,,,,,,,,0
033-threads64,True,progress,,expiry_cancel,,1,,,,,drivers_started,,,,,,,,,327
033-threads64,True,progress,,expiry_cancel,,1,,,,,prover_commit_started,,,,,,,,,333
033-threads64,True,progress,,expiry_cancel,,1,,,,,verifier_commit_started,,,,,,,,,340
033-threads64,True,progress,,expiry_cancel,,1,,,,,verifier_commit_received,,,,,,,,,367
033-threads64,True,progress,,expiry_cancel,,1,,,,,verifier_accept_returned,,,,,,,,,239963
033-threads64,True,progress,,expiry_cancel,,1,,,,,prover_commit_returned,,,,,,,,,241777
033-threads64,True,phase,,expiry_cancel,prepared,1,,,,,,,,,,,241802,,,
033-threads64,True,progress,,expiry_cancel,,2,,,,,fresh_started,,,,,,,,,0
033-threads64,True,progress,,expiry_cancel,,2,,,,,drivers_started,,,,,,,,,425
033-threads64,True,progress,,expiry_cancel,,2,,,,,prover_commit_started,,,,,,,,,432
033-threads64,True,progress,,expiry_cancel,,2,,,,,verifier_commit_started,,,,,,,,,442
033-threads64,True,progress,,expiry_cancel,,2,,,,,verifier_commit_received,,,,,,,,,465
033-threads64,True,progress,,expiry_cancel,,2,,,,,verifier_accept_returned,,,,,,,,,240908
033-threads64,True,progress,,expiry_cancel,,2,,,,,prover_commit_returned,,,,,,,,,242722
033-threads64,True,phase,,expiry_cancel,prepared,2,,,,,,,,,,,242732,,,
033-threads64,True,progress,,expiry_cancel,,3,,,,,fresh_started,,,,,,,,,0
033-threads64,True,progress,,expiry_cancel,,3,,,,,drivers_started,,,,,,,,,406
033-threads64,True,progress,,expiry_cancel,,3,,,,,prover_commit_started,,,,,,,,,415
033-threads64,True,progress,,expiry_cancel,,3,,,,,verifier_commit_started,,,,,,,,,425
033-threads64,True,progress,,expiry_cancel,,3,,,,,verifier_commit_received,,,,,,,,,445
033-threads64,True,progress,,expiry_cancel,,3,,,,,verifier_accept_returned,,,,,,,,,230481
033-threads64,True,progress,,expiry_cancel,,3,,,,,prover_commit_returned,,,,,,,,,232268
033-threads64,True,phase,,expiry_cancel,prepared,3,,,,,,,,,,,232283,,,
033-threads64,True,progress,,expiry_cancel,,4,,,,,fresh_started,,,,,,,,,0
033-threads64,True,progress,,expiry_cancel,,4,,,,,drivers_started,,,,,,,,,485
033-threads64,True,progress,,expiry_cancel,,4,,,,,prover_commit_started,,,,,,,,,501
033-threads64,True,progress,,expiry_cancel,,4,,,,,verifier_commit_started,,,,,,,,,515
033-threads64,True,progress,,expiry_cancel,,4,,,,,verifier_commit_received,,,,,,,,,535
033-threads64,True,progress,,expiry_cancel,,4,,,,,verifier_accept_returned,,,,,,,,,237355
033-threads64,True,progress,,expiry_cancel,,4,,,,,prover_commit_returned,,,,,,,,,238841
033-threads64,True,phase,,expiry_cancel,prepared,4,,,,,,,,,,,238854,,,
033-threads64,True,progress,,expiry_cancel,,5,,,,,fresh_started,,,,,,,,,0
033-threads64,True,progress,,expiry_cancel,,5,,,,,drivers_started,,,,,,,,,400
033-threads64,True,progress,,expiry_cancel,,5,,,,,prover_commit_started,,,,,,,,,450
033-threads64,True,progress,,expiry_cancel,,5,,,,,verifier_commit_started,,,,,,,,,466
033-threads64,True,progress,,expiry_cancel,,5,,,,,verifier_commit_received,,,,,,,,,487
033-threads64,True,progress,,expiry_cancel,,5,,,,,verifier_accept_returned,,,,,,,,,227832
033-threads64,True,progress,,expiry_cancel,,5,,,,,prover_commit_returned,,,,,,,,,229091
033-threads64,True,phase,,expiry_cancel,prepared,5,,,,,,,,,,,229116,,,
033-threads64,True,phase,,expiry_cancel,verified,5,201,,,,,,,,,,229116,1,71600,
033-threads64,True,progress,,parallel_cold,,1,,,,,fresh_started,,,,,,,,,0
033-threads64,True,progress,,parallel_cold,,1,,,,,drivers_started,,,,,,,,,356
033-threads64,True,progress,,parallel_cold,,1,,,,,prover_commit_started,,,,,,,,,362
033-threads64,True,progress,,parallel_cold,,1,,,,,verifier_commit_started,,,,,,,,,373
033-threads64,True,progress,,parallel_cold,,2,,,,,fresh_started,,,,,,,,,0
033-threads64,True,progress,,parallel_cold,,2,,,,,drivers_started,,,,,,,,,350
033-threads64,True,progress,,parallel_cold,,2,,,,,prover_commit_started,,,,,,,,,356
033-threads64,True,progress,,parallel_cold,,2,,,,,verifier_commit_started,,,,,,,,,374
033-threads64,True,progress,,parallel_cold,,1,,,,,verifier_commit_received,,,,,,,,,762
033-threads64,True,progress,,parallel_cold,,2,,,,,verifier_commit_received,,,,,,,,,2931
033-threads64,True,progress,,parallel_cold,,1,,,,,verifier_accept_returned,,,,,,,,,255585
033-threads64,True,progress,,parallel_cold,,2,,,,,verifier_accept_returned,,,,,,,,,255381
033-threads64,True,progress,,parallel_cold,,2,,,,,prover_commit_returned,,,,,,,,,256173
033-threads64,True,phase,,parallel_cold,prepared,2,,,,,,,,,,,256198,,,
033-threads64,True,progress,,parallel_cold,,1,,,,,prover_commit_returned,,,,,,,,,256962
033-threads64,True,phase,,parallel_cold,prepared,1,,,,,,,,,,,256969,,,
033-threads64,True,phase,,parallel_cold,verified,2,2,,,,,,,,,,256198,11,118153,
033-threads64,True,job,,parallel_cold,,,2,,,,,,,,,,,,,374501
033-threads64,True,phase,,parallel_cold,verified,1,1,,,,,,,,,,256969,0,119500,
033-threads64,True,job,,parallel_cold,,,1,,,,,,,,,,,,,376639
033-threads64,True,block,,parallel_cold,,,,0,,2,,,,,,,,,,376658
033-threads64,True,progress,,parallel_prepared,,1,,,,,fresh_started,,,,,,,,,0
033-threads64,True,progress,,parallel_prepared,,1,,,,,drivers_started,,,,,,,,,398
033-threads64,True,progress,,parallel_prepared,,1,,,,,prover_commit_started,,,,,,,,,404
033-threads64,True,progress,,parallel_prepared,,1,,,,,verifier_commit_started,,,,,,,,,410
033-threads64,True,progress,,parallel_prepared,,2,,,,,fresh_started,,,,,,,,,0
033-threads64,True,progress,,parallel_prepared,,2,,,,,drivers_started,,,,,,,,,311
033-threads64,True,progress,,parallel_prepared,,2,,,,,prover_commit_started,,,,,,,,,315
033-threads64,True,progress,,parallel_prepared,,2,,,,,verifier_commit_started,,,,,,,,,319
033-threads64,True,progress,,parallel_prepared,,1,,,,,verifier_commit_received,,,,,,,,,740
033-threads64,True,progress,,parallel_prepared,,2,,,,,verifier_commit_received,,,,,,,,,2719
033-threads64,True,progress,,parallel_prepared,,2,,,,,verifier_accept_returned,,,,,,,,,272489
033-threads64,True,progress,,parallel_prepared,,1,,,,,verifier_accept_returned,,,,,,,,,273029
033-threads64,True,progress,,parallel_prepared,,1,,,,,prover_commit_returned,,,,,,,,,274048
033-threads64,True,phase,,parallel_prepared,prepared,1,,,,,,,,,,,274077,,,
033-threads64,True,progress,,parallel_prepared,,2,,,,,prover_commit_returned,,,,,,,,,274094
033-threads64,True,phase,,parallel_prepared,prepared,2,,,,,,,,,,,274109,,,
033-threads64,True,phase,,parallel_prepared,verified,1,1,,,,,,,,,,274077,51727,118685,
033-threads64,True,job,,parallel_prepared,,,1,,,,,,,,,,,,,120521
033-threads64,True,phase,,parallel_prepared,verified,2,2,,,,,,,,,,274109,52009,121340,
033-threads64,True,job,,parallel_prepared,,,2,,,,,,,,,,,,,121469
033-threads64,True,block,,parallel_prepared,,,,0,,2,,,,,,,,,,448037
033-threads64,True,progress,,parallel_prepared,,3,,,,,fresh_started,,,,,,,,,0
033-threads64,True,progress,,parallel_prepared,,3,,,,,drivers_started,,,,,,,,,383
033-threads64,True,progress,,parallel_prepared,,3,,,,,prover_commit_started,,,,,,,,,389
033-threads64,True,progress,,parallel_prepared,,3,,,,,verifier_commit_started,,,,,,,,,397
033-threads64,True,progress,,parallel_prepared,,4,,,,,fresh_started,,,,,,,,,0
033-threads64,True,progress,,parallel_prepared,,4,,,,,drivers_started,,,,,,,,,378
033-threads64,True,progress,,parallel_prepared,,4,,,,,prover_commit_started,,,,,,,,,395
033-threads64,True,progress,,parallel_prepared,,4,,,,,verifier_commit_started,,,,,,,,,402
033-threads64,True,progress,,parallel_prepared,,3,,,,,verifier_commit_received,,,,,,,,,817
033-threads64,True,progress,,parallel_prepared,,4,,,,,verifier_commit_received,,,,,,,,,2972
033-threads64,True,progress,,parallel_prepared,,3,,,,,verifier_accept_returned,,,,,,,,,267642
033-threads64,True,progress,,parallel_prepared,,3,,,,,prover_commit_returned,,,,,,,,,268545
033-threads64,True,phase,,parallel_prepared,prepared,3,,,,,,,,,,,268571,,,
033-threads64,True,progress,,parallel_prepared,,4,,,,,verifier_accept_returned,,,,,,,,,268584
033-threads64,True,progress,,parallel_prepared,,4,,,,,prover_commit_returned,,,,,,,,,269940
033-threads64,True,phase,,parallel_prepared,prepared,4,,,,,,,,,,,269948,,,
033-threads64,True,phase,,parallel_prepared,verified,3,3,,,,,,,,,,268571,54826,120375,
033-threads64,True,job,,parallel_prepared,,,3,,,,,,,,,,,,,120656
033-threads64,True,phase,,parallel_prepared,verified,4,4,,,,,,,,,,269948,53424,121654,
033-threads64,True,job,,parallel_prepared,,,4,,,,,,,,,,,,,121823
033-threads64,True,block,,parallel_prepared,,,,1,,2,,,,,,,,,,445640
033-threads64,True,progress,,parallel_cold,,3,,,,,fresh_started,,,,,,,,,0
033-threads64,True,progress,,parallel_cold,,3,,,,,drivers_started,,,,,,,,,378
033-threads64,True,progress,,parallel_cold,,3,,,,,prover_commit_started,,,,,,,,,382
033-threads64,True,progress,,parallel_cold,,3,,,,,verifier_commit_started,,,,,,,,,388
033-threads64,True,progress,,parallel_cold,,4,,,,,fresh_started,,,,,,,,,0
033-threads64,True,progress,,parallel_cold,,4,,,,,drivers_started,,,,,,,,,356
033-threads64,True,progress,,parallel_cold,,4,,,,,prover_commit_started,,,,,,,,,365
033-threads64,True,progress,,parallel_cold,,4,,,,,verifier_commit_started,,,,,,,,,370
033-threads64,True,progress,,parallel_cold,,4,,,,,verifier_commit_received,,,,,,,,,375
033-threads64,True,progress,,parallel_cold,,3,,,,,verifier_commit_received,,,,,,,,,3133
033-threads64,True,progress,,parallel_cold,,3,,,,,verifier_accept_returned,,,,,,,,,270492
033-threads64,True,progress,,parallel_cold,,3,,,,,prover_commit_returned,,,,,,,,,271620
033-threads64,True,phase,,parallel_cold,prepared,3,,,,,,,,,,,271633,,,
033-threads64,True,progress,,parallel_cold,,4,,,,,prover_commit_returned,,,,,,,,,278379
033-threads64,True,progress,,parallel_cold,,4,,,,,verifier_accept_returned,,,,,,,,,278408
033-threads64,True,phase,,parallel_cold,prepared,4,,,,,,,,,,,278413,,,
033-threads64,True,phase,,parallel_cold,verified,3,3,,,,,,,,,,271633,0,113320,
033-threads64,True,job,,parallel_cold,,,3,,,,,,,,,,,,,385290
033-threads64,True,phase,,parallel_cold,verified,4,4,,,,,,,,,,278413,0,115473,
033-threads64,True,job,,parallel_cold,,,4,,,,,,,,,,,,,394042
033-threads64,True,block,,parallel_cold,,,,1,,2,,,,,,,,,,394456
033-threads64,True,progress,,parallel_cold,,5,,,,,fresh_started,,,,,,,,,0
033-threads64,True,progress,,parallel_cold,,5,,,,,drivers_started,,,,,,,,,402
033-threads64,True,progress,,parallel_cold,,5,,,,,prover_commit_started,,,,,,,,,409
033-threads64,True,progress,,parallel_cold,,5,,,,,verifier_commit_started,,,,,,,,,416
033-threads64,True,progress,,parallel_cold,,5,,,,,verifier_commit_received,,,,,,,,,422
033-threads64,True,progress,,parallel_cold,,6,,,,,fresh_started,,,,,,,,,0
033-threads64,True,progress,,parallel_cold,,6,,,,,drivers_started,,,,,,,,,350
033-threads64,True,progress,,parallel_cold,,6,,,,,prover_commit_started,,,,,,,,,354
033-threads64,True,progress,,parallel_cold,,6,,,,,verifier_commit_started,,,,,,,,,360
033-threads64,True,progress,,parallel_cold,,6,,,,,verifier_commit_received,,,,,,,,,364
033-threads64,True,progress,,parallel_cold,,5,,,,,verifier_accept_returned,,,,,,,,,266174
033-threads64,True,progress,,parallel_cold,,5,,,,,prover_commit_returned,,,,,,,,,266924
033-threads64,True,phase,,parallel_cold,prepared,5,,,,,,,,,,,266949,,,
033-threads64,True,progress,,parallel_cold,,6,,,,,verifier_accept_returned,,,,,,,,,275594
033-threads64,True,progress,,parallel_cold,,6,,,,,prover_commit_returned,,,,,,,,,280494
033-threads64,True,phase,,parallel_cold,prepared,6,,,,,,,,,,,280516,,,
033-threads64,True,phase,,parallel_cold,verified,5,5,,,,,,,,,,266949,0,110963,
033-threads64,True,job,,parallel_cold,,,5,,,,,,,,,,,,,378071
033-threads64,True,phase,,parallel_cold,verified,6,6,,,,,,,,,,280516,0,104697,
033-threads64,True,job,,parallel_cold,,,6,,,,,,,,,,,,,385342
033-threads64,True,block,,parallel_cold,,,,2,,2,,,,,,,,,,386608
033-threads64,True,progress,,parallel_prepared,,5,,,,,fresh_started,,,,,,,,,0
033-threads64,True,progress,,parallel_prepared,,5,,,,,drivers_started,,,,,,,,,405
033-threads64,True,progress,,parallel_prepared,,5,,,,,prover_commit_started,,,,,,,,,412
033-threads64,True,progress,,parallel_prepared,,5,,,,,verifier_commit_started,,,,,,,,,437
033-threads64,True,progress,,parallel_prepared,,6,,,,,fresh_started,,,,,,,,,0
033-threads64,True,progress,,parallel_prepared,,6,,,,,drivers_started,,,,,,,,,304
033-threads64,True,progress,,parallel_prepared,,6,,,,,prover_commit_started,,,,,,,,,308
033-threads64,True,progress,,parallel_prepared,,6,,,,,verifier_commit_started,,,,,,,,,323
033-threads64,True,progress,,parallel_prepared,,5,,,,,verifier_commit_received,,,,,,,,,782
033-threads64,True,progress,,parallel_prepared,,6,,,,,verifier_commit_received,,,,,,,,,2823
033-threads64,True,progress,,parallel_prepared,,5,,,,,verifier_accept_returned,,,,,,,,,266119
033-threads64,True,progress,,parallel_prepared,,5,,,,,prover_commit_returned,,,,,,,,,266913
033-threads64,True,phase,,parallel_prepared,prepared,5,,,,,,,,,,,266923,,,
033-threads64,True,progress,,parallel_prepared,,6,,,,,verifier_accept_returned,,,,,,,,,278229
033-threads64,True,progress,,parallel_prepared,,6,,,,,prover_commit_returned,,,,,,,,,279898
033-threads64,True,phase,,parallel_prepared,prepared,6,,,,,,,,,,,279917,,,
033-threads64,True,phase,,parallel_prepared,verified,5,5,,,,,,,,,,266923,66506,122219,
033-threads64,True,job,,parallel_prepared,,,5,,,,,,,,,,,,,122481
033-threads64,True,phase,,parallel_prepared,verified,6,6,,,,,,,,,,279917,53446,123227,
033-threads64,True,job,,parallel_prepared,,,6,,,,,,,,,,,,,123394
033-threads64,True,block,,parallel_prepared,,,,2,,2,,,,,,,,,,457230
033-threads64,True,progress,,parallel_prepared,,7,,,,,fresh_started,,,,,,,,,0
033-threads64,True,progress,,parallel_prepared,,7,,,,,drivers_started,,,,,,,,,383
033-threads64,True,progress,,parallel_prepared,,7,,,,,prover_commit_started,,,,,,,,,389
033-threads64,True,progress,,parallel_prepared,,7,,,,,verifier_commit_started,,,,,,,,,396
033-threads64,True,progress,,parallel_prepared,,7,,,,,verifier_commit_received,,,,,,,,,402
033-threads64,True,progress,,parallel_prepared,,8,,,,,fresh_started,,,,,,,,,0
033-threads64,True,progress,,parallel_prepared,,8,,,,,drivers_started,,,,,,,,,332
033-threads64,True,progress,,parallel_prepared,,8,,,,,prover_commit_started,,,,,,,,,337
033-threads64,True,progress,,parallel_prepared,,8,,,,,verifier_commit_started,,,,,,,,,344
033-threads64,True,progress,,parallel_prepared,,8,,,,,verifier_commit_received,,,,,,,,,1979
033-threads64,True,progress,,parallel_prepared,,7,,,,,verifier_accept_returned,,,,,,,,,262194
033-threads64,True,progress,,parallel_prepared,,7,,,,,prover_commit_returned,,,,,,,,,263420
033-threads64,True,phase,,parallel_prepared,prepared,7,,,,,,,,,,,263447,,,
033-threads64,True,progress,,parallel_prepared,,8,,,,,verifier_accept_returned,,,,,,,,,280887
033-threads64,True,progress,,parallel_prepared,,8,,,,,prover_commit_returned,,,,,,,,,282935
033-threads64,True,phase,,parallel_prepared,prepared,8,,,,,,,,,,,282958,,,
033-threads64,True,phase,,parallel_prepared,verified,7,7,,,,,,,,,,263447,73774,127063,
033-threads64,True,job,,parallel_prepared,,,7,,,,,,,,,,,,,127301
033-threads64,True,phase,,parallel_prepared,verified,8,8,,,,,,,,,,282958,53442,128603,
033-threads64,True,job,,parallel_prepared,,,8,,,,,,,,,,,,,128746
033-threads64,True,block,,parallel_prepared,,,,3,,2,,,,,,,,,,466368
033-threads64,True,progress,,parallel_cold,,7,,,,,fresh_started,,,,,,,,,0
033-threads64,True,progress,,parallel_cold,,7,,,,,drivers_started,,,,,,,,,394
033-threads64,True,progress,,parallel_cold,,7,,,,,prover_commit_started,,,,,,,,,401
033-threads64,True,progress,,parallel_cold,,7,,,,,verifier_commit_started,,,,,,,,,408
033-threads64,True,progress,,parallel_cold,,8,,,,,fresh_started,,,,,,,,,0
033-threads64,True,progress,,parallel_cold,,8,,,,,drivers_started,,,,,,,,,410
033-threads64,True,progress,,parallel_cold,,8,,,,,prover_commit_started,,,,,,,,,420
033-threads64,True,progress,,parallel_cold,,8,,,,,verifier_commit_started,,,,,,,,,427
033-threads64,True,progress,,parallel_cold,,7,,,,,verifier_commit_received,,,,,,,,,849
033-threads64,True,progress,,parallel_cold,,8,,,,,verifier_commit_received,,,,,,,,,2906
033-threads64,True,progress,,parallel_cold,,8,,,,,verifier_accept_returned,,,,,,,,,286039
033-threads64,True,progress,,parallel_cold,,8,,,,,prover_commit_returned,,,,,,,,,286611
033-threads64,True,phase,,parallel_cold,prepared,8,,,,,,,,,,,286631,,,
033-threads64,True,progress,,parallel_cold,,7,,,,,verifier_accept_returned,,,,,,,,,294295
033-threads64,True,progress,,parallel_cold,,7,,,,,prover_commit_returned,,,,,,,,,296854
033-threads64,True,phase,,parallel_cold,prepared,7,,,,,,,,,,,296875,,,
033-threads64,True,phase,,parallel_cold,verified,8,8,,,,,,,,,,286631,0,123742,
033-threads64,True,job,,parallel_cold,,,8,,,,,,,,,,,,,410641
033-threads64,True,phase,,parallel_cold,verified,7,7,,,,,,,,,,296875,0,115526,
033-threads64,True,job,,parallel_cold,,,7,,,,,,,,,,,,,412555
033-threads64,True,block,,parallel_cold,,,,3,,2,,,,,,,,,,412573
033-threads64,True,progress,,parallel_cold,,9,,,,,fresh_started,,,,,,,,,0
033-threads64,True,progress,,parallel_cold,,9,,,,,drivers_started,,,,,,,,,386
033-threads64,True,progress,,parallel_cold,,9,,,,,prover_commit_started,,,,,,,,,391
033-threads64,True,progress,,parallel_cold,,9,,,,,verifier_commit_started,,,,,,,,,397
033-threads64,True,progress,,parallel_cold,,9,,,,,verifier_commit_received,,,,,,,,,403
033-threads64,True,progress,,parallel_cold,,10,,,,,fresh_started,,,,,,,,,0
033-threads64,True,progress,,parallel_cold,,10,,,,,drivers_started,,,,,,,,,352
033-threads64,True,progress,,parallel_cold,,10,,,,,prover_commit_started,,,,,,,,,374
033-threads64,True,progress,,parallel_cold,,10,,,,,verifier_commit_started,,,,,,,,,383
033-threads64,True,progress,,parallel_cold,,10,,,,,verifier_commit_received,,,,,,,,,2031
033-threads64,True,progress,,parallel_cold,,9,,,,,verifier_accept_returned,,,,,,,,,273608
033-threads64,True,progress,,parallel_cold,,9,,,,,prover_commit_returned,,,,,,,,,274668
033-threads64,True,phase,,parallel_cold,prepared,9,,,,,,,,,,,274681,,,
033-threads64,True,progress,,parallel_cold,,10,,,,,verifier_accept_returned,,,,,,,,,285985
033-threads64,True,progress,,parallel_cold,,10,,,,,prover_commit_returned,,,,,,,,,286010
033-threads64,True,phase,,parallel_cold,prepared,10,,,,,,,,,,,286014,,,
033-threads64,True,phase,,parallel_cold,verified,9,9,,,,,,,,,,274681,0,116168,
033-threads64,True,job,,parallel_cold,,,9,,,,,,,,,,,,,394644
033-threads64,True,phase,,parallel_cold,verified,10,10,,,,,,,,,,286014,0,111215,
033-threads64,True,job,,parallel_cold,,,10,,,,,,,,,,,,,397436
033-threads64,True,block,,parallel_cold,,,,4,,2,,,,,,,,,,398619
033-threads64,True,progress,,parallel_prepared,,9,,,,,fresh_started,,,,,,,,,0
033-threads64,True,progress,,parallel_prepared,,9,,,,,drivers_started,,,,,,,,,347
033-threads64,True,progress,,parallel_prepared,,9,,,,,prover_commit_started,,,,,,,,,352
033-threads64,True,progress,,parallel_prepared,,9,,,,,verifier_commit_started,,,,,,,,,358
033-threads64,True,progress,,parallel_prepared,,9,,,,,verifier_commit_received,,,,,,,,,364
033-threads64,True,progress,,parallel_prepared,,10,,,,,fresh_started,,,,,,,,,0
033-threads64,True,progress,,parallel_prepared,,10,,,,,drivers_started,,,,,,,,,334
033-threads64,True,progress,,parallel_prepared,,10,,,,,prover_commit_started,,,,,,,,,353
033-threads64,True,progress,,parallel_prepared,,10,,,,,verifier_commit_started,,,,,,,,,361
033-threads64,True,progress,,parallel_prepared,,10,,,,,verifier_commit_received,,,,,,,,,2020
033-threads64,True,progress,,parallel_prepared,,10,,,,,verifier_accept_returned,,,,,,,,,268454
033-threads64,True,progress,,parallel_prepared,,10,,,,,prover_commit_returned,,,,,,,,,269492
033-threads64,True,phase,,parallel_prepared,prepared,10,,,,,,,,,,,269510,,,
033-threads64,True,progress,,parallel_prepared,,9,,,,,verifier_accept_returned,,,,,,,,,273644
033-threads64,True,progress,,parallel_prepared,,9,,,,,prover_commit_returned,,,,,,,,,274904
033-threads64,True,phase,,parallel_prepared,prepared,9,,,,,,,,,,,274930,,,
033-threads64,True,phase,,parallel_prepared,verified,9,9,,,,,,,,,,274930,53049,116683,
033-threads64,True,job,,parallel_prepared,,,9,,,,,,,,,,,,,116910
033-threads64,True,phase,,parallel_prepared,verified,10,10,,,,,,,,,,269510,57732,117566,
033-threads64,True,job,,parallel_prepared,,,10,,,,,,,,,,,,,117803
033-threads64,True,block,,parallel_prepared,,,,4,,2,,,,,,,,,,446194
033-threads64,True,progress,,parallel_prepared,,11,,,,,fresh_started,,,,,,,,,0
033-threads64,True,progress,,parallel_prepared,,11,,,,,drivers_started,,,,,,,,,375
033-threads64,True,progress,,parallel_prepared,,11,,,,,prover_commit_started,,,,,,,,,381
033-threads64,True,progress,,parallel_prepared,,11,,,,,verifier_commit_started,,,,,,,,,388
033-threads64,True,progress,,parallel_prepared,,12,,,,,fresh_started,,,,,,,,,0
033-threads64,True,progress,,parallel_prepared,,12,,,,,drivers_started,,,,,,,,,285
033-threads64,True,progress,,parallel_prepared,,12,,,,,prover_commit_started,,,,,,,,,293
033-threads64,True,progress,,parallel_prepared,,12,,,,,verifier_commit_started,,,,,,,,,298
033-threads64,True,progress,,parallel_prepared,,11,,,,,verifier_commit_received,,,,,,,,,701
033-threads64,True,progress,,parallel_prepared,,12,,,,,verifier_commit_received,,,,,,,,,2875
033-threads64,True,progress,,parallel_prepared,,12,,,,,verifier_accept_returned,,,,,,,,,270712
033-threads64,True,progress,,parallel_prepared,,12,,,,,prover_commit_returned,,,,,,,,,272152
033-threads64,True,phase,,parallel_prepared,prepared,12,,,,,,,,,,,272176,,,
033-threads64,True,progress,,parallel_prepared,,11,,,,,verifier_accept_returned,,,,,,,,,279568
033-threads64,True,progress,,parallel_prepared,,11,,,,,prover_commit_returned,,,,,,,,,281236
033-threads64,True,phase,,parallel_prepared,prepared,11,,,,,,,,,,,281255,,,
033-threads64,True,phase,,parallel_prepared,verified,11,11,,,,,,,,,,281255,51646,122149,
033-threads64,True,job,,parallel_prepared,,,11,,,,,,,,,,,,,122312
033-threads64,True,phase,,parallel_prepared,verified,12,12,,,,,,,,,,272176,60716,123360,
033-threads64,True,job,,parallel_prepared,,,12,,,,,,,,,,,,,123503
033-threads64,True,block,,parallel_prepared,,,,5,,2,,,,,,,,,,456811
033-threads64,True,progress,,parallel_cold,,11,,,,,fresh_started,,,,,,,,,0
033-threads64,True,progress,,parallel_cold,,11,,,,,drivers_started,,,,,,,,,488
033-threads64,True,progress,,parallel_cold,,11,,,,,prover_commit_started,,,,,,,,,506
033-threads64,True,progress,,parallel_cold,,11,,,,,verifier_commit_started,,,,,,,,,518
033-threads64,True,progress,,parallel_cold,,12,,,,,fresh_started,,,,,,,,,0
033-threads64,True,progress,,parallel_cold,,12,,,,,drivers_started,,,,,,,,,288
033-threads64,True,progress,,parallel_cold,,12,,,,,prover_commit_started,,,,,,,,,293
033-threads64,True,progress,,parallel_cold,,12,,,,,verifier_commit_started,,,,,,,,,299
033-threads64,True,progress,,parallel_cold,,12,,,,,verifier_commit_received,,,,,,,,,305
033-threads64,True,progress,,parallel_cold,,11,,,,,verifier_commit_received,,,,,,,,,3205
033-threads64,True,progress,,parallel_cold,,12,,,,,verifier_accept_returned,,,,,,,,,279229
033-threads64,True,progress,,parallel_cold,,12,,,,,prover_commit_returned,,,,,,,,,280964
033-threads64,True,phase,,parallel_cold,prepared,12,,,,,,,,,,,280985,,,
033-threads64,True,progress,,parallel_cold,,11,,,,,verifier_accept_returned,,,,,,,,,285759
033-threads64,True,progress,,parallel_cold,,11,,,,,prover_commit_returned,,,,,,,,,285779
033-threads64,True,phase,,parallel_cold,prepared,11,,,,,,,,,,,285783,,,
033-threads64,True,phase,,parallel_cold,verified,12,12,,,,,,,,,,280985,0,119796,
033-threads64,True,phase,,parallel_cold,verified,11,11,,,,,,,,,,285783,0,115598,
033-threads64,True,job,,parallel_cold,,,12,,,,,,,,,,,,,400943
033-threads64,True,job,,parallel_cold,,,11,,,,,,,,,,,,,401530
033-threads64,True,block,,parallel_cold,,,,5,,2,,,,,,,,,,401543
033-threads64,True,progress,,parallel_cold,,13,,,,,fresh_started,,,,,,,,,0
033-threads64,True,progress,,parallel_cold,,13,,,,,drivers_started,,,,,,,,,403
033-threads64,True,progress,,parallel_cold,,13,,,,,prover_commit_started,,,,,,,,,409
033-threads64,True,progress,,parallel_cold,,13,,,,,verifier_commit_started,,,,,,,,,422
033-threads64,True,progress,,parallel_cold,,14,,,,,fresh_started,,,,,,,,,0
033-threads64,True,progress,,parallel_cold,,14,,,,,drivers_started,,,,,,,,,293
033-threads64,True,progress,,parallel_cold,,14,,,,,prover_commit_started,,,,,,,,,297
033-threads64,True,progress,,parallel_cold,,14,,,,,verifier_commit_started,,,,,,,,,314
033-threads64,True,progress,,parallel_cold,,13,,,,,verifier_commit_received,,,,,,,,,748
033-threads64,True,progress,,parallel_cold,,14,,,,,verifier_commit_received,,,,,,,,,2798
033-threads64,True,progress,,parallel_cold,,14,,,,,verifier_accept_returned,,,,,,,,,263678
033-threads64,True,progress,,parallel_cold,,14,,,,,prover_commit_returned,,,,,,,,,265751
033-threads64,True,phase,,parallel_cold,prepared,14,,,,,,,,,,,265790,,,
033-threads64,True,progress,,parallel_cold,,13,,,,,verifier_accept_returned,,,,,,,,,286540
033-threads64,True,progress,,parallel_cold,,13,,,,,prover_commit_returned,,,,,,,,,286579
033-threads64,True,phase,,parallel_cold,prepared,13,,,,,,,,,,,286583,,,
033-threads64,True,phase,,parallel_cold,verified,14,14,,,,,,,,,,265790,1,113817,
033-threads64,True,job,,parallel_cold,,,14,,,,,,,,,,,,,384555
033-threads64,True,phase,,parallel_cold,verified,13,13,,,,,,,,,,286583,0,102037,
033-threads64,True,job,,parallel_cold,,,13,,,,,,,,,,,,,388745
033-threads64,True,block,,parallel_cold,,,,6,,2,,,,,,,,,,388763
033-threads64,True,progress,,parallel_prepared,,13,,,,,fresh_started,,,,,,,,,0
033-threads64,True,progress,,parallel_prepared,,13,,,,,drivers_started,,,,,,,,,375
033-threads64,True,progress,,parallel_prepared,,13,,,,,prover_commit_started,,,,,,,,,381
033-threads64,True,progress,,parallel_prepared,,13,,,,,verifier_commit_started,,,,,,,,,390
033-threads64,True,progress,,parallel_prepared,,14,,,,,fresh_started,,,,,,,,,0
033-threads64,True,progress,,parallel_prepared,,14,,,,,drivers_started,,,,,,,,,327
033-threads64,True,progress,,parallel_prepared,,14,,,,,prover_commit_started,,,,,,,,,332
033-threads64,True,progress,,parallel_prepared,,14,,,,,verifier_commit_started,,,,,,,,,338
033-threads64,True,progress,,parallel_prepared,,13,,,,,verifier_commit_received,,,,,,,,,740
033-threads64,True,progress,,parallel_prepared,,14,,,,,verifier_commit_received,,,,,,,,,2779
033-threads64,True,progress,,parallel_prepared,,14,,,,,verifier_accept_returned,,,,,,,,,265588
033-threads64,True,progress,,parallel_prepared,,14,,,,,prover_commit_returned,,,,,,,,,266626
033-threads64,True,phase,,parallel_prepared,prepared,14,,,,,,,,,,,266646,,,
033-threads64,True,progress,,parallel_prepared,,13,,,,,verifier_accept_returned,,,,,,,,,284497
033-threads64,True,progress,,parallel_prepared,,13,,,,,prover_commit_returned,,,,,,,,,286290
033-threads64,True,phase,,parallel_prepared,prepared,13,,,,,,,,,,,286297,,,
033-threads64,True,phase,,parallel_prepared,verified,13,13,,,,,,,,,,286297,53047,121696,
033-threads64,True,job,,parallel_prepared,,,13,,,,,,,,,,,,,121942
033-threads64,True,phase,,parallel_prepared,verified,14,14,,,,,,,,,,266646,72686,122797,
033-threads64,True,job,,parallel_prepared,,,14,,,,,,,,,,,,,122953
033-threads64,True,block,,parallel_prepared,,,,6,,2,,,,,,,,,,462733
033-threads64,True,progress,,parallel_prepared,,15,,,,,fresh_started,,,,,,,,,0
033-threads64,True,progress,,parallel_prepared,,15,,,,,drivers_started,,,,,,,,,370
033-threads64,True,progress,,parallel_prepared,,15,,,,,prover_commit_started,,,,,,,,,378
033-threads64,True,progress,,parallel_prepared,,15,,,,,verifier_commit_started,,,,,,,,,384
033-threads64,True,progress,,parallel_prepared,,15,,,,,verifier_commit_received,,,,,,,,,391
033-threads64,True,progress,,parallel_prepared,,16,,,,,fresh_started,,,,,,,,,0
033-threads64,True,progress,,parallel_prepared,,16,,,,,drivers_started,,,,,,,,,303
033-threads64,True,progress,,parallel_prepared,,16,,,,,prover_commit_started,,,,,,,,,308
033-threads64,True,progress,,parallel_prepared,,16,,,,,verifier_commit_started,,,,,,,,,313
033-threads64,True,progress,,parallel_prepared,,16,,,,,verifier_commit_received,,,,,,,,,318
033-threads64,True,progress,,parallel_prepared,,15,,,,,verifier_accept_returned,,,,,,,,,250680
033-threads64,True,progress,,parallel_prepared,,15,,,,,prover_commit_returned,,,,,,,,,257478
033-threads64,True,phase,,parallel_prepared,prepared,15,,,,,,,,,,,257494,,,
033-threads64,True,progress,,parallel_prepared,,16,,,,,verifier_accept_returned,,,,,,,,,265762
033-threads64,True,progress,,parallel_prepared,,16,,,,,prover_commit_returned,,,,,,,,,267369
033-threads64,True,phase,,parallel_prepared,prepared,16,,,,,,,,,,,267383,,,
033-threads64,True,phase,,parallel_prepared,verified,15,15,,,,,,,,,,257494,64071,122709,
033-threads64,True,job,,parallel_prepared,,,15,,,,,,,,,,,,,122945
033-threads64,True,phase,,parallel_prepared,verified,16,16,,,,,,,,,,267383,53419,125340,
033-threads64,True,job,,parallel_prepared,,,16,,,,,,,,,,,,,125658
033-threads64,True,block,,parallel_prepared,,,,7,,2,,,,,,,,,,447646
033-threads64,True,progress,,parallel_cold,,15,,,,,fresh_started,,,,,,,,,0
033-threads64,True,progress,,parallel_cold,,15,,,,,drivers_started,,,,,,,,,393
033-threads64,True,progress,,parallel_cold,,15,,,,,prover_commit_started,,,,,,,,,402
033-threads64,True,progress,,parallel_cold,,15,,,,,verifier_commit_started,,,,,,,,,414
033-threads64,True,progress,,parallel_cold,,16,,,,,fresh_started,,,,,,,,,0
033-threads64,True,progress,,parallel_cold,,16,,,,,drivers_started,,,,,,,,,284
033-threads64,True,progress,,parallel_cold,,16,,,,,prover_commit_started,,,,,,,,,289
033-threads64,True,progress,,parallel_cold,,16,,,,,verifier_commit_started,,,,,,,,,294
033-threads64,True,progress,,parallel_cold,,15,,,,,verifier_commit_received,,,,,,,,,725
033-threads64,True,progress,,parallel_cold,,16,,,,,verifier_commit_received,,,,,,,,,2745
033-threads64,True,progress,,parallel_cold,,16,,,,,verifier_accept_returned,,,,,,,,,269968
033-threads64,True,progress,,parallel_cold,,15,,,,,verifier_accept_returned,,,,,,,,,271820
033-threads64,True,progress,,parallel_cold,,16,,,,,prover_commit_returned,,,,,,,,,271489
033-threads64,True,phase,,parallel_cold,prepared,16,,,,,,,,,,,271507,,,
033-threads64,True,progress,,parallel_cold,,15,,,,,prover_commit_returned,,,,,,,,,276377
033-threads64,True,phase,,parallel_cold,prepared,15,,,,,,,,,,,276406,,,
033-threads64,True,phase,,parallel_cold,verified,16,16,,,,,,,,,,271507,0,124540,
033-threads64,True,job,,parallel_cold,,,16,,,,,,,,,,,,,396209
033-threads64,True,phase,,parallel_cold,verified,15,15,,,,,,,,,,276406,0,121279,
033-threads64,True,job,,parallel_cold,,,15,,,,,,,,,,,,,397878
033-threads64,True,block,,parallel_cold,,,,7,,2,,,,,,,,,,397894
033-threads64,True,progress,,parallel_cold,,17,,,,,fresh_started,,,,,,,,,0
033-threads64,True,progress,,parallel_cold,,17,,,,,drivers_started,,,,,,,,,382
033-threads64,True,progress,,parallel_cold,,17,,,,,prover_commit_started,,,,,,,,,386
033-threads64,True,progress,,parallel_cold,,17,,,,,verifier_commit_started,,,,,,,,,393
033-threads64,True,progress,,parallel_cold,,17,,,,,verifier_commit_received,,,,,,,,,399
033-threads64,True,progress,,parallel_cold,,18,,,,,fresh_started,,,,,,,,,0
033-threads64,True,progress,,parallel_cold,,18,,,,,drivers_started,,,,,,,,,359
033-threads64,True,progress,,parallel_cold,,18,,,,,prover_commit_started,,,,,,,,,381
033-threads64,True,progress,,parallel_cold,,18,,,,,verifier_commit_started,,,,,,,,,392
033-threads64,True,progress,,parallel_cold,,18,,,,,verifier_commit_received,,,,,,,,,2245
033-threads64,True,progress,,parallel_cold,,17,,,,,verifier_accept_returned,,,,,,,,,273522
033-threads64,True,progress,,parallel_cold,,17,,,,,prover_commit_returned,,,,,,,,,280286
033-threads64,True,phase,,parallel_cold,prepared,17,,,,,,,,,,,280310,,,
033-threads64,True,progress,,parallel_cold,,18,,,,,verifier_accept_returned,,,,,,,,,289491
033-threads64,True,progress,,parallel_cold,,18,,,,,prover_commit_returned,,,,,,,,,297261
033-threads64,True,phase,,parallel_cold,prepared,18,,,,,,,,,,,297280,,,
033-threads64,True,phase,,parallel_cold,verified,17,17,,,,,,,,,,280310,0,127751,
033-threads64,True,job,,parallel_cold,,,17,,,,,,,,,,,,,408206
033-threads64,True,phase,,parallel_cold,verified,18,18,,,,,,,,,,297280,0,112922,
033-threads64,True,job,,parallel_cold,,,18,,,,,,,,,,,,,410474
033-threads64,True,block,,parallel_cold,,,,8,,2,,,,,,,,,,411684
033-threads64,True,progress,,parallel_prepared,,17,,,,,fresh_started,,,,,,,,,0
033-threads64,True,progress,,parallel_prepared,,17,,,,,drivers_started,,,,,,,,,366
033-threads64,True,progress,,parallel_prepared,,17,,,,,prover_commit_started,,,,,,,,,383
033-threads64,True,progress,,parallel_prepared,,17,,,,,verifier_commit_started,,,,,,,,,398
033-threads64,True,progress,,parallel_prepared,,18,,,,,fresh_started,,,,,,,,,0
033-threads64,True,progress,,parallel_prepared,,18,,,,,drivers_started,,,,,,,,,307
033-threads64,True,progress,,parallel_prepared,,18,,,,,prover_commit_started,,,,,,,,,311
033-threads64,True,progress,,parallel_prepared,,18,,,,,verifier_commit_started,,,,,,,,,315
033-threads64,True,progress,,parallel_prepared,,17,,,,,verifier_commit_received,,,,,,,,,725
033-threads64,True,progress,,parallel_prepared,,18,,,,,verifier_commit_received,,,,,,,,,2834
033-threads64,True,progress,,parallel_prepared,,18,,,,,verifier_accept_returned,,,,,,,,,275771
033-threads64,True,progress,,parallel_prepared,,18,,,,,prover_commit_returned,,,,,,,,,277385
033-threads64,True,phase,,parallel_prepared,prepared,18,,,,,,,,,,,277396,,,
033-threads64,True,progress,,parallel_prepared,,17,,,,,verifier_accept_returned,,,,,,,,,297653
033-threads64,True,progress,,parallel_prepared,,17,,,,,prover_commit_returned,,,,,,,,,299116
033-threads64,True,phase,,parallel_prepared,prepared,17,,,,,,,,,,,299136,,,
033-threads64,True,phase,,parallel_prepared,verified,18,18,,,,,,,,,,277396,74788,126259,
033-threads64,True,job,,parallel_prepared,,,18,,,,,,,,,,,,,126400
033-threads64,True,phase,,parallel_prepared,verified,17,17,,,,,,,,,,299136,53061,128180,
033-threads64,True,job,,parallel_prepared,,,17,,,,,,,,,,,,,128369
033-threads64,True,block,,parallel_prepared,,,,8,,2,,,,,,,,,,480597
033-threads64,True,progress,,parallel_prepared,,19,,,,,fresh_started,,,,,,,,,0
033-threads64,True,progress,,parallel_prepared,,19,,,,,drivers_started,,,,,,,,,414
033-threads64,True,progress,,parallel_prepared,,19,,,,,prover_commit_started,,,,,,,,,421
033-threads64,True,progress,,parallel_prepared,,19,,,,,verifier_commit_started,,,,,,,,,428
033-threads64,True,progress,,parallel_prepared,,19,,,,,verifier_commit_received,,,,,,,,,434
033-threads64,True,progress,,parallel_prepared,,20,,,,,fresh_started,,,,,,,,,0
033-threads64,True,progress,,parallel_prepared,,20,,,,,drivers_started,,,,,,,,,317
033-threads64,True,progress,,parallel_prepared,,20,,,,,prover_commit_started,,,,,,,,,321
033-threads64,True,progress,,parallel_prepared,,20,,,,,verifier_commit_started,,,,,,,,,326
033-threads64,True,progress,,parallel_prepared,,20,,,,,verifier_commit_received,,,,,,,,,330
033-threads64,True,progress,,parallel_prepared,,20,,,,,verifier_accept_returned,,,,,,,,,271761
033-threads64,True,progress,,parallel_prepared,,19,,,,,verifier_accept_returned,,,,,,,,,273495
033-threads64,True,progress,,parallel_prepared,,19,,,,,prover_commit_returned,,,,,,,,,274307
033-threads64,True,phase,,parallel_prepared,prepared,19,,,,,,,,,,,274330,,,
033-threads64,True,progress,,parallel_prepared,,20,,,,,prover_commit_returned,,,,,,,,,273207
033-threads64,True,phase,,parallel_prepared,prepared,20,,,,,,,,,,,273216,,,
033-threads64,True,phase,,parallel_prepared,verified,20,20,,,,,,,,,,273216,52165,120802,
033-threads64,True,job,,parallel_prepared,,,20,,,,,,,,,,,,,120969
033-threads64,True,phase,,parallel_prepared,verified,19,19,,,,,,,,,,274330,51858,122521,
033-threads64,True,job,,parallel_prepared,,,19,,,,,,,,,,,,,122701
033-threads64,True,block,,parallel_prepared,,,,9,,2,,,,,,,,,,448919
033-threads64,True,progress,,parallel_cold,,19,,,,,fresh_started,,,,,,,,,0
033-threads64,True,progress,,parallel_cold,,19,,,,,drivers_started,,,,,,,,,382
033-threads64,True,progress,,parallel_cold,,19,,,,,prover_commit_started,,,,,,,,,389
033-threads64,True,progress,,parallel_cold,,19,,,,,verifier_commit_started,,,,,,,,,396
033-threads64,True,progress,,parallel_cold,,19,,,,,verifier_commit_received,,,,,,,,,402
033-threads64,True,progress,,parallel_cold,,20,,,,,fresh_started,,,,,,,,,0
033-threads64,True,progress,,parallel_cold,,20,,,,,drivers_started,,,,,,,,,336
033-threads64,True,progress,,parallel_cold,,20,,,,,prover_commit_started,,,,,,,,,343
033-threads64,True,progress,,parallel_cold,,20,,,,,verifier_commit_started,,,,,,,,,352
033-threads64,True,progress,,parallel_cold,,20,,,,,verifier_commit_received,,,,,,,,,369
033-threads64,True,progress,,parallel_cold,,20,,,,,verifier_accept_returned,,,,,,,,,259789
033-threads64,True,progress,,parallel_cold,,20,,,,,prover_commit_returned,,,,,,,,,260579
033-threads64,True,phase,,parallel_cold,prepared,20,,,,,,,,,,,260604,,,
033-threads64,True,progress,,parallel_cold,,19,,,,,verifier_accept_returned,,,,,,,,,274560
033-threads64,True,progress,,parallel_cold,,19,,,,,prover_commit_returned,,,,,,,,,274581
033-threads64,True,phase,,parallel_cold,prepared,19,,,,,,,,,,,274585,,,
033-threads64,True,phase,,parallel_cold,verified,20,20,,,,,,,,,,260604,0,119571,
033-threads64,True,job,,parallel_cold,,,20,,,,,,,,,,,,,380291
033-threads64,True,phase,,parallel_cold,verified,19,19,,,,,,,,,,274585,0,110594,
033-threads64,True,job,,parallel_cold,,,19,,,,,,,,,,,,,385530
033-threads64,True,block,,parallel_cold,,,,9,,2,,,,,,,,,,385551
033-threads64,True,progress,,parallel_cold,,21,,,,,fresh_started,,,,,,,,,0
033-threads64,True,progress,,parallel_cold,,21,,,,,drivers_started,,,,,,,,,333
033-threads64,True,progress,,parallel_cold,,21,,,,,prover_commit_started,,,,,,,,,342
033-threads64,True,progress,,parallel_cold,,21,,,,,verifier_commit_started,,,,,,,,,354
033-threads64,True,progress,,parallel_cold,,22,,,,,fresh_started,,,,,,,,,0
033-threads64,True,progress,,parallel_cold,,22,,,,,drivers_started,,,,,,,,,298
033-threads64,True,progress,,parallel_cold,,22,,,,,prover_commit_started,,,,,,,,,302
033-threads64,True,progress,,parallel_cold,,22,,,,,verifier_commit_started,,,,,,,,,305
033-threads64,True,progress,,parallel_cold,,22,,,,,verifier_commit_received,,,,,,,,,310
033-threads64,True,progress,,parallel_cold,,21,,,,,verifier_commit_received,,,,,,,,,3232
033-threads64,True,progress,,parallel_cold,,22,,,,,verifier_accept_returned,,,,,,,,,258814
033-threads64,True,progress,,parallel_cold,,22,,,,,prover_commit_returned,,,,,,,,,260478
033-threads64,True,phase,,parallel_cold,prepared,22,,,,,,,,,,,260493,,,
033-threads64,True,progress,,parallel_cold,,21,,,,,verifier_accept_returned,,,,,,,,,290551
033-threads64,True,progress,,parallel_cold,,21,,,,,prover_commit_returned,,,,,,,,,293158
033-threads64,True,phase,,parallel_cold,prepared,21,,,,,,,,,,,293188,,,
033-threads64,True,phase,,parallel_cold,verified,22,22,,,,,,,,,,260493,0,98283,
033-threads64,True,job,,parallel_cold,,,22,,,,,,,,,,,,,359409
033-threads64,True,phase,,parallel_cold,verified,21,21,,,,,,,,,,293188,0,97406,
033-threads64,True,job,,parallel_cold,,,21,,,,,,,,,,,,,390738
033-threads64,True,block,,parallel_cold,,,,10,,2,,,,,,,,,,390774
033-threads64,True,progress,,parallel_prepared,,21,,,,,fresh_started,,,,,,,,,0
033-threads64,True,progress,,parallel_prepared,,21,,,,,drivers_started,,,,,,,,,349
033-threads64,True,progress,,parallel_prepared,,21,,,,,prover_commit_started,,,,,,,,,357
033-threads64,True,progress,,parallel_prepared,,21,,,,,verifier_commit_started,,,,,,,,,363
033-threads64,True,progress,,parallel_prepared,,22,,,,,fresh_started,,,,,,,,,0
033-threads64,True,progress,,parallel_prepared,,22,,,,,drivers_started,,,,,,,,,366
033-threads64,True,progress,,parallel_prepared,,22,,,,,prover_commit_started,,,,,,,,,378
033-threads64,True,progress,,parallel_prepared,,22,,,,,verifier_commit_started,,,,,,,,,384
033-threads64,True,progress,,parallel_prepared,,21,,,,,verifier_commit_received,,,,,,,,,761
033-threads64,True,progress,,parallel_prepared,,22,,,,,verifier_commit_received,,,,,,,,,2720
033-threads64,True,progress,,parallel_prepared,,21,,,,,verifier_accept_returned,,,,,,,,,271691
033-threads64,True,progress,,parallel_prepared,,21,,,,,prover_commit_returned,,,,,,,,,272345
033-threads64,True,phase,,parallel_prepared,prepared,21,,,,,,,,,,,272358,,,
033-threads64,True,progress,,parallel_prepared,,22,,,,,verifier_accept_returned,,,,,,,,,273158
033-threads64,True,progress,,parallel_prepared,,22,,,,,prover_commit_returned,,,,,,,,,274795
033-threads64,True,phase,,parallel_prepared,prepared,22,,,,,,,,,,,274805,,,
033-threads64,True,phase,,parallel_prepared,verified,21,21,,,,,,,,,,272358,54264,119081,
033-threads64,True,phase,,parallel_prepared,verified,22,22,,,,,,,,,,274805,51869,118752,
033-threads64,True,job,,parallel_prepared,,,21,,,,,,,,,,,,,119271
033-threads64,True,job,,parallel_prepared,,,22,,,,,,,,,,,,,118929
033-threads64,True,block,,parallel_prepared,,,,10,,2,,,,,,,,,,445991
033-threads64,True,progress,,parallel_prepared,,23,,,,,fresh_started,,,,,,,,,0
033-threads64,True,progress,,parallel_prepared,,23,,,,,drivers_started,,,,,,,,,419
033-threads64,True,progress,,parallel_prepared,,23,,,,,prover_commit_started,,,,,,,,,425
033-threads64,True,progress,,parallel_prepared,,23,,,,,verifier_commit_started,,,,,,,,,431
033-threads64,True,progress,,parallel_prepared,,24,,,,,fresh_started,,,,,,,,,0
033-threads64,True,progress,,parallel_prepared,,24,,,,,drivers_started,,,,,,,,,325
033-threads64,True,progress,,parallel_prepared,,24,,,,,prover_commit_started,,,,,,,,,328
033-threads64,True,progress,,parallel_prepared,,24,,,,,verifier_commit_started,,,,,,,,,332
033-threads64,True,progress,,parallel_prepared,,23,,,,,verifier_commit_received,,,,,,,,,773
033-threads64,True,progress,,parallel_prepared,,24,,,,,verifier_commit_received,,,,,,,,,2635
033-threads64,True,progress,,parallel_prepared,,24,,,,,verifier_accept_returned,,,,,,,,,268516
033-threads64,True,progress,,parallel_prepared,,23,,,,,verifier_accept_returned,,,,,,,,,269938
033-threads64,True,progress,,parallel_prepared,,24,,,,,prover_commit_returned,,,,,,,,,269892
033-threads64,True,phase,,parallel_prepared,prepared,24,,,,,,,,,,,269898,,,
033-threads64,True,progress,,parallel_prepared,,23,,,,,prover_commit_returned,,,,,,,,,271513
033-threads64,True,phase,,parallel_prepared,prepared,23,,,,,,,,,,,271523,,,
033-threads64,True,phase,,parallel_prepared,verified,24,24,,,,,,,,,,269898,54342,120162,
033-threads64,True,job,,parallel_prepared,,,24,,,,,,,,,,,,,120302
033-threads64,True,phase,,parallel_prepared,verified,23,23,,,,,,,,,,271523,52792,122179,
033-threads64,True,job,,parallel_prepared,,,23,,,,,,,,,,,,,122319
033-threads64,True,block,,parallel_prepared,,,,11,,2,,,,,,,,,,446656
033-threads64,True,progress,,parallel_cold,,23,,,,,fresh_started,,,,,,,,,0
033-threads64,True,progress,,parallel_cold,,23,,,,,drivers_started,,,,,,,,,385
033-threads64,True,progress,,parallel_cold,,23,,,,,prover_commit_started,,,,,,,,,390
033-threads64,True,progress,,parallel_cold,,23,,,,,verifier_commit_started,,,,,,,,,399
033-threads64,True,progress,,parallel_cold,,24,,,,,fresh_started,,,,,,,,,0
033-threads64,True,progress,,parallel_cold,,24,,,,,drivers_started,,,,,,,,,293
033-threads64,True,progress,,parallel_cold,,24,,,,,prover_commit_started,,,,,,,,,307
033-threads64,True,progress,,parallel_cold,,24,,,,,verifier_commit_started,,,,,,,,,314
033-threads64,True,progress,,parallel_cold,,23,,,,,verifier_commit_received,,,,,,,,,732
033-threads64,True,progress,,parallel_cold,,24,,,,,verifier_commit_received,,,,,,,,,2873
033-threads64,True,progress,,parallel_cold,,24,,,,,verifier_accept_returned,,,,,,,,,262647
033-threads64,True,progress,,parallel_cold,,24,,,,,prover_commit_returned,,,,,,,,,263735
033-threads64,True,phase,,parallel_cold,prepared,24,,,,,,,,,,,263758,,,
033-threads64,True,progress,,parallel_cold,,23,,,,,verifier_accept_returned,,,,,,,,,285983
033-threads64,True,progress,,parallel_cold,,23,,,,,prover_commit_returned,,,,,,,,,288763
033-threads64,True,phase,,parallel_cold,prepared,23,,,,,,,,,,,288784,,,
033-threads64,True,phase,,parallel_cold,verified,24,24,,,,,,,,,,263758,0,95650,
033-threads64,True,job,,parallel_cold,,,24,,,,,,,,,,,,,359547
033-threads64,True,phase,,parallel_cold,verified,23,23,,,,,,,,,,288784,0,103688,
033-threads64,True,job,,parallel_cold,,,23,,,,,,,,,,,,,392619
033-threads64,True,block,,parallel_cold,,,,11,,2,,,,,,,,,,392643
033-threads64,True,progress,,parallel_cold,,25,,,,,fresh_started,,,,,,,,,0
033-threads64,True,progress,,parallel_cold,,25,,,,,drivers_started,,,,,,,,,399
033-threads64,True,progress,,parallel_cold,,25,,,,,prover_commit_started,,,,,,,,,406
033-threads64,True,progress,,parallel_cold,,25,,,,,verifier_commit_started,,,,,,,,,416
033-threads64,True,progress,,parallel_cold,,26,,,,,fresh_started,,,,,,,,,0
033-threads64,True,progress,,parallel_cold,,26,,,,,drivers_started,,,,,,,,,319
033-threads64,True,progress,,parallel_cold,,26,,,,,prover_commit_started,,,,,,,,,324
033-threads64,True,progress,,parallel_cold,,26,,,,,verifier_commit_started,,,,,,,,,327
033-threads64,True,progress,,parallel_cold,,25,,,,,verifier_commit_received,,,,,,,,,756
033-threads64,True,progress,,parallel_cold,,26,,,,,verifier_commit_received,,,,,,,,,2641
033-threads64,True,progress,,parallel_cold,,26,,,,,verifier_accept_returned,,,,,,,,,259071
033-threads64,True,progress,,parallel_cold,,26,,,,,prover_commit_returned,,,,,,,,,260217
033-threads64,True,phase,,parallel_cold,prepared,26,,,,,,,,,,,260228,,,
033-threads64,True,progress,,parallel_cold,,25,,,,,verifier_accept_returned,,,,,,,,,277143
033-threads64,True,progress,,parallel_cold,,25,,,,,prover_commit_returned,,,,,,,,,277183
033-threads64,True,phase,,parallel_cold,prepared,25,,,,,,,,,,,277187,,,
033-threads64,True,phase,,parallel_cold,verified,26,26,,,,,,,,,,260228,0,111068,
033-threads64,True,job,,parallel_cold,,,26,,,,,,,,,,,,,371517
033-threads64,True,phase,,parallel_cold,verified,25,25,,,,,,,,,,277187,0,104401,
033-threads64,True,job,,parallel_cold,,,25,,,,,,,,,,,,,381725
033-threads64,True,block,,parallel_cold,,,,12,,2,,,,,,,,,,381745
033-threads64,True,progress,,parallel_prepared,,25,,,,,fresh_started,,,,,,,,,0
033-threads64,True,progress,,parallel_prepared,,25,,,,,drivers_started,,,,,,,,,426
033-threads64,True,progress,,parallel_prepared,,25,,,,,prover_commit_started,,,,,,,,,435
033-threads64,True,progress,,parallel_prepared,,25,,,,,verifier_commit_started,,,,,,,,,442
033-threads64,True,progress,,parallel_prepared,,26,,,,,fresh_started,,,,,,,,,0
033-threads64,True,progress,,parallel_prepared,,26,,,,,drivers_started,,,,,,,,,370
033-threads64,True,progress,,parallel_prepared,,26,,,,,prover_commit_started,,,,,,,,,374
033-threads64,True,progress,,parallel_prepared,,26,,,,,verifier_commit_started,,,,,,,,,378
033-threads64,True,progress,,parallel_prepared,,25,,,,,verifier_commit_received,,,,,,,,,832
033-threads64,True,progress,,parallel_prepared,,26,,,,,verifier_commit_received,,,,,,,,,2683
033-threads64,True,progress,,parallel_prepared,,26,,,,,verifier_accept_returned,,,,,,,,,273405
033-threads64,True,progress,,parallel_prepared,,25,,,,,verifier_accept_returned,,,,,,,,,274435
033-threads64,True,progress,,parallel_prepared,,26,,,,,prover_commit_returned,,,,,,,,,274683
033-threads64,True,phase,,parallel_prepared,prepared,26,,,,,,,,,,,274697,,,
033-threads64,True,progress,,parallel_prepared,,25,,,,,prover_commit_returned,,,,,,,,,275725
033-threads64,True,phase,,parallel_prepared,prepared,25,,,,,,,,,,,275737,,,
033-threads64,True,phase,,parallel_prepared,verified,25,25,,,,,,,,,,275737,52858,119153,
033-threads64,True,job,,parallel_prepared,,,25,,,,,,,,,,,,,119412
033-threads64,True,phase,,parallel_prepared,verified,26,26,,,,,,,,,,274697,53851,120447,
033-threads64,True,job,,parallel_prepared,,,26,,,,,,,,,,,,,120609
033-threads64,True,block,,parallel_prepared,,,,12,,2,,,,,,,,,,449629
033-threads64,True,progress,,parallel_prepared,,27,,,,,fresh_started,,,,,,,,,0
033-threads64,True,progress,,parallel_prepared,,27,,,,,drivers_started,,,,,,,,,383
033-threads64,True,progress,,parallel_prepared,,27,,,,,prover_commit_started,,,,,,,,,390
033-threads64,True,progress,,parallel_prepared,,27,,,,,verifier_commit_started,,,,,,,,,398
033-threads64,True,progress,,parallel_prepared,,27,,,,,verifier_commit_received,,,,,,,,,405
033-threads64,True,progress,,parallel_prepared,,28,,,,,fresh_started,,,,,,,,,0
033-threads64,True,progress,,parallel_prepared,,28,,,,,drivers_started,,,,,,,,,354
033-threads64,True,progress,,parallel_prepared,,28,,,,,prover_commit_started,,,,,,,,,360
033-threads64,True,progress,,parallel_prepared,,28,,,,,verifier_commit_started,,,,,,,,,368
033-threads64,True,progress,,parallel_prepared,,28,,,,,verifier_commit_received,,,,,,,,,1962
033-threads64,True,progress,,parallel_prepared,,27,,,,,verifier_accept_returned,,,,,,,,,263153
033-threads64,True,progress,,parallel_prepared,,27,,,,,prover_commit_returned,,,,,,,,,264384
033-threads64,True,phase,,parallel_prepared,prepared,27,,,,,,,,,,,264414,,,
033-threads64,True,progress,,parallel_prepared,,28,,,,,verifier_accept_returned,,,,,,,,,277061
033-threads64,True,progress,,parallel_prepared,,28,,,,,prover_commit_returned,,,,,,,,,278943
033-threads64,True,phase,,parallel_prepared,prepared,28,,,,,,,,,,,278972,,,
033-threads64,True,phase,,parallel_prepared,verified,28,28,,,,,,,,,,278972,53506,121558,
033-threads64,True,job,,parallel_prepared,,,28,,,,,,,,,,,,,121752
033-threads64,True,phase,,parallel_prepared,verified,27,27,,,,,,,,,,264414,68852,123578,
033-threads64,True,job,,parallel_prepared,,,27,,,,,,,,,,,,,123705
033-threads64,True,block,,parallel_prepared,,,,13,,2,,,,,,,,,,456999
033-threads64,True,progress,,parallel_cold,,27,,,,,fresh_started,,,,,,,,,0
033-threads64,True,progress,,parallel_cold,,27,,,,,drivers_started,,,,,,,,,371
033-threads64,True,progress,,parallel_cold,,27,,,,,prover_commit_started,,,,,,,,,378
033-threads64,True,progress,,parallel_cold,,27,,,,,verifier_commit_started,,,,,,,,,385
033-threads64,True,progress,,parallel_cold,,28,,,,,fresh_started,,,,,,,,,0
033-threads64,True,progress,,parallel_cold,,28,,,,,drivers_started,,,,,,,,,285
033-threads64,True,progress,,parallel_cold,,28,,,,,prover_commit_started,,,,,,,,,289
033-threads64,True,progress,,parallel_cold,,28,,,,,verifier_commit_started,,,,,,,,,297
033-threads64,True,progress,,parallel_cold,,27,,,,,verifier_commit_received,,,,,,,,,694
033-threads64,True,progress,,parallel_cold,,28,,,,,verifier_commit_received,,,,,,,,,2697
033-threads64,True,progress,,parallel_cold,,28,,,,,verifier_accept_returned,,,,,,,,,274849
033-threads64,True,progress,,parallel_cold,,28,,,,,prover_commit_returned,,,,,,,,,275757
033-threads64,True,phase,,parallel_cold,prepared,28,,,,,,,,,,,275777,,,
033-threads64,True,progress,,parallel_cold,,27,,,,,verifier_accept_returned,,,,,,,,,281105
033-threads64,True,progress,,parallel_cold,,27,,,,,prover_commit_returned,,,,,,,,,281142
033-threads64,True,phase,,parallel_cold,prepared,27,,,,,,,,,,,281147,,,
033-threads64,True,phase,,parallel_cold,verified,28,28,,,,,,,,,,275777,0,116208,
033-threads64,True,job,,parallel_cold,,,28,,,,,,,,,,,,,393683
033-threads64,True,phase,,parallel_cold,verified,27,27,,,,,,,,,,281147,0,114533,
033-threads64,True,job,,parallel_cold,,,27,,,,,,,,,,,,,395825
033-threads64,True,block,,parallel_cold,,,,13,,2,,,,,,,,,,395847
033-threads64,True,progress,,parallel_cold,,29,,,,,fresh_started,,,,,,,,,0
033-threads64,True,progress,,parallel_cold,,29,,,,,drivers_started,,,,,,,,,370
033-threads64,True,progress,,parallel_cold,,29,,,,,prover_commit_started,,,,,,,,,377
033-threads64,True,progress,,parallel_cold,,29,,,,,verifier_commit_started,,,,,,,,,385
033-threads64,True,progress,,parallel_cold,,30,,,,,fresh_started,,,,,,,,,0
033-threads64,True,progress,,parallel_cold,,30,,,,,drivers_started,,,,,,,,,318
033-threads64,True,progress,,parallel_cold,,30,,,,,prover_commit_started,,,,,,,,,324
033-threads64,True,progress,,parallel_cold,,30,,,,,verifier_commit_started,,,,,,,,,328
033-threads64,True,progress,,parallel_cold,,29,,,,,verifier_commit_received,,,,,,,,,725
033-threads64,True,progress,,parallel_cold,,30,,,,,verifier_commit_received,,,,,,,,,2734
033-threads64,True,progress,,parallel_cold,,29,,,,,verifier_accept_returned,,,,,,,,,261349
033-threads64,True,progress,,parallel_cold,,29,,,,,prover_commit_returned,,,,,,,,,266267
033-threads64,True,phase,,parallel_cold,prepared,29,,,,,,,,,,,266300,,,
033-threads64,True,progress,,parallel_cold,,30,,,,,prover_commit_returned,,,,,,,,,270363
033-threads64,True,progress,,parallel_cold,,30,,,,,verifier_accept_returned,,,,,,,,,270393
033-threads64,True,phase,,parallel_cold,prepared,30,,,,,,,,,,,270398,,,
033-threads64,True,phase,,parallel_cold,verified,29,29,,,,,,,,,,266300,0,119971,
033-threads64,True,job,,parallel_cold,,,29,,,,,,,,,,,,,386517
033-threads64,True,phase,,parallel_cold,verified,30,30,,,,,,,,,,270398,0,119052,
033-threads64,True,job,,parallel_cold,,,30,,,,,,,,,,,,,389860
033-threads64,True,block,,parallel_cold,,,,14,,2,,,,,,,,,,390276
033-threads64,True,progress,,parallel_prepared,,29,,,,,fresh_started,,,,,,,,,0
033-threads64,True,progress,,parallel_prepared,,29,,,,,drivers_started,,,,,,,,,362
033-threads64,True,progress,,parallel_prepared,,29,,,,,prover_commit_started,,,,,,,,,375
033-threads64,True,progress,,parallel_prepared,,29,,,,,verifier_commit_started,,,,,,,,,384
033-threads64,True,progress,,parallel_prepared,,30,,,,,fresh_started,,,,,,,,,0
033-threads64,True,progress,,parallel_prepared,,30,,,,,drivers_started,,,,,,,,,297
033-threads64,True,progress,,parallel_prepared,,30,,,,,prover_commit_started,,,,,,,,,303
033-threads64,True,progress,,parallel_prepared,,30,,,,,verifier_commit_started,,,,,,,,,309
033-threads64,True,progress,,parallel_prepared,,30,,,,,verifier_commit_received,,,,,,,,,315
033-threads64,True,progress,,parallel_prepared,,29,,,,,verifier_commit_received,,,,,,,,,1424
033-threads64,True,progress,,parallel_prepared,,30,,,,,verifier_accept_returned,,,,,,,,,279520
033-threads64,True,progress,,parallel_prepared,,30,,,,,prover_commit_returned,,,,,,,,,280326
033-threads64,True,phase,,parallel_prepared,prepared,30,,,,,,,,,,,280341,,,
033-threads64,True,progress,,parallel_prepared,,29,,,,,verifier_accept_returned,,,,,,,,,282210
033-threads64,True,progress,,parallel_prepared,,29,,,,,prover_commit_returned,,,,,,,,,283773
033-threads64,True,phase,,parallel_prepared,prepared,29,,,,,,,,,,,283780,,,
033-threads64,True,phase,,parallel_prepared,verified,29,29,,,,,,,,,,283780,53062,123370,
033-threads64,True,job,,parallel_prepared,,,29,,,,,,,,,,,,,123610
033-threads64,True,phase,,parallel_prepared,verified,30,30,,,,,,,,,,280341,56495,124694,
033-threads64,True,job,,parallel_prepared,,,30,,,,,,,,,,,,,124820
033-threads64,True,block,,parallel_prepared,,,,14,,2,,,,,,,,,,462077
033-threads64,True,campaign,parallel,,,,,,,60,,,,,,,,,,12727301
033-threads64,True,progress,,sustained_cold,,1,,,,,fresh_started,,,,,,,,,0
033-threads64,True,progress,,sustained_cold,,1,,,,,drivers_started,,,,,,,,,423
033-threads64,True,progress,,sustained_cold,,1,,,,,prover_commit_started,,,,,,,,,434
033-threads64,True,progress,,sustained_cold,,1,,,,,verifier_commit_started,,,,,,,,,443
033-threads64,True,progress,,sustained_cold,,1,,,,,verifier_commit_received,,,,,,,,,449
033-threads64,True,progress,,sustained_cold,,2,,,,,fresh_started,,,,,,,,,0
033-threads64,True,progress,,sustained_cold,,2,,,,,drivers_started,,,,,,,,,342
033-threads64,True,progress,,sustained_cold,,2,,,,,prover_commit_started,,,,,,,,,354
033-threads64,True,progress,,sustained_cold,,2,,,,,verifier_commit_started,,,,,,,,,363
033-threads64,True,progress,,sustained_cold,,2,,,,,verifier_commit_received,,,,,,,,,1917
033-threads64,True,progress,,sustained_cold,,2,,,,,verifier_accept_returned,,,,,,,,,281152
033-threads64,True,progress,,sustained_cold,,1,,,,,verifier_accept_returned,,,,,,,,,282680
033-threads64,True,progress,,sustained_cold,,1,,,,,prover_commit_returned,,,,,,,,,283815
033-threads64,True,phase,,sustained_cold,prepared,1,,,,,,,,,,,283835,,,
033-threads64,True,progress,,sustained_cold,,2,,,,,prover_commit_returned,,,,,,,,,282910
033-threads64,True,phase,,sustained_cold,prepared,2,,,,,,,,,,,282916,,,
033-threads64,True,phase,,sustained_cold,verified,1,1,,,,,,,,,,283835,9,127478,
033-threads64,True,job,,sustained_cold,,,1,,,,,,,,,,,,,411547
033-threads64,True,phase,,sustained_cold,verified,2,2,,,,,,,,,,282916,0,128665,
033-threads64,True,job,,sustained_cold,,,2,,,,,,,,,,,,,411746
033-threads64,True,block,,sustained_cold,,,,0,,2,,,,,,,,,,413086
033-threads64,True,progress,,sustained_prepared,,1,,,,,fresh_started,,,,,,,,,0
033-threads64,True,progress,,sustained_prepared,,1,,,,,drivers_started,,,,,,,,,379
033-threads64,True,progress,,sustained_prepared,,1,,,,,prover_commit_started,,,,,,,,,401
033-threads64,True,progress,,sustained_prepared,,1,,,,,verifier_commit_started,,,,,,,,,415
033-threads64,True,progress,,sustained_prepared,,1,,,,,verifier_commit_received,,,,,,,,,446
033-threads64,True,progress,,sustained_prepared,,1,,,,,verifier_accept_returned,,,,,,,,,227462
033-threads64,True,progress,,sustained_prepared,,1,,,,,prover_commit_returned,,,,,,,,,229022
033-threads64,True,phase,,sustained_prepared,prepared,1,,,,,,,,,,,229044,,,
033-threads64,True,progress,,sustained_prepared,,2,,,,,fresh_started,,,,,,,,,0
033-threads64,True,progress,,sustained_prepared,,2,,,,,drivers_started,,,,,,,,,464
033-threads64,True,progress,,sustained_prepared,,2,,,,,prover_commit_started,,,,,,,,,476
033-threads64,True,progress,,sustained_prepared,,2,,,,,verifier_commit_started,,,,,,,,,485
033-threads64,True,progress,,sustained_prepared,,2,,,,,verifier_commit_received,,,,,,,,,562
033-threads64,True,progress,,sustained_prepared,,2,,,,,verifier_accept_returned,,,,,,,,,225939
033-threads64,True,progress,,sustained_prepared,,2,,,,,prover_commit_returned,,,,,,,,,227580
033-threads64,True,phase,,sustained_prepared,prepared,2,,,,,,,,,,,227593,,,
033-threads64,True,phase,,sustained_prepared,verified,1,1,,,,,,,,,,229044,280651,123386,
033-threads64,True,job,,sustained_prepared,,,1,,,,,,,,,,,,,123650
033-threads64,True,phase,,sustained_prepared,verified,2,2,,,,,,,,,,227593,53456,124835,
033-threads64,True,job,,sustained_prepared,,,2,,,,,,,,,,,,,124976
033-threads64,True,block,,sustained_prepared,,,,0,,2,,,,,,,,,,635102
033-threads64,True,progress,,sustained_prepared,,3,,,,,fresh_started,,,,,,,,,0
033-threads64,True,progress,,sustained_prepared,,3,,,,,drivers_started,,,,,,,,,358
033-threads64,True,progress,,sustained_prepared,,3,,,,,prover_commit_started,,,,,,,,,364
033-threads64,True,progress,,sustained_prepared,,3,,,,,verifier_commit_started,,,,,,,,,371
033-threads64,True,progress,,sustained_prepared,,3,,,,,verifier_commit_received,,,,,,,,,377
033-threads64,True,progress,,sustained_prepared,,3,,,,,verifier_accept_returned,,,,,,,,,235280
033-threads64,True,progress,,sustained_prepared,,3,,,,,prover_commit_returned,,,,,,,,,236796
033-threads64,True,phase,,sustained_prepared,prepared,3,,,,,,,,,,,236809,,,
033-threads64,True,progress,,sustained_prepared,,4,,,,,fresh_started,,,,,,,,,0
033-threads64,True,progress,,sustained_prepared,,4,,,,,drivers_started,,,,,,,,,390
033-threads64,True,progress,,sustained_prepared,,4,,,,,prover_commit_started,,,,,,,,,396
033-threads64,True,progress,,sustained_prepared,,4,,,,,verifier_commit_started,,,,,,,,,404
033-threads64,True,progress,,sustained_prepared,,4,,,,,verifier_commit_received,,,,,,,,,411
033-threads64,True,progress,,sustained_prepared,,4,,,,,verifier_accept_returned,,,,,,,,,243865
033-threads64,True,progress,,sustained_prepared,,4,,,,,prover_commit_returned,,,,,,,,,245756
033-threads64,True,phase,,sustained_prepared,prepared,4,,,,,,,,,,,245765,,,
033-threads64,True,phase,,sustained_prepared,verified,3,3,,,,,,,,,,236809,298313,121137,
033-threads64,True,job,,sustained_prepared,,,3,,,,,,,,,,,,,121371
033-threads64,True,phase,,sustained_prepared,verified,4,4,,,,,,,,,,245765,52922,122274,
033-threads64,True,job,,sustained_prepared,,,4,,,,,,,,,,,,,122417
033-threads64,True,block,,sustained_prepared,,,,1,,2,,,,,,,,,,657941
033-threads64,True,progress,,sustained_cold,,3,,,,,fresh_started,,,,,,,,,0
033-threads64,True,progress,,sustained_cold,,3,,,,,drivers_started,,,,,,,,,403
033-threads64,True,progress,,sustained_cold,,3,,,,,prover_commit_started,,,,,,,,,409
033-threads64,True,progress,,sustained_cold,,3,,,,,verifier_commit_started,,,,,,,,,417
033-threads64,True,progress,,sustained_cold,,4,,,,,fresh_started,,,,,,,,,0
033-threads64,True,progress,,sustained_cold,,4,,,,,drivers_started,,,,,,,,,363
033-threads64,True,progress,,sustained_cold,,4,,,,,prover_commit_started,,,,,,,,,376
033-threads64,True,progress,,sustained_cold,,4,,,,,verifier_commit_started,,,,,,,,,385
033-threads64,True,progress,,sustained_cold,,3,,,,,verifier_commit_received,,,,,,,,,818
033-threads64,True,progress,,sustained_cold,,4,,,,,verifier_commit_received,,,,,,,,,2726
033-threads64,True,progress,,sustained_cold,,4,,,,,verifier_accept_returned,,,,,,,,,281542
033-threads64,True,progress,,sustained_cold,,4,,,,,prover_commit_returned,,,,,,,,,282693
033-threads64,True,phase,,sustained_cold,prepared,4,,,,,,,,,,,282719,,,
033-threads64,True,progress,,sustained_cold,,3,,,,,verifier_accept_returned,,,,,,,,,292700
033-threads64,True,progress,,sustained_cold,,3,,,,,prover_commit_returned,,,,,,,,,295643
033-threads64,True,phase,,sustained_cold,prepared,3,,,,,,,,,,,295664,,,
033-threads64,True,phase,,sustained_cold,verified,4,4,,,,,,,,,,282719,0,119297,
033-threads64,True,job,,sustained_cold,,,4,,,,,,,,,,,,,402173
033-threads64,True,phase,,sustained_cold,verified,3,3,,,,,,,,,,295664,0,110511,
033-threads64,True,job,,sustained_cold,,,3,,,,,,,,,,,,,406330
033-threads64,True,block,,sustained_cold,,,,1,,2,,,,,,,,,,406347
033-threads64,True,progress,,sustained_cold,,5,,,,,fresh_started,,,,,,,,,0
033-threads64,True,progress,,sustained_cold,,5,,,,,drivers_started,,,,,,,,,443
033-threads64,True,progress,,sustained_cold,,5,,,,,prover_commit_started,,,,,,,,,449
033-threads64,True,progress,,sustained_cold,,5,,,,,verifier_commit_started,,,,,,,,,459
033-threads64,True,progress,,sustained_cold,,6,,,,,fresh_started,,,,,,,,,0
033-threads64,True,progress,,sustained_cold,,6,,,,,drivers_started,,,,,,,,,340
033-threads64,True,progress,,sustained_cold,,6,,,,,prover_commit_started,,,,,,,,,344
033-threads64,True,progress,,sustained_cold,,6,,,,,verifier_commit_started,,,,,,,,,350
033-threads64,True,progress,,sustained_cold,,6,,,,,verifier_commit_received,,,,,,,,,354
033-threads64,True,progress,,sustained_cold,,5,,,,,verifier_commit_received,,,,,,,,,3164
033-threads64,True,progress,,sustained_cold,,5,,,,,verifier_accept_returned,,,,,,,,,264069
033-threads64,True,progress,,sustained_cold,,5,,,,,prover_commit_returned,,,,,,,,,265479
033-threads64,True,phase,,sustained_cold,prepared,5,,,,,,,,,,,265504,,,
033-threads64,True,progress,,sustained_cold,,6,,,,,verifier_accept_returned,,,,,,,,,269325
033-threads64,True,progress,,sustained_cold,,6,,,,,prover_commit_returned,,,,,,,,,269520
033-threads64,True,phase,,sustained_cold,prepared,6,,,,,,,,,,,269527,,,
033-threads64,True,phase,,sustained_cold,verified,5,5,,,,,,,,,,265504,0,116267,
033-threads64,True,job,,sustained_cold,,,5,,,,,,,,,,,,,381933
033-threads64,True,phase,,sustained_cold,verified,6,6,,,,,,,,,,269527,0,113318,
033-threads64,True,job,,sustained_cold,,,6,,,,,,,,,,,,,382965
033-threads64,True,block,,sustained_cold,,,,2,,2,,,,,,,,,,383455
033-threads64,True,progress,,sustained_prepared,,5,,,,,fresh_started,,,,,,,,,0
033-threads64,True,progress,,sustained_prepared,,5,,,,,drivers_started,,,,,,,,,381
033-threads64,True,progress,,sustained_prepared,,5,,,,,prover_commit_started,,,,,,,,,390
033-threads64,True,progress,,sustained_prepared,,5,,,,,verifier_commit_started,,,,,,,,,403
033-threads64,True,progress,,sustained_prepared,,5,,,,,verifier_commit_received,,,,,,,,,415
033-threads64,True,progress,,sustained_prepared,,5,,,,,verifier_accept_returned,,,,,,,,,224932
033-threads64,True,progress,,sustained_prepared,,5,,,,,prover_commit_returned,,,,,,,,,226361
033-threads64,True,phase,,sustained_prepared,prepared,5,,,,,,,,,,,226373,,,
033-threads64,True,progress,,sustained_prepared,,6,,,,,fresh_started,,,,,,,,,0
033-threads64,True,progress,,sustained_prepared,,6,,,,,drivers_started,,,,,,,,,396
033-threads64,True,progress,,sustained_prepared,,6,,,,,prover_commit_started,,,,,,,,,402
033-threads64,True,progress,,sustained_prepared,,6,,,,,verifier_commit_started,,,,,,,,,414
033-threads64,True,progress,,sustained_prepared,,6,,,,,verifier_commit_received,,,,,,,,,448
033-threads64,True,progress,,sustained_prepared,,6,,,,,verifier_accept_returned,,,,,,,,,230300
033-threads64,True,progress,,sustained_prepared,,6,,,,,prover_commit_returned,,,,,,,,,232228
033-threads64,True,phase,,sustained_prepared,prepared,6,,,,,,,,,,,232248,,,
033-threads64,True,phase,,sustained_prepared,verified,5,5,,,,,,,,,,226373,285316,120122,
033-threads64,True,job,,sustained_prepared,,,5,,,,,,,,,,,,,120361
033-threads64,True,phase,,sustained_prepared,verified,6,6,,,,,,,,,,232248,53448,121442,
033-threads64,True,job,,sustained_prepared,,,6,,,,,,,,,,,,,121571
033-threads64,True,block,,sustained_prepared,,,,2,,2,,,,,,,,,,633665
033-threads64,True,progress,,sustained_prepared,,7,,,,,fresh_started,,,,,,,,,0
033-threads64,True,progress,,sustained_prepared,,7,,,,,drivers_started,,,,,,,,,638
033-threads64,True,progress,,sustained_prepared,,7,,,,,prover_commit_started,,,,,,,,,651
033-threads64,True,progress,,sustained_prepared,,7,,,,,verifier_commit_started,,,,,,,,,664
033-threads64,True,progress,,sustained_prepared,,7,,,,,verifier_commit_received,,,,,,,,,682
033-threads64,True,progress,,sustained_prepared,,7,,,,,verifier_accept_returned,,,,,,,,,241338
033-threads64,True,progress,,sustained_prepared,,7,,,,,prover_commit_returned,,,,,,,,,242741
033-threads64,True,phase,,sustained_prepared,prepared,7,,,,,,,,,,,242751,,,
033-threads64,True,progress,,sustained_prepared,,8,,,,,fresh_started,,,,,,,,,0
033-threads64,True,progress,,sustained_prepared,,8,,,,,drivers_started,,,,,,,,,437
033-threads64,True,progress,,sustained_prepared,,8,,,,,prover_commit_started,,,,,,,,,443
033-threads64,True,progress,,sustained_prepared,,8,,,,,verifier_commit_started,,,,,,,,,450
033-threads64,True,progress,,sustained_prepared,,8,,,,,verifier_commit_received,,,,,,,,,458
033-threads64,True,progress,,sustained_prepared,,8,,,,,verifier_accept_returned,,,,,,,,,237279
033-threads64,True,progress,,sustained_prepared,,8,,,,,prover_commit_returned,,,,,,,,,239022
033-threads64,True,phase,,sustained_prepared,prepared,8,,,,,,,,,,,239050,,,
033-threads64,True,phase,,sustained_prepared,verified,8,8,,,,,,,,,,239050,53459,123126,
033-threads64,True,job,,sustained_prepared,,,8,,,,,,,,,,,,,123252
033-threads64,True,phase,,sustained_prepared,verified,7,7,,,,,,,,,,242751,292131,124872,
033-threads64,True,job,,sustained_prepared,,,7,,,,,,,,,,,,,125007
033-threads64,True,block,,sustained_prepared,,,,3,,2,,,,,,,,,,659927
033-threads64,True,progress,,sustained_cold,,7,,,,,fresh_started,,,,,,,,,0
033-threads64,True,progress,,sustained_cold,,7,,,,,drivers_started,,,,,,,,,400
033-threads64,True,progress,,sustained_cold,,7,,,,,prover_commit_started,,,,,,,,,410
033-threads64,True,progress,,sustained_cold,,7,,,,,verifier_commit_started,,,,,,,,,418
033-threads64,True,progress,,sustained_cold,,8,,,,,fresh_started,,,,,,,,,0
033-threads64,True,progress,,sustained_cold,,8,,,,,drivers_started,,,,,,,,,300
033-threads64,True,progress,,sustained_cold,,8,,,,,prover_commit_started,,,,,,,,,304
033-threads64,True,progress,,sustained_cold,,8,,,,,verifier_commit_started,,,,,,,,,314
033-threads64,True,progress,,sustained_cold,,8,,,,,verifier_commit_received,,,,,,,,,321
033-threads64,True,progress,,sustained_cold,,7,,,,,verifier_commit_received,,,,,,,,,3402
033-threads64,True,progress,,sustained_cold,,7,,,,,verifier_accept_returned,,,,,,,,,272864
033-threads64,True,progress,,sustained_cold,,7,,,,,prover_commit_returned,,,,,,,,,273811
033-threads64,True,phase,,sustained_cold,prepared,7,,,,,,,,,,,273826,,,
033-threads64,True,progress,,sustained_cold,,8,,,,,verifier_accept_returned,,,,,,,,,286702
033-threads64,True,progress,,sustained_cold,,8,,,,,prover_commit_returned,,,,,,,,,286912
033-threads64,True,phase,,sustained_cold,prepared,8,,,,,,,,,,,286919,,,
033-threads64,True,phase,,sustained_cold,verified,7,7,,,,,,,,,,273826,0,128576,
033-threads64,True,job,,sustained_cold,,,7,,,,,,,,,,,,,404379
033-threads64,True,phase,,sustained_cold,verified,8,8,,,,,,,,,,286919,0,118659,
033-threads64,True,job,,sustained_cold,,,8,,,,,,,,,,,,,405949
033-threads64,True,block,,sustained_cold,,,,3,,2,,,,,,,,,,406394
033-threads64,True,progress,,sustained_cold,,9,,,,,fresh_started,,,,,,,,,0
033-threads64,True,progress,,sustained_cold,,9,,,,,drivers_started,,,,,,,,,410
033-threads64,True,progress,,sustained_cold,,9,,,,,prover_commit_started,,,,,,,,,426
033-threads64,True,progress,,sustained_cold,,9,,,,,verifier_commit_started,,,,,,,,,436
033-threads64,True,progress,,sustained_cold,,10,,,,,fresh_started,,,,,,,,,0
033-threads64,True,progress,,sustained_cold,,10,,,,,drivers_started,,,,,,,,,369
033-threads64,True,progress,,sustained_cold,,10,,,,,prover_commit_started,,,,,,,,,377
033-threads64,True,progress,,sustained_cold,,10,,,,,verifier_commit_started,,,,,,,,,383
033-threads64,True,progress,,sustained_cold,,9,,,,,verifier_commit_received,,,,,,,,,834
033-threads64,True,progress,,sustained_cold,,10,,,,,verifier_commit_received,,,,,,,,,2932
033-threads64,True,progress,,sustained_cold,,10,,,,,verifier_accept_returned,,,,,,,,,281138
033-threads64,True,progress,,sustained_cold,,10,,,,,prover_commit_returned,,,,,,,,,286141
033-threads64,True,phase,,sustained_cold,prepared,10,,,,,,,,,,,286162,,,
033-threads64,True,progress,,sustained_cold,,9,,,,,verifier_accept_returned,,,,,,,,,290923
033-threads64,True,progress,,sustained_cold,,9,,,,,prover_commit_returned,,,,,,,,,293418
033-threads64,True,phase,,sustained_cold,prepared,9,,,,,,,,,,,293436,,,
033-threads64,True,phase,,sustained_cold,verified,10,10,,,,,,,,,,286162,0,123232,
033-threads64,True,job,,sustained_cold,,,10,,,,,,,,,,,,,409508
033-threads64,True,phase,,sustained_cold,verified,9,9,,,,,,,,,,293436,0,118230,
033-threads64,True,job,,sustained_cold,,,9,,,,,,,,,,,,,411806
033-threads64,True,block,,sustained_cold,,,,4,,2,,,,,,,,,,411823
033-threads64,True,progress,,sustained_prepared,,9,,,,,fresh_started,,,,,,,,,0
033-threads64,True,progress,,sustained_prepared,,9,,,,,drivers_started,,,,,,,,,396
033-threads64,True,progress,,sustained_prepared,,9,,,,,prover_commit_started,,,,,,,,,401
033-threads64,True,progress,,sustained_prepared,,9,,,,,verifier_commit_started,,,,,,,,,408
033-threads64,True,progress,,sustained_prepared,,9,,,,,verifier_commit_received,,,,,,,,,433
033-threads64,True,progress,,sustained_prepared,,9,,,,,verifier_accept_returned,,,,,,,,,239522
033-threads64,True,progress,,sustained_prepared,,9,,,,,prover_commit_returned,,,,,,,,,241467
033-threads64,True,phase,,sustained_prepared,prepared,9,,,,,,,,,,,241486,,,
033-threads64,True,progress,,sustained_prepared,,10,,,,,fresh_started,,,,,,,,,0
033-threads64,True,progress,,sustained_prepared,,10,,,,,drivers_started,,,,,,,,,422
033-threads64,True,progress,,sustained_prepared,,10,,,,,prover_commit_started,,,,,,,,,431
033-threads64,True,progress,,sustained_prepared,,10,,,,,verifier_commit_started,,,,,,,,,438
033-threads64,True,progress,,sustained_prepared,,10,,,,,verifier_commit_received,,,,,,,,,446
033-threads64,True,progress,,sustained_prepared,,10,,,,,verifier_accept_returned,,,,,,,,,232221
033-threads64,True,progress,,sustained_prepared,,10,,,,,prover_commit_returned,,,,,,,,,233862
033-threads64,True,phase,,sustained_prepared,prepared,10,,,,,,,,,,,233883,,,
033-threads64,True,phase,,sustained_prepared,verified,10,10,,,,,,,,,,233883,53422,118299,
033-threads64,True,job,,sustained_prepared,,,10,,,,,,,,,,,,,118514
033-threads64,True,phase,,sustained_prepared,verified,9,9,,,,,,,,,,241486,286937,120127,
033-threads64,True,job,,sustained_prepared,,,9,,,,,,,,,,,,,120236
033-threads64,True,block,,sustained_prepared,,,,4,,2,,,,,,,,,,648691
033-threads64,True,progress,,sustained_prepared,,11,,,,,fresh_started,,,,,,,,,0
033-threads64,True,progress,,sustained_prepared,,11,,,,,drivers_started,,,,,,,,,454
033-threads64,True,progress,,sustained_prepared,,11,,,,,prover_commit_started,,,,,,,,,469
033-threads64,True,progress,,sustained_prepared,,11,,,,,verifier_commit_started,,,,,,,,,480
033-threads64,True,progress,,sustained_prepared,,11,,,,,verifier_commit_received,,,,,,,,,499
033-threads64,True,progress,,sustained_prepared,,11,,,,,verifier_accept_returned,,,,,,,,,256418
033-threads64,True,progress,,sustained_prepared,,11,,,,,prover_commit_returned,,,,,,,,,258042
033-threads64,True,phase,,sustained_prepared,prepared,11,,,,,,,,,,,258062,,,
033-threads64,True,progress,,sustained_prepared,,12,,,,,fresh_started,,,,,,,,,0
033-threads64,True,progress,,sustained_prepared,,12,,,,,drivers_started,,,,,,,,,403
033-threads64,True,progress,,sustained_prepared,,12,,,,,prover_commit_started,,,,,,,,,413
033-threads64,True,progress,,sustained_prepared,,12,,,,,verifier_commit_started,,,,,,,,,424
033-threads64,True,progress,,sustained_prepared,,12,,,,,verifier_commit_received,,,,,,,,,447
033-threads64,True,progress,,sustained_prepared,,12,,,,,verifier_accept_returned,,,,,,,,,229547
033-threads64,True,progress,,sustained_prepared,,12,,,,,prover_commit_returned,,,,,,,,,230805
033-threads64,True,phase,,sustained_prepared,prepared,12,,,,,,,,,,,230814,,,
033-threads64,True,phase,,sustained_prepared,verified,11,11,,,,,,,,,,258062,283878,123508,
033-threads64,True,job,,sustained_prepared,,,11,,,,,,,,,,,,,123753
033-threads64,True,phase,,sustained_prepared,verified,12,12,,,,,,,,,,230814,53424,124875,
033-threads64,True,job,,sustained_prepared,,,12,,,,,,,,,,,,,125004
033-threads64,True,block,,sustained_prepared,,,,5,,2,,,,,,,,,,667327
033-threads64,True,progress,,sustained_cold,,11,,,,,fresh_started,,,,,,,,,0
033-threads64,True,progress,,sustained_cold,,11,,,,,drivers_started,,,,,,,,,426
033-threads64,True,progress,,sustained_cold,,11,,,,,prover_commit_started,,,,,,,,,431
033-threads64,True,progress,,sustained_cold,,11,,,,,verifier_commit_started,,,,,,,,,439
033-threads64,True,progress,,sustained_cold,,12,,,,,fresh_started,,,,,,,,,0
033-threads64,True,progress,,sustained_cold,,12,,,,,drivers_started,,,,,,,,,361
033-threads64,True,progress,,sustained_cold,,12,,,,,prover_commit_started,,,,,,,,,365
033-threads64,True,progress,,sustained_cold,,12,,,,,verifier_commit_started,,,,,,,,,370
033-threads64,True,progress,,sustained_cold,,12,,,,,verifier_commit_received,,,,,,,,,377
033-threads64,True,progress,,sustained_cold,,11,,,,,verifier_commit_received,,,,,,,,,3411
033-threads64,True,progress,,sustained_cold,,11,,,,,verifier_accept_returned,,,,,,,,,268620
033-threads64,True,progress,,sustained_cold,,11,,,,,prover_commit_returned,,,,,,,,,270035
033-threads64,True,phase,,sustained_cold,prepared,11,,,,,,,,,,,270049,,,
033-threads64,True,progress,,sustained_cold,,12,,,,,verifier_accept_returned,,,,,,,,,269983
033-threads64,True,progress,,sustained_cold,,12,,,,,prover_commit_returned,,,,,,,,,274647
033-threads64,True,phase,,sustained_cold,prepared,12,,,,,,,,,,,274678,,,
033-threads64,True,phase,,sustained_cold,verified,12,12,,,,,,,,,,274678,0,115341,
033-threads64,True,job,,sustained_cold,,,12,,,,,,,,,,,,,390166
033-threads64,True,phase,,sustained_cold,verified,11,11,,,,,,,,,,270049,0,121477,
033-threads64,True,job,,sustained_cold,,,11,,,,,,,,,,,,,391720
033-threads64,True,block,,sustained_cold,,,,5,,2,,,,,,,,,,391744
033-threads64,True,progress,,sustained_cold,,13,,,,,fresh_started,,,,,,,,,0
033-threads64,True,progress,,sustained_cold,,13,,,,,drivers_started,,,,,,,,,388
033-threads64,True,progress,,sustained_cold,,13,,,,,prover_commit_started,,,,,,,,,393
033-threads64,True,progress,,sustained_cold,,13,,,,,verifier_commit_started,,,,,,,,,400
033-threads64,True,progress,,sustained_cold,,14,,,,,fresh_started,,,,,,,,,0
033-threads64,True,progress,,sustained_cold,,14,,,,,drivers_started,,,,,,,,,393
033-threads64,True,progress,,sustained_cold,,14,,,,,prover_commit_started,,,,,,,,,396
033-threads64,True,progress,,sustained_cold,,14,,,,,verifier_commit_started,,,,,,,,,400
033-threads64,True,progress,,sustained_cold,,13,,,,,verifier_commit_received,,,,,,,,,811
033-threads64,True,progress,,sustained_cold,,14,,,,,verifier_commit_received,,,,,,,,,2736
033-threads64,True,progress,,sustained_cold,,14,,,,,verifier_accept_returned,,,,,,,,,260511
033-threads64,True,progress,,sustained_cold,,14,,,,,prover_commit_returned,,,,,,,,,261813
033-threads64,True,phase,,sustained_cold,prepared,14,,,,,,,,,,,261825,,,
033-threads64,True,progress,,sustained_cold,,13,,,,,verifier_accept_returned,,,,,,,,,266657
033-threads64,True,progress,,sustained_cold,,13,,,,,prover_commit_returned,,,,,,,,,269098
033-threads64,True,phase,,sustained_cold,prepared,13,,,,,,,,,,,269115,,,
033-threads64,True,phase,,sustained_cold,verified,14,14,,,,,,,,,,261825,0,117028,
033-threads64,True,job,,sustained_cold,,,14,,,,,,,,,,,,,380592
033-threads64,True,phase,,sustained_cold,verified,13,13,,,,,,,,,,269115,0,113529,
033-threads64,True,job,,sustained_cold,,,13,,,,,,,,,,,,,382839
033-threads64,True,block,,sustained_cold,,,,6,,2,,,,,,,,,,382860
033-threads64,True,progress,,sustained_prepared,,13,,,,,fresh_started,,,,,,,,,0
033-threads64,True,progress,,sustained_prepared,,13,,,,,drivers_started,,,,,,,,,351
033-threads64,True,progress,,sustained_prepared,,13,,,,,prover_commit_started,,,,,,,,,358
033-threads64,True,progress,,sustained_prepared,,13,,,,,verifier_commit_started,,,,,,,,,365
033-threads64,True,progress,,sustained_prepared,,13,,,,,verifier_commit_received,,,,,,,,,373
033-threads64,True,progress,,sustained_prepared,,13,,,,,verifier_accept_returned,,,,,,,,,236274
033-threads64,True,progress,,sustained_prepared,,13,,,,,prover_commit_returned,,,,,,,,,238009
033-threads64,True,phase,,sustained_prepared,prepared,13,,,,,,,,,,,238032,,,
033-threads64,True,progress,,sustained_prepared,,14,,,,,fresh_started,,,,,,,,,0
033-threads64,True,progress,,sustained_prepared,,14,,,,,drivers_started,,,,,,,,,402
033-threads64,True,progress,,sustained_prepared,,14,,,,,prover_commit_started,,,,,,,,,412
033-threads64,True,progress,,sustained_prepared,,14,,,,,verifier_commit_started,,,,,,,,,420
033-threads64,True,progress,,sustained_prepared,,14,,,,,verifier_commit_received,,,,,,,,,444
033-threads64,True,progress,,sustained_prepared,,14,,,,,verifier_accept_returned,,,,,,,,,239029
033-threads64,True,progress,,sustained_prepared,,14,,,,,prover_commit_returned,,,,,,,,,240340
033-threads64,True,phase,,sustained_prepared,prepared,14,,,,,,,,,,,240363,,,
033-threads64,True,phase,,sustained_prepared,verified,13,13,,,,,,,,,,238032,293406,122493,
033-threads64,True,job,,sustained_prepared,,,13,,,,,,,,,,,,,122760
033-threads64,True,phase,,sustained_prepared,verified,14,14,,,,,,,,,,240363,53424,123369,
033-threads64,True,job,,sustained_prepared,,,14,,,,,,,,,,,,,123520
033-threads64,True,block,,sustained_prepared,,,,6,,2,,,,,,,,,,655362
033-threads64,True,progress,,sustained_prepared,,15,,,,,fresh_started,,,,,,,,,0
033-threads64,True,progress,,sustained_prepared,,15,,,,,drivers_started,,,,,,,,,407
033-threads64,True,progress,,sustained_prepared,,15,,,,,prover_commit_started,,,,,,,,,432
033-threads64,True,progress,,sustained_prepared,,15,,,,,verifier_commit_started,,,,,,,,,447
033-threads64,True,progress,,sustained_prepared,,15,,,,,verifier_commit_received,,,,,,,,,473
033-threads64,True,progress,,sustained_prepared,,15,,,,,verifier_accept_returned,,,,,,,,,225826
033-threads64,True,progress,,sustained_prepared,,15,,,,,prover_commit_returned,,,,,,,,,227323
033-threads64,True,phase,,sustained_prepared,prepared,15,,,,,,,,,,,227345,,,
033-threads64,True,progress,,sustained_prepared,,16,,,,,fresh_started,,,,,,,,,0
033-threads64,True,progress,,sustained_prepared,,16,,,,,drivers_started,,,,,,,,,414
033-threads64,True,progress,,sustained_prepared,,16,,,,,prover_commit_started,,,,,,,,,422
033-threads64,True,progress,,sustained_prepared,,16,,,,,verifier_commit_started,,,,,,,,,434
033-threads64,True,progress,,sustained_prepared,,16,,,,,verifier_commit_received,,,,,,,,,457
033-threads64,True,progress,,sustained_prepared,,16,,,,,verifier_accept_returned,,,,,,,,,227652
033-threads64,True,progress,,sustained_prepared,,16,,,,,prover_commit_returned,,,,,,,,,229368
033-threads64,True,phase,,sustained_prepared,prepared,16,,,,,,,,,,,229391,,,
033-threads64,True,phase,,sustained_prepared,verified,15,15,,,,,,,,,,227345,280732,118843,
033-threads64,True,job,,sustained_prepared,,,15,,,,,,,,,,,,,120494
033-threads64,True,phase,,sustained_prepared,verified,16,16,,,,,,,,,,229391,51766,121742,
033-threads64,True,job,,sustained_prepared,,,16,,,,,,,,,,,,,121879
033-threads64,True,block,,sustained_prepared,,,,7,,2,,,,,,,,,,630406
033-threads64,True,progress,,sustained_cold,,15,,,,,fresh_started,,,,,,,,,0
033-threads64,True,progress,,sustained_cold,,15,,,,,drivers_started,,,,,,,,,408
033-threads64,True,progress,,sustained_cold,,15,,,,,prover_commit_started,,,,,,,,,414
033-threads64,True,progress,,sustained_cold,,15,,,,,verifier_commit_started,,,,,,,,,421
033-threads64,True,progress,,sustained_cold,,15,,,,,verifier_commit_received,,,,,,,,,426
033-threads64,True,progress,,sustained_cold,,16,,,,,fresh_started,,,,,,,,,0
033-threads64,True,progress,,sustained_cold,,16,,,,,drivers_started,,,,,,,,,329
033-threads64,True,progress,,sustained_cold,,16,,,,,prover_commit_started,,,,,,,,,332
033-threads64,True,progress,,sustained_cold,,16,,,,,verifier_commit_started,,,,,,,,,336
033-threads64,True,progress,,sustained_cold,,16,,,,,verifier_commit_received,,,,,,,,,1880
033-threads64,True,progress,,sustained_cold,,16,,,,,verifier_accept_returned,,,,,,,,,265246
033-threads64,True,progress,,sustained_cold,,16,,,,,prover_commit_returned,,,,,,,,,265938
033-threads64,True,phase,,sustained_cold,prepared,16,,,,,,,,,,,265951,,,
033-threads64,True,progress,,sustained_cold,,15,,,,,verifier_accept_returned,,,,,,,,,268710
033-threads64,True,progress,,sustained_cold,,15,,,,,prover_commit_returned,,,,,,,,,271823
033-threads64,True,phase,,sustained_cold,prepared,15,,,,,,,,,,,271838,,,
033-threads64,True,phase,,sustained_cold,verified,15,15,,,,,,,,,,271838,0,115279,
033-threads64,True,job,,sustained_cold,,,15,,,,,,,,,,,,,388771
033-threads64,True,phase,,sustained_cold,verified,16,16,,,,,,,,,,265951,0,123250,
033-threads64,True,job,,sustained_cold,,,16,,,,,,,,,,,,,389332
033-threads64,True,block,,sustained_cold,,,,7,,2,,,,,,,,,,390525
033-threads64,True,progress,,sustained_cold,,17,,,,,fresh_started,,,,,,,,,0
033-threads64,True,progress,,sustained_cold,,17,,,,,drivers_started,,,,,,,,,388
033-threads64,True,progress,,sustained_cold,,17,,,,,prover_commit_started,,,,,,,,,394
033-threads64,True,progress,,sustained_cold,,17,,,,,verifier_commit_started,,,,,,,,,401
033-threads64,True,progress,,sustained_cold,,18,,,,,fresh_started,,,,,,,,,0
033-threads64,True,progress,,sustained_cold,,18,,,,,drivers_started,,,,,,,,,278
033-threads64,True,progress,,sustained_cold,,18,,,,,prover_commit_started,,,,,,,,,283
033-threads64,True,progress,,sustained_cold,,18,,,,,verifier_commit_started,,,,,,,,,287
033-threads64,True,progress,,sustained_cold,,18,,,,,verifier_commit_received,,,,,,,,,296
033-threads64,True,progress,,sustained_cold,,17,,,,,verifier_commit_received,,,,,,,,,3094
033-threads64,True,progress,,sustained_cold,,18,,,,,verifier_accept_returned,,,,,,,,,265112
033-threads64,True,progress,,sustained_cold,,18,,,,,prover_commit_returned,,,,,,,,,275601
033-threads64,True,phase,,sustained_cold,prepared,18,,,,,,,,,,,275640,,,
033-threads64,True,progress,,sustained_cold,,17,,,,,verifier_accept_returned,,,,,,,,,286526
033-threads64,True,progress,,sustained_cold,,17,,,,,prover_commit_returned,,,,,,,,,286564
033-threads64,True,phase,,sustained_cold,prepared,17,,,,,,,,,,,286569,,,
033-threads64,True,phase,,sustained_cold,verified,18,18,,,,,,,,,,275640,1,100380,
033-threads64,True,job,,sustained_cold,,,18,,,,,,,,,,,,,387142
033-threads64,True,phase,,sustained_cold,verified,17,17,,,,,,,,,,286569,0,112645,
033-threads64,True,job,,sustained_cold,,,17,,,,,,,,,,,,,399360
033-threads64,True,block,,sustained_cold,,,,8,,2,,,,,,,,,,399393
033-threads64,True,progress,,sustained_prepared,,17,,,,,fresh_started,,,,,,,,,0
033-threads64,True,progress,,sustained_prepared,,17,,,,,drivers_started,,,,,,,,,383
033-threads64,True,progress,,sustained_prepared,,17,,,,,prover_commit_started,,,,,,,,,395
033-threads64,True,progress,,sustained_prepared,,17,,,,,verifier_commit_started,,,,,,,,,404
033-threads64,True,progress,,sustained_prepared,,17,,,,,verifier_commit_received,,,,,,,,,437
033-threads64,True,progress,,sustained_prepared,,17,,,,,verifier_accept_returned,,,,,,,,,244857
033-threads64,True,progress,,sustained_prepared,,17,,,,,prover_commit_returned,,,,,,,,,246445
033-threads64,True,phase,,sustained_prepared,prepared,17,,,,,,,,,,,246460,,,
033-threads64,True,progress,,sustained_prepared,,18,,,,,fresh_started,,,,,,,,,0
033-threads64,True,progress,,sustained_prepared,,18,,,,,drivers_started,,,,,,,,,387
033-threads64,True,progress,,sustained_prepared,,18,,,,,prover_commit_started,,,,,,,,,394
033-threads64,True,progress,,sustained_prepared,,18,,,,,verifier_commit_started,,,,,,,,,402
033-threads64,True,progress,,sustained_prepared,,18,,,,,verifier_commit_received,,,,,,,,,413
033-threads64,True,progress,,sustained_prepared,,18,,,,,verifier_accept_returned,,,,,,,,,250118
033-threads64,True,progress,,sustained_prepared,,18,,,,,prover_commit_returned,,,,,,,,,251596
033-threads64,True,phase,,sustained_prepared,prepared,18,,,,,,,,,,,251607,,,
033-threads64,True,phase,,sustained_prepared,verified,17,17,,,,,,,,,,246460,304656,118171,
033-threads64,True,job,,sustained_prepared,,,17,,,,,,,,,,,,,119982
033-threads64,True,phase,,sustained_prepared,verified,18,18,,,,,,,,,,251607,53443,121259,
033-threads64,True,job,,sustained_prepared,,,18,,,,,,,,,,,,,121402
033-threads64,True,block,,sustained_prepared,,,,8,,2,,,,,,,,,,672946
033-threads64,True,progress,,sustained_prepared,,19,,,,,fresh_started,,,,,,,,,0
033-threads64,True,progress,,sustained_prepared,,19,,,,,drivers_started,,,,,,,,,395
033-threads64,True,progress,,sustained_prepared,,19,,,,,prover_commit_started,,,,,,,,,403
033-threads64,True,progress,,sustained_prepared,,19,,,,,verifier_commit_started,,,,,,,,,411
033-threads64,True,progress,,sustained_prepared,,19,,,,,verifier_commit_received,,,,,,,,,434
033-threads64,True,progress,,sustained_prepared,,19,,,,,verifier_accept_returned,,,,,,,,,230505
033-threads64,True,progress,,sustained_prepared,,19,,,,,prover_commit_returned,,,,,,,,,231626
033-threads64,True,phase,,sustained_prepared,prepared,19,,,,,,,,,,,231641,,,
033-threads64,True,progress,,sustained_prepared,,20,,,,,fresh_started,,,,,,,,,0
033-threads64,True,progress,,sustained_prepared,,20,,,,,drivers_started,,,,,,,,,486
033-threads64,True,progress,,sustained_prepared,,20,,,,,prover_commit_started,,,,,,,,,509
033-threads64,True,progress,,sustained_prepared,,20,,,,,verifier_commit_started,,,,,,,,,521
033-threads64,True,progress,,sustained_prepared,,20,,,,,verifier_commit_received,,,,,,,,,544
033-threads64,True,progress,,sustained_prepared,,20,,,,,verifier_accept_returned,,,,,,,,,235496
033-threads64,True,progress,,sustained_prepared,,20,,,,,prover_commit_returned,,,,,,,,,237032
033-threads64,True,phase,,sustained_prepared,prepared,20,,,,,,,,,,,237052,,,
033-threads64,True,phase,,sustained_prepared,verified,19,19,,,,,,,,,,231641,287984,117637,
033-threads64,True,phase,,sustained_prepared,verified,20,20,,,,,,,,,,237052,51280,117367,
033-threads64,True,job,,sustained_prepared,,,19,,,,,,,,,,,,,117828
033-threads64,True,job,,sustained_prepared,,,20,,,,,,,,,,,,,117544
033-threads64,True,block,,sustained_prepared,,,,9,,2,,,,,,,,,,637541
033-threads64,True,progress,,sustained_cold,,19,,,,,fresh_started,,,,,,,,,0
033-threads64,True,progress,,sustained_cold,,19,,,,,drivers_started,,,,,,,,,454
033-threads64,True,progress,,sustained_cold,,19,,,,,prover_commit_started,,,,,,,,,470
033-threads64,True,progress,,sustained_cold,,19,,,,,verifier_commit_started,,,,,,,,,482
033-threads64,True,progress,,sustained_cold,,19,,,,,verifier_commit_received,,,,,,,,,491
033-threads64,True,progress,,sustained_cold,,20,,,,,fresh_started,,,,,,,,,0
033-threads64,True,progress,,sustained_cold,,20,,,,,drivers_started,,,,,,,,,275
033-threads64,True,progress,,sustained_cold,,20,,,,,prover_commit_started,,,,,,,,,284
033-threads64,True,progress,,sustained_cold,,20,,,,,verifier_commit_started,,,,,,,,,290
033-threads64,True,progress,,sustained_cold,,20,,,,,verifier_commit_received,,,,,,,,,300
033-threads64,True,progress,,sustained_cold,,19,,,,,verifier_accept_returned,,,,,,,,,260975
033-threads64,True,progress,,sustained_cold,,19,,,,,prover_commit_returned,,,,,,,,,262421
033-threads64,True,phase,,sustained_cold,prepared,19,,,,,,,,,,,262460,,,
033-threads64,True,progress,,sustained_cold,,20,,,,,verifier_accept_returned,,,,,,,,,280729
033-threads64,True,progress,,sustained_cold,,20,,,,,prover_commit_returned,,,,,,,,,280803
033-threads64,True,phase,,sustained_cold,prepared,20,,,,,,,,,,,280811,,,
033-threads64,True,phase,,sustained_cold,verified,19,19,,,,,,,,,,262460,1,124024,
033-threads64,True,job,,sustained_cold,,,19,,,,,,,,,,,,,386633
033-threads64,True,phase,,sustained_cold,verified,20,20,,,,,,,,,,280811,0,107921,
033-threads64,True,job,,sustained_cold,,,20,,,,,,,,,,,,,388892
033-threads64,True,block,,sustained_cold,,,,9,,2,,,,,,,,,,390278
033-threads64,True,progress,,sustained_cold,,21,,,,,fresh_started,,,,,,,,,0
033-threads64,True,progress,,sustained_cold,,21,,,,,drivers_started,,,,,,,,,418
033-threads64,True,progress,,sustained_cold,,21,,,,,prover_commit_started,,,,,,,,,424
033-threads64,True,progress,,sustained_cold,,21,,,,,verifier_commit_started,,,,,,,,,434
033-threads64,True,progress,,sustained_cold,,22,,,,,fresh_started,,,,,,,,,0
033-threads64,True,progress,,sustained_cold,,22,,,,,drivers_started,,,,,,,,,317
033-threads64,True,progress,,sustained_cold,,22,,,,,prover_commit_started,,,,,,,,,322
033-threads64,True,progress,,sustained_cold,,22,,,,,verifier_commit_started,,,,,,,,,326
033-threads64,True,progress,,sustained_cold,,22,,,,,verifier_commit_received,,,,,,,,,333
033-threads64,True,progress,,sustained_cold,,21,,,,,verifier_commit_received,,,,,,,,,3109
033-threads64,True,progress,,sustained_cold,,22,,,,,verifier_accept_returned,,,,,,,,,266077
033-threads64,True,progress,,sustained_cold,,22,,,,,prover_commit_returned,,,,,,,,,274662
033-threads64,True,phase,,sustained_cold,prepared,22,,,,,,,,,,,274677,,,
033-threads64,True,progress,,sustained_cold,,21,,,,,verifier_accept_returned,,,,,,,,,280048
033-threads64,True,progress,,sustained_cold,,21,,,,,prover_commit_returned,,,,,,,,,280080
033-threads64,True,phase,,sustained_cold,prepared,21,,,,,,,,,,,280087,,,
033-threads64,True,phase,,sustained_cold,verified,22,22,,,,,,,,,,274677,0,125248,
033-threads64,True,job,,sustained_cold,,,22,,,,,,,,,,,,,405710
033-threads64,True,phase,,sustained_cold,verified,21,21,,,,,,,,,,280087,0,129677,
033-threads64,True,job,,sustained_cold,,,21,,,,,,,,,,,,,409901
033-threads64,True,block,,sustained_cold,,,,10,,2,,,,,,,,,,409920
033-threads64,True,progress,,sustained_prepared,,21,,,,,fresh_started,,,,,,,,,0
033-threads64,True,progress,,sustained_prepared,,21,,,,,drivers_started,,,,,,,,,460
033-threads64,True,progress,,sustained_prepared,,21,,,,,prover_commit_started,,,,,,,,,489
033-threads64,True,progress,,sustained_prepared,,21,,,,,verifier_commit_started,,,,,,,,,504
033-threads64,True,progress,,sustained_prepared,,21,,,,,verifier_commit_received,,,,,,,,,531
033-threads64,True,progress,,sustained_prepared,,21,,,,,verifier_accept_returned,,,,,,,,,247713
033-threads64,True,progress,,sustained_prepared,,21,,,,,prover_commit_returned,,,,,,,,,249268
033-threads64,True,phase,,sustained_prepared,prepared,21,,,,,,,,,,,249295,,,
033-threads64,True,progress,,sustained_prepared,,22,,,,,fresh_started,,,,,,,,,0
033-threads64,True,progress,,sustained_prepared,,22,,,,,drivers_started,,,,,,,,,396
033-threads64,True,progress,,sustained_prepared,,22,,,,,prover_commit_started,,,,,,,,,407
033-threads64,True,progress,,sustained_prepared,,22,,,,,verifier_commit_started,,,,,,,,,417
033-threads64,True,progress,,sustained_prepared,,22,,,,,verifier_commit_received,,,,,,,,,437
033-threads64,True,progress,,sustained_prepared,,22,,,,,verifier_accept_returned,,,,,,,,,227405
033-threads64,True,progress,,sustained_prepared,,22,,,,,prover_commit_returned,,,,,,,,,229419
033-threads64,True,phase,,sustained_prepared,prepared,22,,,,,,,,,,,229442,,,
033-threads64,True,phase,,sustained_prepared,verified,22,22,,,,,,,,,,229442,53411,125298,
033-threads64,True,job,,sustained_prepared,,,22,,,,,,,,,,,,,125552
033-threads64,True,phase,,sustained_prepared,verified,21,21,,,,,,,,,,249295,282492,127650,
033-threads64,True,job,,sustained_prepared,,,21,,,,,,,,,,,,,127780
033-threads64,True,block,,sustained_prepared,,,,10,,2,,,,,,,,,,659602
033-threads64,True,progress,,sustained_prepared,,23,,,,,fresh_started,,,,,,,,,0
033-threads64,True,progress,,sustained_prepared,,23,,,,,drivers_started,,,,,,,,,356
033-threads64,True,progress,,sustained_prepared,,23,,,,,prover_commit_started,,,,,,,,,366
033-threads64,True,progress,,sustained_prepared,,23,,,,,verifier_commit_started,,,,,,,,,377
033-threads64,True,progress,,sustained_prepared,,23,,,,,verifier_commit_received,,,,,,,,,403
033-threads64,True,progress,,sustained_prepared,,23,,,,,verifier_accept_returned,,,,,,,,,236358
033-threads64,True,progress,,sustained_prepared,,23,,,,,prover_commit_returned,,,,,,,,,237800
033-threads64,True,phase,,sustained_prepared,prepared,23,,,,,,,,,,,237811,,,
033-threads64,True,progress,,sustained_prepared,,24,,,,,fresh_started,,,,,,,,,0
033-threads64,True,progress,,sustained_prepared,,24,,,,,drivers_started,,,,,,,,,405
033-threads64,True,progress,,sustained_prepared,,24,,,,,prover_commit_started,,,,,,,,,413
033-threads64,True,progress,,sustained_prepared,,24,,,,,verifier_commit_started,,,,,,,,,423
033-threads64,True,progress,,sustained_prepared,,24,,,,,verifier_commit_received,,,,,,,,,452
033-threads64,True,progress,,sustained_prepared,,24,,,,,verifier_accept_returned,,,,,,,,,243772
033-threads64,True,progress,,sustained_prepared,,24,,,,,prover_commit_returned,,,,,,,,,245695
033-threads64,True,phase,,sustained_prepared,prepared,24,,,,,,,,,,,245710,,,
033-threads64,True,phase,,sustained_prepared,verified,23,23,,,,,,,,,,237811,298764,123492,
033-threads64,True,job,,sustained_prepared,,,23,,,,,,,,,,,,,123746
033-threads64,True,phase,,sustained_prepared,verified,24,24,,,,,,,,,,245710,53427,124860,
033-threads64,True,job,,sustained_prepared,,,24,,,,,,,,,,,,,125009
033-threads64,True,block,,sustained_prepared,,,,11,,2,,,,,,,,,,661989
033-threads64,True,progress,,sustained_cold,,23,,,,,fresh_started,,,,,,,,,0
033-threads64,True,progress,,sustained_cold,,23,,,,,drivers_started,,,,,,,,,373
033-threads64,True,progress,,sustained_cold,,23,,,,,prover_commit_started,,,,,,,,,380
033-threads64,True,progress,,sustained_cold,,23,,,,,verifier_commit_started,,,,,,,,,391
033-threads64,True,progress,,sustained_cold,,24,,,,,fresh_started,,,,,,,,,0
033-threads64,True,progress,,sustained_cold,,24,,,,,drivers_started,,,,,,,,,306
033-threads64,True,progress,,sustained_cold,,24,,,,,prover_commit_started,,,,,,,,,311
033-threads64,True,progress,,sustained_cold,,24,,,,,verifier_commit_started,,,,,,,,,316
033-threads64,True,progress,,sustained_cold,,24,,,,,verifier_commit_received,,,,,,,,,324
033-threads64,True,progress,,sustained_cold,,23,,,,,verifier_commit_received,,,,,,,,,3135
033-threads64,True,progress,,sustained_cold,,23,,,,,verifier_accept_returned,,,,,,,,,278073
033-threads64,True,progress,,sustained_cold,,23,,,,,prover_commit_returned,,,,,,,,,281381
033-threads64,True,phase,,sustained_cold,prepared,23,,,,,,,,,,,281416,,,
033-threads64,True,progress,,sustained_cold,,24,,,,,verifier_accept_returned,,,,,,,,,285729
033-threads64,True,progress,,sustained_cold,,24,,,,,prover_commit_returned,,,,,,,,,288089
033-threads64,True,phase,,sustained_cold,prepared,24,,,,,,,,,,,288118,,,
033-threads64,True,phase,,sustained_cold,verified,23,23,,,,,,,,,,281416,0,125119,
033-threads64,True,job,,sustained_cold,,,23,,,,,,,,,,,,,406696
033-threads64,True,phase,,sustained_cold,verified,24,24,,,,,,,,,,288118,0,119128,
033-threads64,True,job,,sustained_cold,,,24,,,,,,,,,,,,,407396
033-threads64,True,block,,sustained_cold,,,,11,,2,,,,,,,,,,407819
033-threads64,True,progress,,sustained_cold,,25,,,,,fresh_started,,,,,,,,,0
033-threads64,True,progress,,sustained_cold,,25,,,,,drivers_started,,,,,,,,,369
033-threads64,True,progress,,sustained_cold,,25,,,,,prover_commit_started,,,,,,,,,376
033-threads64,True,progress,,sustained_cold,,25,,,,,verifier_commit_started,,,,,,,,,384
033-threads64,True,progress,,sustained_cold,,26,,,,,fresh_started,,,,,,,,,0
033-threads64,True,progress,,sustained_cold,,26,,,,,drivers_started,,,,,,,,,313
033-threads64,True,progress,,sustained_cold,,26,,,,,prover_commit_started,,,,,,,,,319
033-threads64,True,progress,,sustained_cold,,26,,,,,verifier_commit_started,,,,,,,,,325
033-threads64,True,progress,,sustained_cold,,26,,,,,verifier_commit_received,,,,,,,,,331
033-threads64,True,progress,,sustained_cold,,25,,,,,verifier_commit_received,,,,,,,,,3129
033-threads64,True,progress,,sustained_cold,,26,,,,,verifier_accept_returned,,,,,,,,,259064
033-threads64,True,progress,,sustained_cold,,26,,,,,prover_commit_returned,,,,,,,,,260030
033-threads64,True,phase,,sustained_cold,prepared,26,,,,,,,,,,,260045,,,
033-threads64,True,progress,,sustained_cold,,25,,,,,verifier_accept_returned,,,,,,,,,265183
033-threads64,True,progress,,sustained_cold,,25,,,,,prover_commit_returned,,,,,,,,,265209
033-threads64,True,phase,,sustained_cold,prepared,25,,,,,,,,,,,265215,,,
033-threads64,True,phase,,sustained_cold,verified,25,25,,,,,,,,,,265215,0,117365,
033-threads64,True,job,,sustained_cold,,,25,,,,,,,,,,,,,382739
033-threads64,True,phase,,sustained_cold,verified,26,26,,,,,,,,,,260045,0,123479,
033-threads64,True,job,,sustained_cold,,,26,,,,,,,,,,,,,383684
033-threads64,True,block,,sustained_cold,,,,12,,2,,,,,,,,,,384094
033-threads64,True,progress,,sustained_prepared,,25,,,,,fresh_started,,,,,,,,,0
033-threads64,True,progress,,sustained_prepared,,25,,,,,drivers_started,,,,,,,,,386
033-threads64,True,progress,,sustained_prepared,,25,,,,,prover_commit_started,,,,,,,,,393
033-threads64,True,progress,,sustained_prepared,,25,,,,,verifier_commit_started,,,,,,,,,405
033-threads64,True,progress,,sustained_prepared,,25,,,,,verifier_commit_received,,,,,,,,,429
033-threads64,True,progress,,sustained_prepared,,25,,,,,verifier_accept_returned,,,,,,,,,236128
033-threads64,True,progress,,sustained_prepared,,25,,,,,prover_commit_returned,,,,,,,,,237743
033-threads64,True,phase,,sustained_prepared,prepared,25,,,,,,,,,,,237770,,,
033-threads64,True,progress,,sustained_prepared,,26,,,,,fresh_started,,,,,,,,,0
033-threads64,True,progress,,sustained_prepared,,26,,,,,drivers_started,,,,,,,,,375
033-threads64,True,progress,,sustained_prepared,,26,,,,,prover_commit_started,,,,,,,,,384
033-threads64,True,progress,,sustained_prepared,,26,,,,,verifier_commit_started,,,,,,,,,393
033-threads64,True,progress,,sustained_prepared,,26,,,,,verifier_commit_received,,,,,,,,,423
033-threads64,True,progress,,sustained_prepared,,26,,,,,verifier_accept_returned,,,,,,,,,234440
033-threads64,True,progress,,sustained_prepared,,26,,,,,prover_commit_returned,,,,,,,,,236341
033-threads64,True,phase,,sustained_prepared,prepared,26,,,,,,,,,,,236353,,,
033-threads64,True,phase,,sustained_prepared,verified,25,25,,,,,,,,,,237770,289441,121672,
033-threads64,True,job,,sustained_prepared,,,25,,,,,,,,,,,,,121940
033-threads64,True,phase,,sustained_prepared,verified,26,26,,,,,,,,,,236353,53450,122863,
033-threads64,True,job,,sustained_prepared,,,26,,,,,,,,,,,,,123042
033-threads64,True,block,,sustained_prepared,,,,12,,2,,,,,,,,,,650655
033-threads64,True,progress,,sustained_prepared,,27,,,,,fresh_started,,,,,,,,,0
033-threads64,True,progress,,sustained_prepared,,27,,,,,drivers_started,,,,,,,,,388
033-threads64,True,progress,,sustained_prepared,,27,,,,,prover_commit_started,,,,,,,,,398
033-threads64,True,progress,,sustained_prepared,,27,,,,,verifier_commit_started,,,,,,,,,406
033-threads64,True,progress,,sustained_prepared,,27,,,,,verifier_commit_received,,,,,,,,,431
033-threads64,True,progress,,sustained_prepared,,27,,,,,verifier_accept_returned,,,,,,,,,231180
033-threads64,True,progress,,sustained_prepared,,27,,,,,prover_commit_returned,,,,,,,,,232808
033-threads64,True,phase,,sustained_prepared,prepared,27,,,,,,,,,,,232835,,,
033-threads64,True,progress,,sustained_prepared,,28,,,,,fresh_started,,,,,,,,,0
033-threads64,True,progress,,sustained_prepared,,28,,,,,drivers_started,,,,,,,,,412
033-threads64,True,progress,,sustained_prepared,,28,,,,,prover_commit_started,,,,,,,,,422
033-threads64,True,progress,,sustained_prepared,,28,,,,,verifier_commit_started,,,,,,,,,430
033-threads64,True,progress,,sustained_prepared,,28,,,,,verifier_commit_received,,,,,,,,,458
033-threads64,True,progress,,sustained_prepared,,28,,,,,verifier_accept_returned,,,,,,,,,213352
033-threads64,True,progress,,sustained_prepared,,28,,,,,prover_commit_returned,,,,,,,,,214709
033-threads64,True,phase,,sustained_prepared,prepared,28,,,,,,,,,,,214726,,,
033-threads64,True,phase,,sustained_prepared,verified,27,27,,,,,,,,,,232835,266101,120377,
033-threads64,True,job,,sustained_prepared,,,27,,,,,,,,,,,,,120593
033-threads64,True,phase,,sustained_prepared,verified,28,28,,,,,,,,,,214726,51738,123547,
033-threads64,True,job,,sustained_prepared,,,28,,,,,,,,,,,,,123684
033-threads64,True,block,,sustained_prepared,,,,13,,2,,,,,,,,,,623020
033-threads64,True,progress,,sustained_cold,,27,,,,,fresh_started,,,,,,,,,0
033-threads64,True,progress,,sustained_cold,,27,,,,,drivers_started,,,,,,,,,370
033-threads64,True,progress,,sustained_cold,,27,,,,,prover_commit_started,,,,,,,,,387
033-threads64,True,progress,,sustained_cold,,27,,,,,verifier_commit_started,,,,,,,,,399
033-threads64,True,progress,,sustained_cold,,28,,,,,fresh_started,,,,,,,,,0
033-threads64,True,progress,,sustained_cold,,28,,,,,drivers_started,,,,,,,,,323
033-threads64,True,progress,,sustained_cold,,28,,,,,prover_commit_started,,,,,,,,,328
033-threads64,True,progress,,sustained_cold,,28,,,,,verifier_commit_started,,,,,,,,,334
033-threads64,True,progress,,sustained_cold,,28,,,,,verifier_commit_received,,,,,,,,,341
033-threads64,True,progress,,sustained_cold,,27,,,,,verifier_commit_received,,,,,,,,,3062
033-threads64,True,progress,,sustained_cold,,27,,,,,verifier_accept_returned,,,,,,,,,275954
033-threads64,True,progress,,sustained_cold,,27,,,,,prover_commit_returned,,,,,,,,,276756
033-threads64,True,phase,,sustained_cold,prepared,27,,,,,,,,,,,276776,,,
033-threads64,True,progress,,sustained_cold,,28,,,,,prover_commit_returned,,,,,,,,,283780
033-threads64,True,progress,,sustained_cold,,28,,,,,verifier_accept_returned,,,,,,,,,283794
033-threads64,True,phase,,sustained_cold,prepared,28,,,,,,,,,,,283799,,,
033-threads64,True,phase,,sustained_cold,verified,27,27,,,,,,,,,,276776,0,119738,
033-threads64,True,job,,sustained_cold,,,27,,,,,,,,,,,,,396710
033-threads64,True,phase,,sustained_cold,verified,28,28,,,,,,,,,,283799,0,115341,
033-threads64,True,job,,sustained_cold,,,28,,,,,,,,,,,,,399292
033-threads64,True,block,,sustained_cold,,,,13,,2,,,,,,,,,,399719
033-threads64,True,progress,,sustained_cold,,29,,,,,fresh_started,,,,,,,,,0
033-threads64,True,progress,,sustained_cold,,29,,,,,drivers_started,,,,,,,,,388
033-threads64,True,progress,,sustained_cold,,29,,,,,prover_commit_started,,,,,,,,,395
033-threads64,True,progress,,sustained_cold,,29,,,,,verifier_commit_started,,,,,,,,,404
033-threads64,True,progress,,sustained_cold,,30,,,,,fresh_started,,,,,,,,,0
033-threads64,True,progress,,sustained_cold,,30,,,,,drivers_started,,,,,,,,,348
033-threads64,True,progress,,sustained_cold,,30,,,,,prover_commit_started,,,,,,,,,353
033-threads64,True,progress,,sustained_cold,,30,,,,,verifier_commit_started,,,,,,,,,359
033-threads64,True,progress,,sustained_cold,,30,,,,,verifier_commit_received,,,,,,,,,365
033-threads64,True,progress,,sustained_cold,,29,,,,,verifier_commit_received,,,,,,,,,3197
033-threads64,True,progress,,sustained_cold,,29,,,,,verifier_accept_returned,,,,,,,,,268996
033-threads64,True,progress,,sustained_cold,,29,,,,,prover_commit_returned,,,,,,,,,270031
033-threads64,True,phase,,sustained_cold,prepared,29,,,,,,,,,,,270045,,,
033-threads64,True,progress,,sustained_cold,,30,,,,,prover_commit_returned,,,,,,,,,279919
033-threads64,True,progress,,sustained_cold,,30,,,,,verifier_accept_returned,,,,,,,,,279949
033-threads64,True,phase,,sustained_cold,prepared,30,,,,,,,,,,,279955,,,
033-threads64,True,phase,,sustained_cold,verified,30,30,,,,,,,,,,279955,0,114685,
033-threads64,True,job,,sustained_cold,,,30,,,,,,,,,,,,,394761
033-threads64,True,phase,,sustained_cold,verified,29,29,,,,,,,,,,270045,0,126282,
033-threads64,True,job,,sustained_cold,,,29,,,,,,,,,,,,,396458
033-threads64,True,block,,sustained_cold,,,,14,,2,,,,,,,,,,396482
033-threads64,True,progress,,sustained_prepared,,29,,,,,fresh_started,,,,,,,,,0
033-threads64,True,progress,,sustained_prepared,,29,,,,,drivers_started,,,,,,,,,380
033-threads64,True,progress,,sustained_prepared,,29,,,,,prover_commit_started,,,,,,,,,387
033-threads64,True,progress,,sustained_prepared,,29,,,,,verifier_commit_started,,,,,,,,,397
033-threads64,True,progress,,sustained_prepared,,29,,,,,verifier_commit_received,,,,,,,,,424
033-threads64,True,progress,,sustained_prepared,,29,,,,,verifier_accept_returned,,,,,,,,,229893
033-threads64,True,progress,,sustained_prepared,,29,,,,,prover_commit_returned,,,,,,,,,231122
033-threads64,True,phase,,sustained_prepared,prepared,29,,,,,,,,,,,231148,,,
033-threads64,True,progress,,sustained_prepared,,30,,,,,fresh_started,,,,,,,,,0
033-threads64,True,progress,,sustained_prepared,,30,,,,,drivers_started,,,,,,,,,412
033-threads64,True,progress,,sustained_prepared,,30,,,,,prover_commit_started,,,,,,,,,422
033-threads64,True,progress,,sustained_prepared,,30,,,,,verifier_commit_started,,,,,,,,,432
033-threads64,True,progress,,sustained_prepared,,30,,,,,verifier_commit_received,,,,,,,,,454
033-threads64,True,progress,,sustained_prepared,,30,,,,,verifier_accept_returned,,,,,,,,,239315
033-threads64,True,progress,,sustained_prepared,,30,,,,,prover_commit_returned,,,,,,,,,241136
033-threads64,True,phase,,sustained_prepared,prepared,30,,,,,,,,,,,241170,,,
033-threads64,True,phase,,sustained_prepared,verified,30,30,,,,,,,,,,241170,53223,123291,
033-threads64,True,job,,sustained_prepared,,,30,,,,,,,,,,,,,123464
033-threads64,True,phase,,sustained_prepared,verified,29,29,,,,,,,,,,231148,294018,125063,
033-threads64,True,job,,sustained_prepared,,,29,,,,,,,,,,,,,125185
033-threads64,True,block,,sustained_prepared,,,,14,,2,,,,,,,,,,650371
033-threads64,True,campaign,serial,,,,,,,60,,,,,,,,,,15718610
